Mean,Std,Variance,SNR,Entropy,Sharpness,LaplacianVariance,GradientMagnitude,GLCMContrast,GLCMCorrelation,GLCMEnergy,GLCMHomogeneity,MRI_ID,Artifact,Level
0.0785005316138267,0.1392591595649719,0.0206024665385484,0.5373092889785767,2.445104122161865,0.1438530534505844,0.0111712664365768,0.1438530534505844,156.76319221047797,0.922324120805172,0.6159751531903379,0.65602038496823,OAS1_0001_MR1_mpr-1_anon,original,none
0.1013788133859634,0.1651655733585357,0.0287691205739974,0.5889424681663513,2.5898733139038086,0.1084605306386947,0.0006865303730592,0.1084605306386947,43.82370342179841,0.9857463163895984,0.594493485656959,0.7105524210137918,OAS1_0001_MR1_mpr-1_anon,blur,low
0.1207648441195488,0.182406798005104,0.0349997282028198,0.6343169212341309,2.748631477355957,0.081870324909687,0.0001003606012091,0.081870324909687,17.698578000536152,0.9959763478029092,0.5740598256285228,0.7127908257567858,OAS1_0001_MR1_mpr-1_anon,blur,medium
0.1486315429210662,0.2093687951564788,0.0461118593811988,0.6806153059005737,2.968810558319092,0.066300481557846,1.8078339053317904e-05,0.066300481557846,9.155019483379288,0.99858119167606,0.5410947926694589,0.6997568876023927,OAS1_0001_MR1_mpr-1_anon,blur,high
0.0801201909780502,0.1384364068508148,0.0203697942197322,0.5584105253219604,2.716426134109497,0.1472593396902084,0.0111909639090299,0.1472593396902084,156.93326583563115,0.921654900694959,0.4536730732849293,0.5732024677717044,OAS1_0001_MR1_mpr-1_anon,noise,low
0.0817492827773094,0.1376412361860275,0.0201402381062507,0.579851508140564,3.091404914855957,0.150773137807846,0.0113144563511013,0.150773137807846,157.63711751302085,0.919730154862509,0.2342910565050548,0.438032038957399,OAS1_0001_MR1_mpr-1_anon,noise,medium
0.0850154608488082,0.136077418923378,0.0196821615099906,0.6228479146957397,3.430013656616211,0.158052772283554,0.0118563864380121,0.158052772283554,160.68452016793046,0.9140392117752708,0.128203226272437,0.3149685839253983,OAS1_0001_MR1_mpr-1_anon,noise,high
0.0783839747309684,0.1391543447971344,0.0205666422843933,0.5372321009635925,2.4443564414978027,0.1440020650625229,0.0112031055614352,0.1440020650625229,156.6680245193781,0.9221988938592948,0.6159742135844624,0.6558731602594328,OAS1_0001_MR1_mpr-1_anon,original,none
0.0781177207827568,0.1388172954320907,0.0204617287963628,0.5370411276817322,2.442934513092041,0.1438564360141754,0.0111928507685661,0.1438564360141754,155.99003810508583,0.9220952903230256,0.6159738037647684,0.6558131026074339,OAS1_0001_MR1_mpr-1_anon,original,none
0.0775588750839233,0.1380738168954849,0.0202348958700895,0.5365791320800781,2.4402546882629395,0.1433104425668716,0.011132407002151,0.1433104425668716,154.39368154488358,0.9219576923099668,0.615973532182006,0.6558756803881998,OAS1_0001_MR1_mpr-1_anon,original,none
0.4410736560821533,0.0856772437691688,0.007397259119898,5.174906253814697,2.931354522705078,0.1049917489290237,0.0040989592671394,0.1049917489290237,59.08141635071998,0.937540327486796,0.506775490470174,0.6029275466113051,OAS1_0001_MR1_mpr-1_anon,motion,low
0.4558650255203247,0.0802449211478233,0.0064587532542645,5.699200630187988,2.8557024002075195,0.1005399376153945,0.003571649082005,0.1005399376153945,53.358557128906256,0.936392456573968,0.515412114670415,0.6117938478430649,OAS1_0001_MR1_mpr-1_anon,motion,medium
0.4713636040687561,0.0781657174229621,0.0061471355147659,6.077363014221191,2.829823732376098,0.106103166937828,0.0033964936155825,0.106103166937828,55.09671678730086,0.9306381054083348,0.5159529756275406,0.6059131645434667,OAS1_0001_MR1_mpr-1_anon,motion,high
0.077699139714241,0.138319656252861,0.0203226134181022,0.5353928208351135,2.433926582336426,0.1432452052831649,0.011038389056921,0.1432452052831649,154.07347675398285,0.9223064489527862,0.6179778928564404,0.6575187099218985,OAS1_0001_MR1_mpr-2_anon,original,none
0.1003930643200874,0.1641109138727188,0.0284252818673849,0.5870969295501709,2.5802855491638184,0.1076630651950836,0.0006832926301285,0.1076630651950836,43.2606871361826,0.9856541101610614,0.5966609329692107,0.7114159136844262,OAS1_0001_MR1_mpr-2_anon,blur,low
0.11990737169981,0.1817685067653656,0.0347176119685173,0.6322616934776306,2.7376527786254883,0.0811977684497833,9.947229409590364e-05,0.0811977684497833,17.55996213426777,0.9960039185083468,0.5763971538620215,0.7136189788537153,OAS1_0001_MR1_mpr-2_anon,blur,medium
0.1483947187662124,0.2097835540771484,0.0462918728590011,0.6777920722961426,2.9575469493865967,0.0660025477409362,1.7927744920598343e-05,0.0660025477409362,9.194646857766545,0.9985849555423724,0.5436150004552505,0.7005234797197795,OAS1_0001_MR1_mpr-2_anon,blur,high
0.0793043226003646,0.137523740530014,0.0200970824807882,0.5564684867858887,2.699277877807617,0.1466267555952072,0.0110607799142599,0.1466267555952072,154.29327201095282,0.9216440643077995,0.4596556331518642,0.57702271268392,OAS1_0001_MR1_mpr-2_anon,noise,low
0.0809205994009971,0.1367504596710205,0.0198790412396192,0.5779099464416504,3.0766234397888184,0.1501034796237945,0.0111801149323582,0.1501034796237945,154.9758670582491,0.9196890311097928,0.2367835222228643,0.4405930032977481,OAS1_0001_MR1_mpr-2_anon,noise,medium
0.0840727388858795,0.1350965797901153,0.0194055661559104,0.6208199262619019,3.4161646366119385,0.1571297645568847,0.01168227288872,0.1571297645568847,157.62920639935663,0.9140486446869144,0.1299768040921118,0.3175778886754223,OAS1_0001_MR1_mpr-2_anon,noise,high
0.0775885432958602,0.1382238566875457,0.0202923119068145,0.535325825214386,2.433253765106201,0.143396645784378,0.0110730212181806,0.143396645784378,154.0162214690564,0.9221603149859297,0.6179769260284946,0.6573584157078736,OAS1_0001_MR1_mpr-2_anon,original,none
0.077404111623764,0.138023555278778,0.0202317535877227,0.5351448059082031,2.4322705268859863,0.1433966904878616,0.011088278144598,0.1433966904878616,153.68618882123164,0.9220462361950236,0.6179760581731326,0.6572875637108485,OAS1_0001_MR1_mpr-2_anon,original,none
0.0769140645861625,0.1374050378799438,0.0200444422662258,0.5346972942352295,2.430014133453369,0.1429717540740966,0.0110494755208492,0.1429717540740966,152.3840011297488,0.9218869395703712,0.6179752070143711,0.6572985341559503,OAS1_0001_MR1_mpr-2_anon,original,none
0.439211905002594,0.0850112363696098,0.0072818202897906,5.195843696594238,2.9085593223571777,0.1043019145727157,0.004058988764882,0.1043019145727157,58.18413253484988,0.9374672082257016,0.5113747293580364,0.6058433205120757,OAS1_0001_MR1_mpr-2_anon,motion,low
0.4569797217845917,0.0799663737416267,0.0064127687364816,5.735060691833496,2.8387372493743896,0.1002470701932907,0.0035768777597695,0.1002470701932907,53.1109068627451,0.9363643964825736,0.5187115381367211,0.614288564108052,OAS1_0001_MR1_mpr-2_anon,motion,medium
0.4709558486938476,0.0774795711040496,0.0060376292094588,6.129149436950684,2.8044626712799072,0.1052683293819427,0.0033627247903496,0.1052683293819427,54.19751000497856,0.9306207491016404,0.5215511075190081,0.6091930111694048,OAS1_0001_MR1_mpr-2_anon,motion,high
0.0778171345591545,0.1389774084091186,0.0205534882843494,0.53370201587677,2.432512760162353,0.1429805755615234,0.0111722918227314,0.1429805755615234,155.0441995059743,0.922143579943836,0.6184805999168843,0.6581815207624475,OAS1_0001_MR1_mpr-3_anon,original,none
0.099659651517868,0.1633562594652176,0.0282206758856773,0.5851972699165344,2.572432041168213,0.1067796945571899,0.0006697281496599,0.1067796945571899,42.60517793543199,0.985622295483001,0.5972335596811575,0.7127383150353476,OAS1_0001_MR1_mpr-3_anon,blur,low
0.1195959001779556,0.1817615777254104,0.0347682610154151,0.630278468132019,2.734279155731201,0.0812911987304687,9.975281864171848e-05,0.0812911987304687,17.611332194010416,0.9959864910814112,0.5768761518925491,0.7142867134720579,OAS1_0001_MR1_mpr-3_anon,blur,medium
0.1478484570980072,0.2096044719219207,0.0462715066969394,0.6758776903152466,2.9555039405822754,0.0660231336951255,1.805428291845601e-05,0.0660231336951255,9.18594611672794,0.9985862435108446,0.5440705776944473,0.7010765647943904,OAS1_0001_MR1_mpr-3_anon,blur,high
0.0794089138507843,0.1381741166114807,0.0203264541923999,0.5546538829803467,2.6963462829589844,0.1463328599929809,0.0111913112923502,0.1463328599929809,155.20230353860293,0.9215032652169874,0.4608407719090134,0.5782050479010088,OAS1_0001_MR1_mpr-3_anon,noise,low
0.0810136497020721,0.1373702734708786,0.0200961623340845,0.5760348439216614,3.074120044708252,0.1498003005981445,0.0113096432760357,0.1498003005981445,155.8959726371017,0.9196145933673469,0.2373744094187715,0.4414111370476094,OAS1_0001_MR1_mpr-3_anon,noise,medium
0.0841990336775779,0.1357700526714325,0.0196259878575801,0.6187291145324707,3.4147253036499023,0.1569299697875976,0.0118272025138139,0.1569299697875976,158.71311059091607,0.913995472855347,0.1300677691804783,0.3180338455858912,OAS1_0001_MR1_mpr-3_anon,noise,high
0.0776152461767196,0.1387351155281067,0.020475959405303,0.5336575508117676,2.431455612182617,0.1429695188999176,0.0111804911866784,0.1429695188999176,154.58820752910543,0.9220075450805996,0.6184798298366803,0.6580807683856786,OAS1_0001_MR1_mpr-3_anon,original,none
0.0773582011461258,0.1384139955043792,0.0203765220940113,0.533498227596283,2.4301233291625977,0.1428407132625579,0.0111740007996559,0.1428407132625579,153.95879265280334,0.9218844274126452,0.6184793888734846,0.6580084804310358,OAS1_0001_MR1_mpr-3_anon,original,none
0.0768900066614151,0.1378079950809478,0.0201927814632654,0.5330816507339478,2.42791485786438,0.142465204000473,0.0111417565494775,0.142465204000473,152.75192871093753,0.9217290176637134,0.6184788431604213,0.6580038712108944,OAS1_0001_MR1_mpr-3_anon,original,none
0.4401822090148926,0.0853069573640823,0.007332919165492,5.189874649047852,2.908015727996826,0.1043011173605918,0.0041051665320992,0.1043011173605918,58.475168265548405,0.9375493855528448,0.5115974675137162,0.6061535917527997,OAS1_0001_MR1_mpr-3_anon,motion,low
0.4561754465103149,0.0800937861204147,0.0064318142831325,5.714735984802246,2.8318331241607666,0.1000529751181602,0.0036041652783751,0.1000529751181602,53.22085152420344,0.9364750484402506,0.520655725158046,0.6154423709909775,OAS1_0001_MR1_mpr-3_anon,motion,medium
0.4719551801681518,0.0773989185690879,0.0060210460796952,6.139229774475098,2.8098859786987305,0.1048350185155868,0.0033636814914643,0.1048350185155868,53.9134791953891,0.9307677177927968,0.5195924592260107,0.6089909105640533,OAS1_0001_MR1_mpr-3_anon,motion,high
0.0777795761823654,0.1385868191719055,0.0204110126942396,0.5353579521179199,2.432011365890503,0.1424059867858886,0.0111209768801927,0.1424059867858886,153.91385713465073,0.922100646419494,0.618434018868489,0.658140138113365,OAS1_0001_MR1_mpr-4_anon,original,none
0.1002065613865852,0.1639983505010604,0.0283511094748973,0.5869127511978149,2.5757646560668945,0.1069018989801406,0.0006733391201123,0.1069018989801406,42.57192717907476,0.9857130992549206,0.5970252583245725,0.7120755667104633,OAS1_0001_MR1_mpr-4_anon,blur,low
0.1196138188242912,0.1815612912178039,0.0346164740622043,0.6317768692970276,2.7343673706054688,0.0808296725153923,9.845837485045196e-05,0.0808296725153923,17.322044462316175,0.996026138841656,0.5767107474305164,0.7139812108155126,OAS1_0001_MR1_mpr-4_anon,blur,medium
0.1479212045669555,0.2094037234783172,0.0461281649768352,0.6772545576095581,2.955247163772583,0.0658019408583641,1.782976141839754e-05,0.0658019408583641,9.09229425168505,0.9985944088703406,0.5438674253634936,0.701003147274945,OAS1_0001_MR1_mpr-4_anon,blur,high
0.0794093012809753,0.1378041505813598,0.0201911088079214,0.5565439462661743,2.699678897857666,0.1458270847797393,0.0111455740407109,0.1458270847797393,154.1592307894838,0.921444063122392,0.458908077831121,0.5768595974695696,OAS1_0001_MR1_mpr-4_anon,noise,low
0.0810117721557617,0.1369782388210296,0.0199556201696395,0.5779335498809814,3.0762972831726074,0.1493158340454101,0.0112667912617325,0.1493158340454101,154.84632305070463,0.9195067630710676,0.2366934680396867,0.4406445903657645,OAS1_0001_MR1_mpr-4_anon,noise,medium
0.0843385457992553,0.1355492770671844,0.0195383429527282,0.6212115287780762,3.418251037597656,0.1566785275936126,0.0118104768916964,0.1566785275936126,158.03160388422947,0.913892052224523,0.1296044616306584,0.3170636033794375,OAS1_0001_MR1_mpr-4_anon,noise,high
0.0776227489113807,0.1384146064519882,0.0203558150678873,0.5352875590324402,2.431052923202514,0.1424779295921325,0.0111425230279564,0.1424779295921325,153.67551796109072,0.9219591293144788,0.6184331349795988,0.6580249128469211,OAS1_0001_MR1_mpr-4_anon,original,none
0.0773743093013763,0.1381008028984069,0.0202597826719284,0.5351032018661499,2.42966890335083,0.1423624455928802,0.0111387036740779,0.1423624455928802,153.09890806908703,0.9218441932801178,0.6184327255452481,0.6579302761673783,OAS1_0001_MR1_mpr-4_anon,original,none
0.0768586322665214,0.1374097764492035,0.020049488171935,0.5346506834030151,2.4271368980407715,0.1419001519680023,0.0110929682850837,0.1419001519680023,151.72344037224266,0.9216923118566462,0.6184322358480204,0.657955329431227,OAS1_0001_MR1_mpr-4_anon,original,none
0.4385469555854797,0.0853938683867454,0.0073447376489639,5.161467552185059,2.933236837387085,0.1044628769159317,0.0041027767583727,0.1044628769159317,58.34408748851103,0.9379012883156136,0.5060028100654468,0.6027766727512794,OAS1_0001_MR1_mpr-4_anon,motion,low
0.4565893113613128,0.080291524529457,0.0064677353948354,5.711205005645752,2.853258848190308,0.1003780141472816,0.0036148843355476,0.1003780141472816,53.26288966758579,0.9366561701794256,0.5157967428490428,0.6123566863990005,OAS1_0001_MR1_mpr-4_anon,motion,medium
0.4714033603668213,0.0776962786912918,0.0060686143115162,6.112002849578857,2.827800989151001,0.1053042486310005,0.0033888835459947,0.1053042486310005,54.20873616536458,0.9309781295327868,0.5158037881037321,0.6065400539060335,OAS1_0001_MR1_mpr-4_anon,motion,high
0.0754980593919754,0.143874391913414,0.0220026411116123,0.4948524236679077,2.1694998741149902,0.135384052991867,0.0106787560507655,0.135384052991867,141.9640225279565,0.9338674730215302,0.6735931952105823,0.7075519401206658,OAS1_0002_MR1_mpr-1_anon,original,none
0.0976588204503059,0.1729681491851806,0.0314226895570755,0.5386571884155273,2.333048820495605,0.1094013825058937,0.0006300889654085,0.1094013825058937,42.58809144263174,0.988095513598747,0.6537326209007592,0.7400983087298216,OAS1_0002_MR1_mpr-1_anon,blur,low
0.1117411479353904,0.1858332306146621,0.0356449037790298,0.5810723304748535,2.467090368270874,0.0811761543154716,9.877308912109584e-05,0.0811761543154716,17.39934560738358,0.996169389373331,0.633952651571997,0.7380760068570404,OAS1_0002_MR1_mpr-1_anon,blur,medium
0.1356847286224365,0.2105871737003326,0.0454865768551826,0.6265024542808533,2.664058208465576,0.0642822459340095,1.7019341612467542e-05,0.0642822459340095,8.636457615272672,0.9985745571532728,0.6013852137147855,0.7252009326875521,OAS1_0002_MR1_mpr-1_anon,blur,high
0.0775827467441558,0.1430258601903915,0.0217646248638629,0.5225930213928223,2.4860668182373047,0.1397855281829834,0.0107111148536205,0.1397855281829834,142.10876979453892,0.932449276313892,0.5002329694453663,0.6127868795195057,OAS1_0002_MR1_mpr-1_anon,noise,low
0.0796698629856109,0.1422396153211593,0.0215354673564434,0.5505133271217346,2.904456853866577,0.1442665159702301,0.0109232068061828,0.1442665159702301,143.2942466586244,0.9289347292681622,0.2558592543074103,0.4637540021004995,OAS1_0002_MR1_mpr-1_anon,noise,medium
0.0838117599487304,0.1407935917377472,0.0210779886692762,0.6031383275985718,3.286819696426392,0.1533953696489334,0.011883738450706,0.1533953696489334,148.89101682176778,0.9190388377803116,0.1408823577077099,0.333375456283342,OAS1_0002_MR1_mpr-1_anon,noise,high
0.0751994997262954,0.1434352695941925,0.0218790881335735,0.4939058423042297,2.1684556007385254,0.1352470815181732,0.010652451775968,0.1352470815181732,141.67248104319856,0.9338008225454496,0.6735923846801609,0.7075419861952383,OAS1_0002_MR1_mpr-1_anon,original,none
0.0744048431515693,0.1422000527381897,0.0214997678995132,0.4928581416606903,2.165458917617798,0.1342222094535827,0.0104995630681514,0.1342222094535827,139.62294323491116,0.9337462853548756,0.6735926085359445,0.7077803330921062,OAS1_0002_MR1_mpr-1_anon,original,none
0.072369746863842,0.1390268802642822,0.0205174479633569,0.4911456108093261,2.157522678375244,0.1311509311199188,0.0100520672276616,0.1311509311199188,133.50969525505516,0.9336707712733134,0.6735941389771316,0.7084901944104185,OAS1_0002_MR1_mpr-1_anon,original,none
0.4394461512565613,0.0864443928003311,0.0075913229957222,5.0961689949035645,2.706758499145508,0.0990152060985565,0.0036714556626975,0.0990152060985565,50.26856833065257,0.9474946589396696,0.5597284597570595,0.6474300564936246,OAS1_0002_MR1_mpr-1_anon,motion,low
0.4863724708557129,0.0839126780629158,0.0072027640417218,5.865474700927734,2.675309181213379,0.0982241928577423,0.0033898036926984,0.0982241928577423,48.985872635186894,0.9460592635766746,0.5595729738329406,0.6462251908434098,OAS1_0002_MR1_mpr-1_anon,motion,medium
0.4806789457798004,0.0813783109188079,0.0067445174790918,5.947901248931885,2.6534736156463623,0.1037153601646423,0.0032030283473432,0.1037153601646423,51.1908385033701,0.940387112329052,0.5608338884330013,0.6402689294810326,OAS1_0002_MR1_mpr-1_anon,motion,high
0.0756966918706893,0.1434275358915329,0.0219322517514228,0.4969350695610046,2.176921129226685,0.1344714760780334,0.0101149380207061,0.1344714760780334,137.4851225011489,0.9362176690525056,0.6722741302349373,0.7063002095293549,OAS1_0002_MR1_mpr-2_anon,original,none
0.0989746153354644,0.1740368604660034,0.0320955067873001,0.5397055149078369,2.340269088745117,0.1094675213098526,0.0006199797498993,0.1094675213098526,42.183480057061885,0.98818713822329,0.6526317062368807,0.7393935784924294,OAS1_0002_MR1_mpr-2_anon,blur,low
0.1122028455138206,0.1857514530420303,0.0358137711882591,0.5823526382446289,2.473144054412842,0.0809609815478324,9.610586857888848e-05,0.0809609815478324,17.142104923023897,0.996131323038157,0.6327466561786452,0.7375627036029092,OAS1_0002_MR1_mpr-2_anon,blur,medium
0.1365368366241455,0.2112109959125518,0.0458192154765129,0.6280018091201782,2.671736717224121,0.0645083934068679,1.7054257114068605e-05,0.0645083934068679,8.636028933057599,0.9985810834147296,0.6002039515684957,0.7244253413588408,OAS1_0002_MR1_mpr-2_anon,blur,high
0.0775994211435318,0.1426243484020233,0.0217039994895458,0.5223715305328369,2.478167772293091,0.1385214030742645,0.0101472958922386,0.1385214030742645,137.73333105947458,0.9350730081367128,0.5005934033027759,0.6156753819458872,OAS1_0002_MR1_mpr-2_anon,noise,low
0.0794881805777549,0.1418175548315048,0.021468237042427,0.548184871673584,2.895071029663086,0.1426205337047577,0.0102966763079166,0.1426205337047577,138.5844222723269,0.9322840433388526,0.2562857603118514,0.4660394164118043,OAS1_0002_MR1_mpr-2_anon,noise,medium
0.083386480808258,0.1404840350151062,0.0210611652582883,0.5986748933792114,3.278059482574463,0.1512170433998108,0.0110171716660261,0.1512170433998108,142.92922267539828,0.9238459479793706,0.1406421832492818,0.3340404330640608,OAS1_0002_MR1_mpr-2_anon,noise,high
0.0753182843327522,0.1428999006748199,0.0217723064124584,0.4960134327411651,2.175602436065674,0.1342063248157501,0.0100715048611164,0.1342063248157501,136.92148533241425,0.9361373744713454,0.6722741073032689,0.7063337015511175,OAS1_0002_MR1_mpr-2_anon,original,none
0.0745581239461898,0.1417763531208038,0.0214250367134809,0.4949871301651001,2.1727442741394043,0.1332513689994812,0.0099335666745901,0.1332513689994812,135.02981866574757,0.9360721712299136,0.6722743296021199,0.7065516621475195,OAS1_0002_MR1_mpr-2_anon,original,none
0.0727866441011428,0.1390791237354278,0.0205941013991832,0.4933012127876282,2.165967464447021,0.1306696534156799,0.009572360664606,0.1306696534156799,130.00182890050553,0.9359833690402496,0.6722754691463869,0.7071846541078101,OAS1_0002_MR1_mpr-2_anon,original,none
0.4376691579818725,0.0862481296062469,0.0075340126641094,5.0928826332092285,2.7040748596191406,0.0986420065164566,0.0035604839213192,0.0986420065164566,49.48519670075061,0.947977068391634,0.5601997823083104,0.6474310061667126,OAS1_0002_MR1_mpr-2_anon,motion,low
0.4862612187862396,0.0839324817061424,0.0072203194722533,5.869047164916992,2.6682004928588867,0.0980416387319564,0.0032958961091935,0.0980416387319564,48.42283169615503,0.9465582689012588,0.5613831566806741,0.6465213763759701,OAS1_0002_MR1_mpr-2_anon,motion,medium
0.4790403246879577,0.0813017338514328,0.0067261159420013,5.930896282196045,2.6549243927001958,0.1035600081086158,0.0031106418464332,0.1035600081086158,50.66781173406863,0.9408645512344702,0.5605951948758812,0.6402053787393692,OAS1_0002_MR1_mpr-2_anon,motion,high
0.0762877762317657,0.1448826938867569,0.0223875101655721,0.4950939118862152,2.174691200256348,0.1361650824546814,0.0108067765831947,0.1361650824546814,143.7972948261336,0.9355494098518728,0.6733088535193437,0.7070448818490163,OAS1_0002_MR1_mpr-3_anon,original,none
0.0987040102481842,0.174008697271347,0.0320944674313068,0.5380716323852539,2.334010124206543,0.1094839572906494,0.0006290843011811,0.1094839572906494,42.41539186963848,0.9880945420356854,0.6537649822707872,0.7403530899508319,OAS1_0002_MR1_mpr-3_anon,blur,low
0.111738696694374,0.1854331493377685,0.0357125364243984,0.5807090997695923,2.4666314125061035,0.080775573849678,9.641241194913164e-05,0.080775573849678,17.155044615502455,0.996091189050456,0.6339492695153055,0.738367612240397,OAS1_0002_MR1_mpr-3_anon,blur,medium
0.136255532503128,0.2113900333642959,0.0458776950836181,0.6262339353561401,2.666351318359375,0.064434565603733,1.7067353837774135e-05,0.064434565603733,8.666046262254904,0.99857586100939,0.6014943747373798,0.7249825773845214,OAS1_0002_MR1_mpr-3_anon,blur,high
0.0781996995210647,0.1440348476171493,0.0221434272825717,0.5204480886459351,2.4812402725219727,0.1402302384376526,0.0108290594071149,0.1402302384376526,143.9247599283854,0.9343926772977597,0.4990497194560761,0.6146607366324619,OAS1_0002_MR1_mpr-3_anon,noise,low
0.0801499187946319,0.143294483423233,0.02192741073668,0.5460752248764038,2.8986740112304688,0.1444475054740905,0.0109991021454334,0.1444475054740905,144.9437686695772,0.9316209600800184,0.2555107541843665,0.4651171981986838,OAS1_0002_MR1_mpr-3_anon,noise,medium
0.0839096903800964,0.1416275203227996,0.0214131399989128,0.5963153839111328,3.2795798778533936,0.152834340929985,0.0117006609216332,0.152834340929985,148.82276312136185,0.9231758262020036,0.1406006459573626,0.333724409501579,OAS1_0002_MR1_mpr-3_anon,noise,high
0.0758388713002204,0.1442597955465316,0.0221959967166185,0.4941880404949188,2.173080921173096,0.1357788145542144,0.0107425525784492,0.1357788145542144,142.94603726256128,0.9354588377401368,0.6733082612522743,0.7071012369497995,OAS1_0002_MR1_mpr-3_anon,original,none
0.074814885854721,0.1426705420017242,0.0217008292675018,0.4931777417659759,2.1691484451293945,0.134343609213829,0.010525812394917,0.134343609213829,140.00960286458337,0.9353723043820846,0.6733088931474436,0.707407232017244,OAS1_0002_MR1_mpr-3_anon,original,none
0.072535827755928,0.1391006857156753,0.0205895118415355,0.4915157258510589,2.1602439880371094,0.1308343559503555,0.0100074438378214,0.1308343559503555,132.93028899548102,0.9352698286877222,0.6733102604335599,0.7082492541961143,OAS1_0002_MR1_mpr-3_anon,original,none
0.4387369751930237,0.086496889591217,0.0075795990414917,5.090601921081543,2.6959939002990723,0.0991530939936637,0.0037448676303029,0.0991530939936637,50.96559843175552,0.9468353836019486,0.5621602491972721,0.648850934757345,OAS1_0002_MR1_mpr-3_anon,motion,low
0.4862588942050934,0.0843452513217926,0.0072851008735597,5.837233543395996,2.661983728408813,0.0987565666437149,0.0034763808362185,0.0987565666437149,49.95332174862133,0.9454458382916548,0.5632657966279182,0.6473189126393348,OAS1_0002_MR1_mpr-3_anon,motion,medium
0.4774177074432373,0.0811134278774261,0.0066826315596699,5.926613807678223,2.640073776245117,0.1034707650542259,0.0032369354739785,0.1034707650542259,51.411171827129294,0.9398076246961112,0.5637762071033718,0.6423390180779556,OAS1_0002_MR1_mpr-3_anon,motion,high
0.0752539560198783,0.1435570269823074,0.0219480041414499,0.4935526251792907,2.1571547985076904,0.1345679312944412,0.0106360763311386,0.1345679312944412,140.95098637599574,0.933941160649684,0.676080687916792,0.7094582197031885,OAS1_0002_MR1_mpr-4_anon,original,none
0.0968915522098541,0.1716576963663101,0.0311245359480381,0.5368739366531372,2.3163857460021973,0.1078966557979583,0.0006095839198678,0.1078966557979583,41.22159998276655,0.9879536381269464,0.6563986320948539,0.7422070413328383,OAS1_0002_MR1_mpr-4_anon,blur,low
0.1106341630220413,0.1843453198671341,0.0351962484419345,0.5790723562240601,2.451082229614258,0.0802877247333526,9.5473624242004e-05,0.0802877247333526,16.994814165900735,0.9961485484518596,0.6365334538000685,0.7396656324339859,OAS1_0002_MR1_mpr-4_anon,blur,medium
0.1352642476558685,0.210638016462326,0.0455023720860481,0.6241730451583862,2.651331901550293,0.0641775429248809,1.6984089597826824e-05,0.0641775429248809,8.647582050398285,0.9985762705515502,0.6038829171804405,0.7260345875105163,OAS1_0002_MR1_mpr-4_anon,blur,high
0.0772293657064437,0.1427211612462997,0.0217143408954143,0.5204528570175171,2.4639368057250977,0.1387631595134735,0.0106583498418331,0.1387631595134735,141.05857914943323,0.9326111160226358,0.5047735730445018,0.617631606725511,OAS1_0002_MR1_mpr-4_anon,noise,low
0.0791728943586349,0.1418759971857071,0.0214627087116241,0.5476641058921814,2.884468078613281,0.1429970413446426,0.0108328200876712,0.1429970413446426,142.00051760206034,0.929378923177417,0.2580601648669254,0.467110976661769,OAS1_0002_MR1_mpr-4_anon,noise,medium
0.0831415429711341,0.1404198110103607,0.0210055578500032,0.5997360944747925,3.270089864730835,0.1518032550811767,0.0116603709757328,0.1518032550811767,146.8079299029182,0.9198621199185912,0.1420971348934724,0.3355045306439452,OAS1_0002_MR1_mpr-4_anon,noise,high
0.0749991163611412,0.1432568132877349,0.0218629166483879,0.4926376938819885,2.1562957763671875,0.1345050185918808,0.0106212478131055,0.1345050185918808,140.8037877699908,0.9338768800711325,0.676079883152481,0.7094325501489258,OAS1_0002_MR1_mpr-4_anon,original,none
0.0743159502744674,0.1422500312328338,0.0215565077960491,0.4916185438632965,2.153733253479004,0.1336697041988372,0.0104965129867196,0.1336697041988372,139.15410036573223,0.9338221377588956,0.6760799350404814,0.7096287753212115,OAS1_0002_MR1_mpr-4_anon,original,none
0.0723507702350616,0.1391906291246414,0.0206110104918479,0.4899438619613647,2.1461451053619385,0.1307153701782226,0.0100636556744575,0.1307153701782226,133.24794203814338,0.9337513884283628,0.6760811633633688,0.7103373083770181,OAS1_0002_MR1_mpr-4_anon,original,none
0.4373277425765991,0.085997849702835,0.0074895489960908,5.097992897033691,2.6935243606567383,0.0982593297958374,0.0036796596832573,0.0982593297958374,49.94769837622549,0.9471786063289396,0.5622250234929485,0.6491596812998315,OAS1_0002_MR1_mpr-4_anon,motion,low
0.4879786670207977,0.0835386589169502,0.0071433316916227,5.923513412475586,2.660086870193481,0.0976923108100891,0.0034137861803174,0.0976923108100891,48.89549799900429,0.945745272770492,0.5626688940017998,0.6479616794627621,OAS1_0002_MR1_mpr-4_anon,motion,medium
0.477980375289917,0.0808386877179145,0.0066345608793199,5.950948715209961,2.640674114227295,0.1029997915029525,0.0032130475156009,0.1029997915029525,50.879024969362746,0.9400450471815603,0.5633060972205591,0.6421805497589803,OAS1_0002_MR1_mpr-4_anon,motion,high
0.0783742219209671,0.1446610987186432,0.0219352692365646,0.5134256482124329,2.3361072540283203,0.1506478786468505,0.0118045806884765,0.1506478786468505,164.46061066272216,0.9308735508212528,0.641338488473563,0.6782093101104881,OAS1_0003_MR1_mpr-1_anon,original,none
0.102995291352272,0.1747519671916961,0.0319040603935718,0.5643581748008728,2.49832820892334,0.1190440952777862,0.0007976369815878,0.1190440952777862,49.00075671626072,0.9870649434023236,0.6203887859907246,0.7184176348353033,OAS1_0003_MR1_mpr-1_anon,blur,low
0.1197410821914672,0.1906449049711227,0.037393145263195,0.6088887453079224,2.6427464485168457,0.0870447158813476,0.0001038880436681,0.0870447158813476,18.502521230660232,0.9962462666593356,0.6003650533836362,0.7158527861450437,OAS1_0003_MR1_mpr-1_anon,blur,medium
0.1466799080371856,0.2191019058227539,0.0489262044429779,0.6548455953598022,2.8513784408569336,0.0682397335767746,1.7611400835448876e-05,0.0682397335767746,9.286755849800858,0.99858731816655,0.5683029106332225,0.7041890390479238,OAS1_0003_MR1_mpr-1_anon,blur,high
0.0803195834159851,0.1438484042882919,0.0217024870216846,0.536351203918457,2.635819911956787,0.1546967327594757,0.0118226911872625,0.1546967327594757,164.51980483111214,0.9299171629535502,0.473535205249098,0.5881016769049612,OAS1_0003_MR1_mpr-1_anon,noise,low
0.0822926461696624,0.1430983692407608,0.0214757192879915,0.5595067739486694,3.031466007232666,0.1589397341012954,0.0120729729533195,0.1589397341012954,166.03949596928615,0.9274241692668824,0.2426674792402291,0.4464468956980593,OAS1_0003_MR1_mpr-1_anon,noise,medium
0.0862528383731842,0.141728788614273,0.0210581980645656,0.6044709086418152,3.38944673538208,0.1675384640693664,0.0129705602303147,0.1675384640693664,171.2564416025199,0.9203070463470988,0.1331649609301454,0.3208862155511806,OAS1_0003_MR1_mpr-1_anon,noise,high
0.0769010260701179,0.1422911137342453,0.0212011579424142,0.5128213167190552,2.3297061920166016,0.1483520716428756,0.0114698968827724,0.1483520716428756,159.8493648753447,0.930651333248288,0.6413393047766445,0.6786530823437997,OAS1_0003_MR1_mpr-1_anon,original,none
0.075379841029644,0.1398735642433166,0.0204615648835897,0.5121150016784668,2.323007106781006,0.1459314525127411,0.0111233526840806,0.1459314525127411,155.0478380390242,0.9304302278791364,0.6413405357229758,0.6791162598263761,OAS1_0003_MR1_mpr-1_anon,original,none
0.0730773210525512,0.1362535953521728,0.0193720925599336,0.5109090805053711,2.312695264816284,0.1421882063150406,0.0105983121320605,0.1421882063150406,147.71780407475492,0.9301347743711116,0.6413425059632211,0.6799205405114261,OAS1_0003_MR1_mpr-1_anon,original,none
0.4509950280189514,0.0857659429311752,0.0074450797401368,5.287435531616211,2.8437891006469727,0.1058987975120544,0.0038770446553826,0.1058987975120544,54.7093885234758,0.9408216402046984,0.5275629641173742,0.6218340764928656,OAS1_0003_MR1_mpr-1_anon,motion,low
0.4649459719657898,0.0821077078580856,0.0068483157083392,5.715030670166016,2.8093183040618896,0.1052921786904335,0.0035081568639725,0.1052921786904335,52.92702038334866,0.9395160004603096,0.5282021312325191,0.6207544948659874,OAS1_0003_MR1_mpr-1_anon,motion,medium
0.475151002407074,0.0819084644317627,0.0067798467352986,5.816593170166016,2.8046364784240723,0.1127137616276741,0.0035482051316648,0.1127137616276741,57.93848841050092,0.934169736589673,0.5268848882772685,0.6127412974533321,OAS1_0003_MR1_mpr-1_anon,motion,high
0.0782297104597091,0.1448918730020523,0.0219581592828035,0.5123231410980225,2.3231515884399414,0.1501184403896331,0.0118915885686874,0.1501184403896331,164.18467718386182,0.9314820342446544,0.6442490880060954,0.680664861303212,OAS1_0003_MR1_mpr-2_anon,original,none
0.1029261797666549,0.1750322580337524,0.0320556834340095,0.5628502368927002,2.484928846359253,0.1185741499066352,0.0007954561151564,0.1185741499066352,48.73457115023744,0.987135933555482,0.623322886361926,0.7198792079948799,OAS1_0003_MR1_mpr-2_anon,blur,low
0.1201253980398178,0.1918584704399109,0.0379051081836223,0.6069363355636597,2.62894058227539,0.087052397429943,0.0001048099511535,0.087052397429943,18.596342797372856,0.9962884888369898,0.6033783159762611,0.7171563287866785,OAS1_0003_MR1_mpr-2_anon,blur,medium
0.1473445147275924,0.220979243516922,0.0497623980045318,0.6524419784545898,2.837928771972656,0.0682888552546501,1.7736867448547855e-05,0.0682888552546501,9.353339101753985,0.9986048653921902,0.5713142259428514,0.7052105039670219,OAS1_0003_MR1_mpr-2_anon,blur,high
0.0801858454942703,0.1440359354019165,0.0217173434793949,0.5350863933563232,2.6254258155822754,0.1541977077722549,0.0119029786437749,0.1541977077722549,164.16953795189954,0.9305602463496911,0.4756211453505681,0.5898677722183405,OAS1_0003_MR1_mpr-2_anon,noise,low
0.0821271985769271,0.1432267427444458,0.0214752443134784,0.5582779049873352,3.0229523181915283,0.1583176851272583,0.0120869055390357,0.1583176851272583,165.06225609872854,0.928141553963433,0.243534946589748,0.447711896907244,OAS1_0003_MR1_mpr-2_anon,noise,medium
0.0860036239027977,0.1416935622692108,0.021007515490055,0.6028105616569519,3.382690906524658,0.166782259941101,0.0129546914249658,0.166782259941101,169.97666817459407,0.9211372630928096,0.1338751589875124,0.3220486694652278,OAS1_0003_MR1_mpr-2_anon,noise,high
0.0767884105443954,0.1426034420728683,0.0212451182305812,0.5117106437683105,2.3169312477111816,0.1478997319936752,0.0115640247240662,0.1478997319936752,159.71046346028646,0.9312526438727504,0.6442500003700276,0.6810695153682231,OAS1_0003_MR1_mpr-2_anon,original,none
0.0753111243247985,0.1402794569730758,0.0205328501760959,0.5109965801239014,2.3104028701782227,0.1455705463886261,0.0112282475456595,0.1455705463886261,155.09897329293045,0.9310342335104244,0.6442512019808313,0.6815251454782227,OAS1_0003_MR1_mpr-2_anon,original,none
0.0730891376733779,0.136767029762268,0.0194811671972274,0.5097798109054565,2.300539493560791,0.1419694125652313,0.010710815899074,0.1419694125652313,147.99917291379444,0.9307356973768036,0.6442531468209559,0.682328755075802,OAS1_0003_MR1_mpr-2_anon,original,none
0.4501723647117615,0.0858230963349342,0.0074753751978278,5.28178071975708,2.8367769718170166,0.1056592166423797,0.0039103841409087,0.1056592166423797,54.725734097349886,0.9407775021702202,0.529270372404,0.6232524701329812,OAS1_0003_MR1_mpr-2_anon,motion,low
0.4657887816429138,0.0821757465600967,0.0068631079047918,5.7226409912109375,2.814067840576172,0.1050252616405487,0.0035237660631537,0.1050252616405487,52.7312286975337,0.9397031717402492,0.5269523088535499,0.6211901602944274,OAS1_0003_MR1_mpr-2_anon,motion,medium
0.4755555987358093,0.0818845778703689,0.0067728394642472,5.820527076721191,2.7988739013671875,0.1124733686447143,0.0035636010579764,0.1124733686447143,57.712684421913295,0.9343102105232952,0.5282936262378919,0.6140519604881706,OAS1_0003_MR1_mpr-2_anon,motion,high
0.0778092294931411,0.1444672346115112,0.0218839515000581,0.510371208190918,2.3101344108581543,0.1494506150484085,0.011786607094109,0.1494506150484085,163.1660236433441,0.9313885002197736,0.6467527006862253,0.6827548966029264,OAS1_0003_MR1_mpr-3_anon,original,none
0.1022139862179756,0.1743974387645721,0.0318248495459556,0.5606629848480225,2.470818519592285,0.1182083934545517,0.0007929243729449,0.1182083934545517,48.60431829714308,0.9870640173829106,0.6260330774295596,0.7216563869504465,OAS1_0003_MR1_mpr-3_anon,blur,low
0.1193241402506828,0.1911908090114593,0.0376660823822021,0.6048204302787781,2.614832162857056,0.0868526697158813,0.0001046237666741,0.0868526697158813,18.53673885569853,0.9962444489077787,0.6061172258757412,0.7184692556786774,OAS1_0003_MR1_mpr-3_anon,blur,medium
0.1454022824764251,0.2189013361930847,0.0488482862710952,0.6502596139907837,2.818843364715576,0.0676878839731216,1.7437305359635502e-05,0.0676878839731216,9.224735633999693,0.998590739819888,0.5743111408508548,0.7070936855115176,OAS1_0003_MR1_mpr-3_anon,blur,high
0.0796919092535972,0.1436272412538528,0.0216431338340044,0.5328747034072876,2.6045496463775635,0.1533790379762649,0.0117954239249229,0.1533790379762649,163.15447890337776,0.9305097192222522,0.4812368091338751,0.5943976188328988,OAS1_0003_MR1_mpr-3_anon,noise,low
0.0816183909773826,0.142888069152832,0.0214266963303089,0.5556505918502808,3.0049357414245605,0.157506838440895,0.01199581194669,0.157506838440895,164.3742602778416,0.928113374679718,0.2461466607171382,0.4510930026802215,OAS1_0003_MR1_mpr-3_anon,noise,medium
0.0854234248399734,0.1413896083831787,0.0209606885910034,0.6000553369522095,3.3672609329223637,0.1658349633216858,0.0128038637340068,0.1658349633216858,168.90670572916667,0.9214085523207888,0.1353341020393201,0.3243174355979691,OAS1_0003_MR1_mpr-3_anon,noise,high
0.0763536468148231,0.1421100199222564,0.0211555548012256,0.5097523927688599,2.3038480281829834,0.1471861898899078,0.0114484559744596,0.1471861898899078,158.574318560432,0.9311564201108856,0.6467535782668659,0.6831866119866579,OAS1_0003_MR1_mpr-3_anon,original,none
0.0748971626162529,0.1397784650325775,0.0204471498727798,0.5090305805206299,2.2974038124084477,0.144880324602127,0.011114502325654,0.144880324602127,154.00388315238206,0.930940562332651,0.6467545022896154,0.6836357637409585,OAS1_0003_MR1_mpr-3_anon,original,none
0.0727305561304092,0.1363493502140045,0.0194206647574901,0.5078004598617554,2.2877862453460693,0.1413903981447219,0.0106206331402063,0.1413903981447219,147.19271922392008,0.930648161538198,0.646756130839863,0.6843954688607098,OAS1_0003_MR1_mpr-3_anon,original,none
0.4512384533882141,0.0854402109980583,0.0073916250839829,5.31404447555542,2.80701756477356,0.1049597859382629,0.0039014341309666,0.1049597859382629,54.55838730755974,0.9404708866282936,0.5358386034690343,0.6278388963920704,OAS1_0003_MR1_mpr-3_anon,motion,low
0.4659022092819214,0.0821760818362236,0.0068702916614711,5.721658229827881,2.7881009578704834,0.1048550605773925,0.0035416120663285,0.1048550605773925,52.984469664330575,0.9394072274343602,0.5334148210846438,0.6250716745297284,OAS1_0003_MR1_mpr-3_anon,motion,medium
0.477927565574646,0.0810406804084777,0.0066339951008558,5.909951686859131,2.7694284915924072,0.1110398918390274,0.0035146733280271,0.1110398918390274,56.8526975145527,0.9340142537670202,0.5343985453986111,0.6186845810320512,OAS1_0003_MR1_mpr-3_anon,motion,high
0.0769694223999977,0.1433911323547363,0.0215867441147565,0.5074828863143921,2.2924530506134038,0.1487209796905517,0.0116449743509292,0.1487209796905517,162.02899373372398,0.9309408540428638,0.6500488857688761,0.685565071274894,OAS1_0003_MR1_mpr-4_anon,original,none
0.1013338714838028,0.1733091473579406,0.0314571037888526,0.5578339695930481,2.4535698890686035,0.1176565513014793,0.0007960009388625,0.1176565513014793,48.70776115866268,0.9871087761295751,0.6295303216424315,0.7236872999064692,OAS1_0003_MR1_mpr-4_anon,blur,low
0.1180858090519905,0.1896910816431045,0.0371392369270324,0.6016574501991272,2.595447301864624,0.0862345695495605,0.0001036388421198,0.0862345695495605,18.533259971469057,0.9962127179338311,0.6096674918397438,0.7203519995028851,OAS1_0003_MR1_mpr-4_anon,blur,medium
0.1440853178501129,0.21735680103302,0.0483156852424144,0.6469109654426575,2.79713773727417,0.0672812759876251,1.7363441656925716e-05,0.0672812759876251,9.26936944699755,0.998570433836759,0.5779867061452447,0.7090493094881396,OAS1_0003_MR1_mpr-4_anon,blur,high
0.0788529589772224,0.1425943970680236,0.0213611014187335,0.5301278829574585,2.58026123046875,0.1526761949062347,0.0116735901683568,0.1526761949062347,162.22093051087623,0.930022413295299,0.4890889194643965,0.5997960002992743,OAS1_0003_MR1_mpr-4_anon,noise,low
0.0807035937905311,0.1417821049690246,0.0211206749081611,0.5530574321746826,2.983243465423584,0.156665101647377,0.0118429400026798,0.156665101647377,163.06596919041056,0.9276385052203352,0.2499117965124557,0.4550021994948441,OAS1_0003_MR1_mpr-4_anon,noise,medium
0.0845334231853485,0.1404619514942169,0.0207172986119985,0.5973444581031799,3.348937511444092,0.1650534570217132,0.0126264244318008,0.1650534570217132,167.74049910003063,0.920721186198244,0.1374873613589563,0.3277010455122938,OAS1_0003_MR1_mpr-4_anon,noise,high
0.0754817351698875,0.1409907341003418,0.0208442211151123,0.5068677067756653,2.2860591411590576,0.1463793665170669,0.0112914843484759,0.1463793665170669,157.19308543485755,0.9307156820242204,0.650049647605941,0.6860060987750314,OAS1_0003_MR1_mpr-4_anon,original,none
0.0739929974079132,0.1386081576347351,0.0201209988445043,0.506149411201477,2.2794618606567383,0.1439936459064483,0.0109432889148592,0.1439936459064483,152.40355176738666,0.930501792606792,0.6500506764784777,0.6864846359986452,OAS1_0003_MR1_mpr-4_anon,original,none
0.0718415081501007,0.135187029838562,0.0191067140549421,0.5049241781234741,2.2698659896850586,0.1404934525489807,0.0104506630450487,0.1404934525489807,145.58426585477946,0.9302148113489044,0.6500522553754455,0.6872295271877455,OAS1_0003_MR1_mpr-4_anon,original,none
0.4507778882980346,0.0843875929713249,0.0071946363896131,5.371860027313232,2.791532516479492,0.103999838232994,0.0038337549194693,0.103999838232994,53.82468094171262,0.940099188678964,0.5370138385334263,0.6306383374314802,OAS1_0003_MR1_mpr-4_anon,motion,low
0.4651452600955963,0.0811188071966171,0.0066805877722799,5.781427383422852,2.767333507537842,0.1039242595434188,0.0034835101105272,0.1039242595434188,52.33591547947304,0.9386738244393436,0.5362422816315793,0.6282993519891552,OAS1_0003_MR1_mpr-4_anon,motion,medium
0.4785491228103637,0.0803470164537429,0.0065208729356527,5.972653388977051,2.747056007385254,0.1103660240769386,0.0034881238825619,0.1103660240769386,56.6298257266774,0.9331900166732798,0.537845151554326,0.6215170364409267,OAS1_0003_MR1_mpr-4_anon,motion,high
0.0850729197263717,0.1358090937137603,0.0193114783614873,0.6015200614929199,2.681920289993286,0.1423550844192505,0.0106899235397577,0.1423550844192505,131.17322375727636,0.9311882853535244,0.565740882435281,0.6112464227396659,OAS1_0004_MR1_mpr-1_anon,original,none
0.1144427359104156,0.171230137348175,0.0304254330694675,0.6507432460784912,2.846322536468506,0.1095493286848068,0.000487608165713,0.1095493286848068,32.86151194852941,0.9888957767831676,0.5429696949241379,0.6758561698995831,OAS1_0004_MR1_mpr-1_anon,blur,low
0.1462966799736023,0.2058768570423126,0.0437539778649807,0.6931784152984619,3.06022047996521,0.0909612923860549,9.201793727697805e-05,0.0909612923860549,18.13481158088235,0.9966184436456952,0.5209600995150869,0.6744740097541739,OAS1_0004_MR1_mpr-1_anon,blur,medium
0.1878665685653686,0.2492955923080444,0.0636687129735946,0.7372255325317383,3.3362276554107666,0.0760777071118354,1.9735560272238217e-05,0.0760777071118354,10.136359959022672,0.9988150432128824,0.485177013466468,0.6549063582396368,OAS1_0004_MR1_mpr-1_anon,blur,high
0.0866058021783828,0.1348412334918975,0.0190442819148302,0.62131667137146,2.9715871810913086,0.1455776095390319,0.0107107181102037,0.1455776095390319,131.3043519263174,0.93063518254796,0.3824530747516921,0.5185603703657309,OAS1_0004_MR1_mpr-1_anon,noise,low
0.0881982371211052,0.133977323770523,0.0188025515526533,0.6414941549301147,3.306925058364868,0.1490298807621002,0.0108630144968628,0.1490298807621002,132.18507283528646,0.9290015038232866,0.2022847100975033,0.3996722714335541,OAS1_0004_MR1_mpr-1_anon,noise,medium
0.0913745015859603,0.1321555376052856,0.0183035619556903,0.682631254196167,3.608973741531372,0.1561905294656753,0.0114899426698684,0.1561905294656753,135.7471186619179,0.924225400289292,0.1097683955921481,0.2857511482582295,OAS1_0004_MR1_mpr-1_anon,noise,high
0.0838328450918197,0.13394495844841,0.018777385354042,0.6015079021453857,2.676313161849976,0.140688806772232,0.0104610528796911,0.140688806772232,127.6607204063266,0.9310744773740328,0.5657413145614585,0.6116127820623495,OAS1_0004_MR1_mpr-1_anon,original,none
0.0819123685359954,0.1311765313148498,0.017983166500926,0.6012791395187378,2.6674208641052246,0.1379211694002151,0.0100759789347648,0.1379211694002151,122.26163066789218,0.9309865064168064,0.5657429036978657,0.6123276799469534,OAS1_0004_MR1_mpr-1_anon,original,none
0.0789091885089874,0.1269352585077285,0.0167977325618267,0.6006069183349609,2.653253555297852,0.1335034966468811,0.009477337822318,0.1335034966468811,114.0630143707874,0.9308849561462246,0.565746855824593,0.6136322502438218,OAS1_0004_MR1_mpr-1_anon,original,none
0.4147821366786957,0.0857091844081878,0.0073960507288575,4.879043102264404,3.143122911453247,0.1040784865617752,0.0041899932548403,0.1040784865617752,52.55827804266238,0.9452407166050568,0.4568349497691825,0.5607575055186242,OAS1_0004_MR1_mpr-1_anon,motion,low
0.450234442949295,0.0809100642800331,0.0065881283953785,5.595072746276856,3.071338176727295,0.1022668927907943,0.0036690747365355,0.1022668927907943,48.86617670994178,0.942787360530367,0.4669052797083786,0.5690252628285328,OAS1_0004_MR1_mpr-1_anon,motion,medium
0.4513474702835083,0.0786748677492141,0.0062224213033914,5.768335819244385,3.049851179122925,0.1094608530402183,0.0035243169404566,0.1094608530402183,52.06031135110294,0.9356271981319833,0.4676946074157011,0.5635525520190519,OAS1_0004_MR1_mpr-1_anon,motion,high
0.0859556496143341,0.134632796049118,0.0187779366970062,0.619081974029541,2.73056435585022,0.1427771151065826,0.0109979389235377,0.1427771151065826,129.7768004174326,0.9328888149392262,0.5548916733105809,0.6007477774784342,OAS1_0004_MR1_mpr-2_anon,original,none
0.118018053472042,0.1725198030471801,0.030758649110794,0.6685583591461182,2.906114101409912,0.1111289858818054,0.0004845811345148,0.1111289858818054,32.1713716394761,0.9898058077559888,0.5315255005018809,0.6663477616500049,OAS1_0004_MR1_mpr-2_anon,blur,low
0.1505332291126251,0.2071037888526916,0.0440661534667015,0.7106751203536987,3.1212949752807617,0.0921715795993805,9.03344844118692e-05,0.0921715795993805,17.76093941482843,0.9967820520024002,0.5091922856506648,0.6663986161068484,OAS1_0004_MR1_mpr-2_anon,blur,medium
0.1917466521263122,0.2481573224067688,0.0630654245615005,0.755510151386261,3.396826267242432,0.0768064260482788,1.940348556672689e-05,0.0768064260482788,9.884785012637868,0.9988352898353462,0.4726852011806476,0.6481115610854538,OAS1_0004_MR1_mpr-2_anon,blur,high
0.0875938385725021,0.1336979120969772,0.0185275562107563,0.6389199495315552,3.0350475311279297,0.1461530923843383,0.0110275885090231,0.1461530923843383,130.03876103419884,0.9322914334744254,0.3638813407918895,0.5029852017974106,OAS1_0004_MR1_mpr-2_anon,noise,low
0.0892307162284851,0.1327545046806335,0.018273115158081,0.6590811610221863,3.363823890686035,0.1496851146221161,0.0111814551055431,0.1496851146221161,130.89787825042126,0.9306733964789748,0.1933309320207788,0.3872813961717875,OAS1_0004_MR1_mpr-2_anon,noise,medium
0.0925792679190635,0.1310341656208038,0.0178050752729177,0.7003576159477234,3.662416458129883,0.1571761220693588,0.0118796471506357,0.1571761220693588,134.95274765912225,0.9257808275024676,0.1045812107230464,0.2758425078778406,OAS1_0004_MR1_mpr-2_anon,noise,high
0.084957018494606,0.1331445425748825,0.0183601565659046,0.6191632747650146,2.726059913635254,0.1414905786514282,0.010823642835021,0.1414905786514282,127.07390687231924,0.9327361595455655,0.5548919720500212,0.6010255204851542,OAS1_0004_MR1_mpr-2_anon,original,none
0.0835492759943008,0.1311473995447158,0.0178032256662845,0.6190100312232971,2.7195043563842773,0.1395434588193893,0.0105597926303744,0.1395434588193893,123.3313866708793,0.9326048973098447,0.554893331100363,0.601502820990859,OAS1_0004_MR1_mpr-2_anon,original,none
0.08079344779253,0.1273399889469146,0.016757283359766,0.618423581123352,2.7063310146331787,0.1355536580085754,0.0100196357816457,0.1355536580085754,116.09754854090076,0.9324478617319634,0.5548971146625841,0.6026691462534715,OAS1_0004_MR1_mpr-2_anon,original,none
0.4158432185649872,0.0873942300677299,0.007711520884186,4.792277812957764,3.2086329460144043,0.106476679444313,0.0044881841167807,0.106476679444313,54.267479511335786,0.9453023505379964,0.445012310184824,0.5481220529739956,OAS1_0004_MR1_mpr-2_anon,motion,low
0.446331113576889,0.0818777382373809,0.0067520197480916,5.473922729492188,3.1387734413146973,0.1039324849843978,0.0038658869452774,0.1039324849843978,49.78523116766238,0.9428758547531174,0.4531843185185965,0.5564985946383919,OAS1_0004_MR1_mpr-2_anon,motion,medium
0.4565947353839874,0.079507939517498,0.0063573447987437,5.767126083374023,3.108591079711914,0.1114253550767898,0.0036968982312828,0.1114253550767898,52.776129030713854,0.9356706597198914,0.4556158108506343,0.5519175631743931,OAS1_0004_MR1_mpr-2_anon,motion,high
0.0851910188794136,0.133180171251297,0.0184238832443952,0.6200769543647766,2.739510536193848,0.1413180828094482,0.0106305908411741,0.1413180828094482,126.0808548272825,0.933235432628809,0.551544028774526,0.5986094857852428,OAS1_0004_MR1_mpr-3_anon,original,none
0.1181530207395553,0.1725846230983734,0.0307306163012981,0.6695693731307983,2.916624069213867,0.1113269478082656,0.0004862005880568,0.1113269478082656,32.31866383272059,0.989802966892282,0.5285285860823696,0.6652363596957286,OAS1_0004_MR1_mpr-3_anon,blur,low
0.1506840288639068,0.2070882320404052,0.0440223067998886,0.7118809819221497,3.1309027671813965,0.092289999127388,9.057218267116696e-05,0.092289999127388,17.815991450291055,0.9967664804482036,0.5063751094271809,0.666026996678669,OAS1_0004_MR1_mpr-3_anon,blur,medium
0.1928462535142898,0.2490120679140091,0.0635680183768272,0.7568308115005493,3.409463405609131,0.0772265717387199,1.9685439838212915e-05,0.0772265717387199,10.007794309129904,0.9988336010184684,0.470121940338459,0.6475255713176069,OAS1_0004_MR1_mpr-3_anon,blur,high
0.0867697596549987,0.132257729768753,0.0181786380708217,0.6396903991699219,3.031132221221924,0.1445791721343994,0.0106609174981713,0.1445791721343994,126.34543385225184,0.9326511766725016,0.3675470980661647,0.5050932727432902,OAS1_0004_MR1_mpr-3_anon,noise,low
0.0883637368679046,0.1313677430152893,0.0179394222795963,0.6596449613571167,3.357631206512451,0.1480158269405365,0.0108136776834726,0.1480158269405365,127.2218033136106,0.9310293750852106,0.1949678882355079,0.3897134623940862,OAS1_0004_MR1_mpr-3_anon,noise,medium
0.0916137397289276,0.1296505182981491,0.0174797177314758,0.7004945278167725,3.652055740356445,0.155289351940155,0.0114892404526472,0.155289351940155,131.21571619370405,0.9262370640986556,0.105616187644678,0.2784234875206426,OAS1_0004_MR1_mpr-3_anon,noise,high
0.0842285677790641,0.131726399064064,0.0180274788290262,0.6201733946800232,2.7350118160247803,0.1400753110647201,0.0104670161381363,0.1400753110647201,123.50694580078128,0.9330700384507028,0.5515439537159903,0.5988443621756461,OAS1_0004_MR1_mpr-3_anon,original,none
0.0828800499439239,0.1297942101955413,0.0175020173192024,0.6200326681137085,2.728559970855713,0.1382077932357788,0.0102206636220216,0.1382077932357788,119.97486931295956,0.9329305792376056,0.551545000089555,0.5993660435825146,OAS1_0004_MR1_mpr-3_anon,original,none
0.0804267674684524,0.1263873428106308,0.0165827460587024,0.6194612979888916,2.716686487197876,0.1346935331821441,0.0097590694203972,0.1346935331821441,113.67711109834562,0.9327573344652952,0.5515483332969957,0.6004036212777843,OAS1_0004_MR1_mpr-3_anon,original,none
0.4111818671226501,0.0870602428913116,0.00763994269073,4.755554676055908,3.205606698989868,0.1063470989465713,0.0044397921301424,0.1063470989465713,53.911804438572304,0.9453013571170016,0.4457984898599905,0.5481964396109167,OAS1_0004_MR1_mpr-3_anon,motion,low
0.4486948251724243,0.0814580917358398,0.0066829537972807,5.539525985717773,3.1371712684631348,0.1035597696900367,0.0038174744695425,0.1035597696900367,49.344840973498776,0.9428754191733668,0.4532331592778683,0.5567625187314852,OAS1_0004_MR1_mpr-3_anon,motion,medium
0.4551654756069183,0.0790569707751274,0.0062779546715319,5.782341480255127,3.102914333343506,0.1109954565763473,0.0036476599052548,0.1109954565763473,52.26991421568627,0.9356276675973884,0.4566787914870734,0.5528017012073911,OAS1_0004_MR1_mpr-3_anon,motion,high
0.0851548463106155,0.1340078711509704,0.0186549760401248,0.6151584982872009,2.7084288597106934,0.1407487690448761,0.0106405578553676,0.1407487690448761,126.4144823261336,0.9326641645525976,0.5590628039387981,0.6050597997752041,OAS1_0004_MR1_mpr-4_anon,original,none
0.1174319609999656,0.1726107597351074,0.0308416076004505,0.6639719009399414,2.8841841220855717,0.1105100959539413,0.0004824839706998,0.1105100959539413,32.07978228400735,0.989600261592479,0.5360052276748788,0.6690216905456423,OAS1_0004_MR1_mpr-4_anon,blur,low
0.1500314027070999,0.2075341939926147,0.0443622209131717,0.7058348655700684,3.098977565765381,0.0919569879770279,9.052098903339356e-05,0.0919569879770279,17.82093410117954,0.9967561067297775,0.513746091690855,0.668714614619257,OAS1_0004_MR1_mpr-4_anon,blur,medium
0.1913661360740661,0.2491894215345382,0.0636731386184692,0.7503445148468018,3.373340129852295,0.0768086984753608,1.954018989636097e-05,0.0768086984753608,9.97225341796875,0.9988356217336132,0.4774543037176219,0.6503194750557364,OAS1_0004_MR1_mpr-4_anon,blur,high
0.0867600291967392,0.1330821812152862,0.018405832350254,0.6348299384117126,3.0037083625793457,0.1440890282392501,0.0106727732345461,0.1440890282392501,126.71697650984224,0.9321049782368396,0.3726415025862691,0.5104824718750769,OAS1_0004_MR1_mpr-4_anon,noise,low
0.0883278995752334,0.1321458518505096,0.0181544385850429,0.6548690795898438,3.335166931152344,0.1474677324295044,0.0108125563710927,0.1474677324295044,127.44668950099567,0.930519750489457,0.1976858467876558,0.3933953427633738,OAS1_0004_MR1_mpr-4_anon,noise,medium
0.091707170009613,0.1305597424507141,0.0177243668586015,0.695744514465332,3.6365466117858887,0.1550497412681579,0.0115053132176399,0.1550497412681579,131.6990394741881,0.9258308726852356,0.1069197021024354,0.2803573499547738,OAS1_0004_MR1_mpr-4_anon,noise,high
0.084168754518032,0.1325229555368423,0.0182454530149698,0.6151996850967407,2.703857660293579,0.1394773125648498,0.0104708466678857,0.1394773125648498,123.76863415287993,0.9325251226933235,0.5590632643305924,0.605356834773626,OAS1_0004_MR1_mpr-4_anon,original,none
0.0828483551740646,0.1306386291980743,0.0177305415272712,0.6150094866752625,2.69763731956482,0.1376635432243347,0.0102317743003368,0.1376635432243347,120.32303897633273,0.93240868494535,0.5590647774525305,0.6058378149639558,OAS1_0004_MR1_mpr-4_anon,original,none
0.0803466141223907,0.1271570026874542,0.0167840905487537,0.6143726706504822,2.685706853866577,0.134090393781662,0.0097614349797368,0.134090393781662,113.90841519224878,0.932270905257361,0.559068266772504,0.6068912552512646,OAS1_0004_MR1_mpr-4_anon,original,none
0.4112777709960937,0.0870678052306175,0.007637396454811,4.759931564331055,3.184373378753662,0.1055804789066314,0.0043914141133427,0.1055804789066314,53.4844815123315,0.9457976053723284,0.4508398400790175,0.5528233569528127,OAS1_0004_MR1_mpr-4_anon,motion,low
0.4470450282096863,0.0816229879856109,0.0067057409323751,5.505187034606934,3.115545749664306,0.1029740795493125,0.0037811782676726,0.1029740795493125,49.0977996227788,0.9433992082363382,0.4586098671442297,0.5613945520060037,OAS1_0004_MR1_mpr-4_anon,motion,medium
0.4539158344268799,0.0792184919118881,0.0063031082972884,5.756746292114258,3.0881662368774414,0.1104794591665268,0.0036220550537109,0.1104794591665268,52.13563064874388,0.9361123108687786,0.4601521612295401,0.5565335680119166,OAS1_0004_MR1_mpr-4_anon,motion,high
0.0968845710158348,0.1446561813354492,0.0217496305704116,0.6454174518585205,2.7303402423858643,0.1567608416080474,0.0140773011371493,0.1567608416080474,163.9687042834712,0.9272563990219376,0.5625315934358275,0.6015706043434843,OAS1_0005_MR1_mpr-1_anon,original,none
0.1287929415702819,0.1807686984539032,0.0336791649460792,0.6962265372276306,2.9047601222991943,0.1165295019745826,0.0005458088126033,0.1165295019745826,34.92059062882966,0.9902797426841534,0.5371766638479221,0.658673816211768,OAS1_0005_MR1_mpr-1_anon,blur,low
0.1641452014446258,0.2175458520650863,0.048617884516716,0.7347190380096436,3.114902973175049,0.0940964594483375,9.16652352316305e-05,0.0940964594483375,17.844736136642158,0.997209281915002,0.5137598455543406,0.6589978576394527,OAS1_0005_MR1_mpr-1_anon,blur,medium
0.2072947025299072,0.2605685889720917,0.0697988793253898,0.7749537229537964,3.388242721557617,0.0771236568689346,1.79867165570613e-05,0.0771236568689346,10.015360035615808,0.9989405046645238,0.4755394554088502,0.6432643557339432,OAS1_0005_MR1_mpr-1_anon,blur,high
0.0988666042685508,0.1435348093509674,0.0214276388287544,0.6699097752571106,3.123053550720215,0.1608353555202484,0.0141138993203639,0.1608353555202484,164.23973388671874,0.9261739001457028,0.3186780644419555,0.4727635287389448,OAS1_0005_MR1_mpr-1_anon,noise,low
0.1007929742336273,0.1423549205064773,0.0210831500589847,0.6949528455734253,3.458729982376098,0.1649870127439499,0.0143188741058111,0.1649870127439499,165.21719611672796,0.923662961207121,0.1733117098445404,0.3599895946771507,OAS1_0005_MR1_mpr-1_anon,noise,medium
0.1048224121332168,0.1402870863676071,0.0204774811863899,0.7450810670852661,3.774369478225708,0.1739360988140106,0.0152947641909122,0.1739360988140106,170.87550216375615,0.9161364433585192,0.0924646067550763,0.2498142693339476,OAS1_0005_MR1_mpr-1_anon,noise,high
0.0969310700893402,0.1445309668779373,0.0216899588704109,0.6461831331253052,2.730544328689575,0.1573416888713836,0.0141749456524848,0.1573416888713836,164.52690980200677,0.9268327751504696,0.5625302113744752,0.6013432236934003,OAS1_0005_MR1_mpr-1_anon,original,none
0.096825510263443,0.1442493796348571,0.0215849690139293,0.6466863751411438,2.7300848960876465,0.1576469838619232,0.0142323616892099,0.1576469838619232,164.64209127987135,0.9264408922180074,0.5625293893369211,0.6011561952678584,OAS1_0005_MR1_mpr-1_anon,original,none
0.0962926000356674,0.1433906406164169,0.0213036425411701,0.6470286846160889,2.7282137870788574,0.1574599742889404,0.0142162702977657,0.1574599742889404,163.66330829695158,0.9259231442438376,0.5625283678101589,0.6010996919906564,OAS1_0005_MR1_mpr-1_anon,original,none
0.4863068461418152,0.0931631326675415,0.0087878070771694,5.243534088134766,3.272965908050537,0.1147650778293609,0.005349650979042,0.1147650778293609,64.31125823376226,0.9432914716233574,0.4408460070921318,0.536295115728421,OAS1_0005_MR1_mpr-1_anon,motion,low
0.4784206748008728,0.0883059650659561,0.0079351449385285,5.473211288452148,3.200866222381592,0.1135055273771286,0.004800621420145,0.1135055273771286,61.07121294806985,0.9392031189090584,0.4487500639177162,0.5434547886253631,OAS1_0005_MR1_mpr-1_anon,motion,medium
0.4707478284835815,0.0878286957740783,0.0078367386013269,5.409476280212402,3.191736936569214,0.1243059784173965,0.0047294073738157,0.1243059784173965,66.9915256874234,0.93253057920364,0.4484421861950441,0.536437325168345,OAS1_0005_MR1_mpr-1_anon,motion,high
0.0971760749816894,0.1440072357654571,0.0215357132256031,0.6509220600128174,2.758531332015991,0.1575988829135894,0.0140255270525813,0.1575988829135894,161.7731529086244,0.9276092114194748,0.5568879204610995,0.5966325139851948,OAS1_0005_MR1_mpr-2_anon,original,none
0.1299988627433776,0.180742084980011,0.0336683876812458,0.7027742862701416,2.937500476837158,0.1177612692117691,0.0005587957566604,0.1177612692117691,35.098451861213235,0.99015149674012,0.531337289522654,0.6546371089142675,OAS1_0005_MR1_mpr-2_anon,blur,low
0.1651334464550018,0.2170631289482116,0.04834546148777,0.7421349287033081,3.1483371257781982,0.0946419835090637,9.260769002139568e-05,0.0946419835090637,17.769388116574756,0.9971958341715548,0.5077276959352535,0.6555976368826815,OAS1_0005_MR1_mpr-2_anon,blur,medium
0.2086613476276397,0.2599154710769653,0.0693751499056816,0.7829045057296753,3.4218738079071045,0.0774672180414199,1.806430191209074e-05,0.0774672180414199,9.943351715686276,0.9989431261819328,0.4693114222233883,0.640019778604022,OAS1_0005_MR1_mpr-2_anon,blur,high
0.0991697758436203,0.1429065912961959,0.0212227404117584,0.6754003167152405,3.148686408996582,0.1616789996623993,0.0140651054680347,0.1616789996623993,162.0989798751532,0.9265736737121916,0.3139820143302335,0.4683448143627781,OAS1_0005_MR1_mpr-2_anon,noise,low
0.1011162102222442,0.1417907774448394,0.0209051575511693,0.7004095315933228,3.480063199996948,0.1658042967319488,0.0142663661390542,0.1658042967319488,163.0377652037377,0.9240414605239696,0.1711711930352196,0.3573176779482122,OAS1_0005_MR1_mpr-2_anon,noise,medium
0.1051142886281013,0.1396703273057937,0.0202893652021884,0.7506924271583557,3.7910776138305664,0.1747673451900482,0.0152713824063539,0.1747673451900482,168.986543303845,0.9164547071595353,0.0912286971373765,0.2479573372814091,OAS1_0005_MR1_mpr-2_anon,noise,high
0.0972744822502136,0.1439510285854339,0.0215004161000251,0.6516873240470886,2.758857250213623,0.1582666188478469,0.0141413770616054,0.1582666188478469,162.53044840494792,0.9271855639914328,0.556886450892603,0.5963592146306691,OAS1_0005_MR1_mpr-2_anon,original,none
0.097246766090393,0.1437717080116272,0.0214336887001991,0.6521868705749512,2.758695602416992,0.1586909890174865,0.0142221851274371,0.1586909890174865,162.92071940104168,0.9267992006034604,0.5568857068505498,0.5961530233203731,OAS1_0005_MR1_mpr-2_anon,original,none
0.0968654453754425,0.1431359946727752,0.0212274696677923,0.6525188684463501,2.757201194763184,0.158753365278244,0.0142606552690267,0.158753365278244,162.55913636450674,0.926275719666276,0.5568848811593432,0.5960565916228672,OAS1_0005_MR1_mpr-2_anon,original,none
0.4849522113800049,0.0934228599071502,0.0088413245975971,5.209649562835693,3.2821364402771,0.115614116191864,0.0053897867910563,0.115614116191864,64.34013241038602,0.9436239109093468,0.4394470599886602,0.5345946037550084,OAS1_0005_MR1_mpr-2_anon,motion,low
0.4798860549926758,0.0892105922102928,0.0081102233380079,5.423133850097656,3.2188496589660645,0.1151926442980766,0.0049012703821063,0.1151926442980766,61.859031048943024,0.9394178187180376,0.4462809678076442,0.5399853416388396,OAS1_0005_MR1_mpr-2_anon,motion,medium
0.4695714116096496,0.0879956260323524,0.0078563895076513,5.376070976257324,3.2058420181274414,0.1253511011600494,0.0047607216984033,0.1253511011600494,66.98018822763481,0.932780277688764,0.4463705655523687,0.5337213166713068,OAS1_0005_MR1_mpr-2_anon,motion,high
0.0973084419965744,0.1445588916540146,0.0217606760561466,0.6473199129104614,2.7349486351013184,0.1580116599798202,0.0142837613821029,0.1580116599798202,163.49355444814648,0.9276401726067572,0.5621623344118015,0.6008033895089213,OAS1_0005_MR1_mpr-3_anon,original,none
0.1295937001705169,0.1807839572429657,0.0337653569877147,0.6992092132568359,2.912487506866455,0.1167631894350051,0.0005438202060759,0.1167631894350051,34.177903597962626,0.9901868511985032,0.5368470265398663,0.6576874688009275,OAS1_0005_MR1_mpr-3_anon,blur,low
0.1652186214923858,0.2179876416921615,0.048864722251892,0.7383154630661011,3.1236937046051025,0.0944225192070007,9.209020208800212e-05,0.0944225192070007,17.738979204963236,0.9971901756577404,0.5132318601409596,0.6581590827648922,OAS1_0005_MR1_mpr-3_anon,blur,medium
0.2084848284721374,0.2613751292228699,0.0700670778751373,0.7779994010925293,3.394710063934326,0.0772063583135604,1.7899586964631453e-05,0.0772063583135604,9.927572093290442,0.9989538174669808,0.4747905063142456,0.6424469930189654,OAS1_0005_MR1_mpr-3_anon,blur,high
0.0992846339941024,0.1434189975261688,0.021435011178255,0.6720046997070312,3.127721071243286,0.1620886027812957,0.0143188368529081,0.1620886027812957,163.76764191272213,0.9266241037011582,0.3174642729547696,0.4716923420993887,OAS1_0005_MR1_mpr-3_anon,noise,low
0.1013958156108856,0.142531618475914,0.0211753770709037,0.6971554756164551,3.4646358489990234,0.1665316820144653,0.0145737687125802,0.1665316820144653,165.32962562710634,0.9241150573642268,0.1728158806762607,0.3591784746890024,OAS1_0005_MR1_mpr-3_anon,noise,medium
0.1051389724016189,0.1400835514068603,0.0204654969274997,0.7475300431251526,3.7781200408935542,0.1750242114067077,0.0154744945466518,0.1750242114067077,170.19813758999695,0.9165852532107348,0.0923185575582958,0.2494303589699805,OAS1_0005_MR1_mpr-3_anon,noise,high
0.0972020179033279,0.1442162692546844,0.0216298568993806,0.6480648517608643,2.7344963550567627,0.1583578288555145,0.0143397580832242,0.1583578288555145,163.5294117647059,0.9272692281237368,0.5621611687339458,0.6005778314655906,OAS1_0005_MR1_mpr-3_anon,original,none
0.0969445183873176,0.1437290608882904,0.0214595180004835,0.64854496717453,2.7333998680114746,0.1584217250347137,0.0143517991527915,0.1584217250347137,163.07760081571695,0.9269282002997296,0.5621603408647451,0.6004770967515074,OAS1_0005_MR1_mpr-3_anon,original,none
0.09639772772789,0.1428715884685516,0.0211784113198518,0.6488491892814636,2.73132872581482,0.1582166850566864,0.0143347540870308,0.1582166850566864,162.05484834558823,0.9264730458637868,0.5621594166496853,0.600444728344937,OAS1_0005_MR1_mpr-3_anon,original,none
0.4888593852519989,0.0924435555934906,0.0086483722552657,5.309945583343506,3.2726073265075684,0.1145447492599487,0.005330913234502,0.1145447492599487,63.03469525505516,0.9435532705739657,0.4398632250360429,0.5357747788313406,OAS1_0005_MR1_mpr-3_anon,motion,low
0.4848142862319946,0.0893894433975219,0.0081301219761371,5.470938205718994,3.2158002853393555,0.1155786514282226,0.0049765985459089,0.1155786514282226,62.30632874731924,0.9393926812541826,0.4468664676951307,0.5408474459404087,OAS1_0005_MR1_mpr-3_anon,motion,medium
0.4677849411964416,0.0882647559046745,0.0079050976783037,5.341914176940918,3.204537868499756,0.1257526874542236,0.0048383027315139,0.1257526874542236,67.47220411113665,0.932719113566824,0.4463293436939348,0.5338925664565036,OAS1_0005_MR1_mpr-3_anon,motion,high
0.0972954779863357,0.1425844430923462,0.0211208723485469,0.6574441194534302,2.777191638946533,0.1568478047847747,0.0137182995676994,0.1568478047847747,157.37001043581498,0.9298307032712338,0.5530832159223777,0.5926308978705837,OAS1_0005_MR1_mpr-4_anon,original,none
0.1301685124635696,0.179272711277008,0.0332012325525283,0.7082688808441162,2.9584381580352783,0.1160211265087127,0.0005193807301111,0.1160211265087127,33.05548741957721,0.9906898658822536,0.5278294396200308,0.6515006417782762,OAS1_0005_MR1_mpr-4_anon,blur,low
0.1669959425926208,0.2178770005702972,0.0487731322646141,0.7472062110900879,3.1725778579711914,0.0946664735674858,9.03605396160856e-05,0.0946664735674858,17.523886766620713,0.9972557432304312,0.504092392957558,0.6530156589671869,OAS1_0005_MR1_mpr-4_anon,blur,medium
0.2094677984714508,0.2595438063144684,0.0690410882234573,0.7878627777099609,3.4415323734283447,0.0772032961249351,1.7487865989096463e-05,0.0772032961249351,9.736524155560662,0.99895564321282,0.4656973513881979,0.6377948058430764,OAS1_0005_MR1_mpr-4_anon,blur,high
0.0992157012224197,0.1414419263601303,0.0207982528954744,0.6814831495285034,3.161618709564209,0.1607878804206848,0.0137473959475755,0.1607878804206848,157.58961217543657,0.9288799957919024,0.3136975790015482,0.4666126175115628,OAS1_0005_MR1_mpr-4_anon,noise,low
0.1011726707220077,0.1403515487909317,0.0204906314611434,0.7060522437095642,3.491178512573242,0.1649557650089264,0.01396703440696,0.1649557650089264,158.81740076401655,0.926536223218864,0.170721425031069,0.3558228086391839,OAS1_0005_MR1_mpr-4_anon,noise,medium
0.1051220595836639,0.1383067071437835,0.0198988057672977,0.7553960680961609,3.8007216453552246,0.173717975616455,0.0149435810744762,0.173717975616455,164.54894433115044,0.9192983580260072,0.0910339979176572,0.2471233195594203,OAS1_0005_MR1_mpr-4_anon,noise,high
0.097440481185913,0.1425857543945312,0.0211002584546804,0.6583408713340759,2.7776615619659424,0.157582551240921,0.0138367805629968,0.157582551240921,158.1538081150429,0.9294047029459648,0.5530818271615823,0.5923051738751014,OAS1_0005_MR1_mpr-4_anon,original,none
0.0974272564053535,0.1424402743577957,0.0210405103862285,0.6589598655700684,2.7774171829223637,0.1580261886119842,0.0139113962650299,0.1580261886119842,158.43670750038297,0.9290165473059188,0.5530808141442565,0.5921444832487639,OAS1_0005_MR1_mpr-4_anon,original,none
0.0972296148538589,0.1420605629682541,0.0209129676222801,0.6594506502151489,2.7765347957611084,0.1583741605281829,0.0139894289895892,0.1583741605281829,158.51914517271751,0.9284872122285328,0.5530799021061517,0.591935089393574,OAS1_0005_MR1_mpr-4_anon,original,none
0.4889358580112457,0.0935445576906204,0.0088676027953624,5.254538059234619,3.3007400035858154,0.1154575645923614,0.0053542302921414,0.1154575645923614,63.6007599475337,0.9444614354309968,0.435140891147426,0.5302662604664395,OAS1_0005_MR1_mpr-4_anon,motion,low
0.4759040772914886,0.0888647735118866,0.0080289281904697,5.385973930358887,3.2390503883361816,0.11463413387537,0.004806600511074,0.11463413387537,60.497119858685664,0.9402100873254386,0.4413897719988808,0.5356151350485134,OAS1_0005_MR1_mpr-4_anon,motion,medium
0.4660761654376983,0.0881907939910888,0.0078879715874791,5.315509796142578,3.227757692337036,0.1256472319364547,0.0047272029332816,0.1256472319364547,66.50149835324756,0.9335562744937346,0.441907931359848,0.5291643983408546,OAS1_0005_MR1_mpr-4_anon,motion,high
0.0678505450487136,0.1325101256370544,0.0184300728142261,0.4874003529548645,2.2152931690216064,0.1209735423326492,0.0087105277925729,0.1209735423326492,117.4719633214614,0.9342686880910176,0.6566939886220149,0.695985049831789,OAS1_0006_MR1_mpr-1_anon,original,none
0.0871074795722961,0.1583459675312042,0.026175107806921,0.5292119979858398,2.3519906997680664,0.0946473330259323,0.0005068747559562,0.0946473330259323,33.17689376531863,0.9870234470629394,0.6378077156265867,0.7470109770720972,OAS1_0006_MR1_mpr-1_anon,blur,low
0.1126008480787277,0.1899926364421844,0.0374515168368816,0.5706530809402466,2.541522264480591,0.0800907611846923,0.000106650237285,0.0800907611846923,18.010311111749388,0.996069346538192,0.6181863483106307,0.7412904258396962,OAS1_0006_MR1_mpr-1_anon,blur,medium
0.1493484079837799,0.235156238079071,0.0573809407651424,0.6119151711463928,2.78804874420166,0.0679490119218826,2.312486685696058e-05,0.0679490119218826,10.10611380782782,0.9987129348760724,0.5858651789730587,0.7197363850763989,OAS1_0006_MR1_mpr-1_anon,blur,high
0.0692691653966903,0.1318215131759643,0.01824208535254,0.5040584206581116,2.3916139602661133,0.1240155324339866,0.0087235867977142,0.1240155324339866,117.56324821920956,0.9340430880773848,0.5616620056972482,0.6482941773579147,OAS1_0006_MR1_mpr-1_anon,noise,low
0.0707379505038261,0.1312227249145507,0.0180790927261114,0.5209435224533081,2.808462142944336,0.1272012740373611,0.0088152214884758,0.1272012740373611,118.20063715916054,0.932999253101104,0.2840487372656061,0.4937539137928308,OAS1_0006_MR1_mpr-1_anon,noise,medium
0.0735901892185211,0.1298355162143707,0.0177023168653249,0.5551717281341553,3.171766757965088,0.1336098313331604,0.0091762747615575,0.1336098313331604,120.24242182712928,0.930035054459972,0.158953259800679,0.3647617943637776,OAS1_0006_MR1_mpr-1_anon,noise,high
0.0668883770704269,0.1308930814266204,0.0179720073938369,0.4869382977485657,2.2109298706054688,0.1196024417877197,0.0085176192224025,0.1196024417877197,114.3224168964461,0.93428651809234,0.6566944162026633,0.6962993284424999,OAS1_0006_MR1_mpr-1_anon,original,none
0.0655064433813095,0.1286116242408752,0.0173269119113683,0.4863848090171814,2.204485893249512,0.1174820959568023,0.0082230325788259,0.1174820959568023,109.84828814338238,0.9343052929513124,0.6566960116864418,0.6968682017813786,OAS1_0006_MR1_mpr-1_anon,original,none
0.0636145994067192,0.1255294680595398,0.0164796467870473,0.4854167699813843,2.1954545974731445,0.1145643889904022,0.0078313192352652,0.1145643889904022,103.91420994178922,0.934350423219908,0.6566984599625065,0.6977090806062174,OAS1_0006_MR1_mpr-1_anon,original,none
0.4157150089740753,0.0795789062976837,0.0063680433668196,5.264435768127441,2.698117733001709,0.0881751924753189,0.0032018814235925,0.0881751924753189,43.95640366498162,0.946547463274978,0.5470976783350333,0.6448558025565705,OAS1_0006_MR1_mpr-1_anon,motion,low
0.4439662098884582,0.073623389005661,0.0054426724091172,6.067121982574463,2.6176013946533203,0.085866741836071,0.0027484348975121,0.085866741836071,39.80284064797794,0.9432600258267506,0.5571977465906954,0.6533692106723068,OAS1_0006_MR1_mpr-1_anon,motion,medium
0.4562148451805115,0.071848027408123,0.0051823053508996,6.391628742218018,2.612882614135742,0.0905142650008201,0.0026495780330151,0.0905142650008201,42.38376010071998,0.9368056416947635,0.552767326464364,0.6455466483501797,OAS1_0006_MR1_mpr-1_anon,motion,high
0.0678638592362403,0.1328817903995514,0.0185989681631326,0.4846257269382477,2.181225061416626,0.1192104071378707,0.0085233878344297,0.1192104071378707,114.97851514629292,0.9344717262989573,0.664339532068275,0.7024975969755148,OAS1_0006_MR1_mpr-2_anon,original,none
0.0865420401096344,0.1580829918384552,0.026126617565751,0.5250676274299622,2.313204050064087,0.09319319576025,0.0004907406400889,0.09319319576025,31.923294127221205,0.987164723947695,0.6457319464053762,0.7508794098414426,OAS1_0006_MR1_mpr-2_anon,blur,low
0.1123028993606567,0.1910390555858612,0.0378553196787834,0.5652635097503662,2.504707336425781,0.0795773938298225,0.0001042606600094,0.0795773938298225,17.572097359451593,0.9962318904713174,0.6257900866792946,0.743787413795505,OAS1_0006_MR1_mpr-2_anon,blur,medium
0.1486334800720214,0.2364947497844696,0.0580199807882308,0.6051392555236816,2.751774311065674,0.0675148963928222,2.239689820271451e-05,0.0675148963928222,9.867957979090075,0.9987547341495036,0.5933347824761025,0.7222583366807063,OAS1_0006_MR1_mpr-2_anon,blur,high
0.0692939758300781,0.1321854144334793,0.0184076093137264,0.5018609762191772,2.358847141265869,0.1222911179065704,0.008538331836462,0.1222911179065704,115.07185980104934,0.9342210853296686,0.5687076098131769,0.6545123455054352,OAS1_0006_MR1_mpr-2_anon,noise,low
0.070732370018959,0.1314904987812042,0.0182182788848876,0.5193103551864624,2.780606746673584,0.1254449486732483,0.0086186230182647,0.1254449486732483,115.58526048847273,0.9331221292230112,0.2876770830854289,0.4980183171933596,OAS1_0006_MR1_mpr-2_anon,noise,medium
0.0736624598503112,0.1302185505628585,0.0178662072867155,0.5546875,3.150686264038086,0.1320209801197052,0.008995933458209,0.1320209801197052,117.7913438983992,0.9299646611236384,0.1609350081432059,0.3675470833224345,OAS1_0006_MR1_mpr-2_anon,noise,high
0.0665267631411552,0.1306809037923813,0.0179678481072187,0.4840310215950012,2.175224542617798,0.1172079518437385,0.0082423854619264,0.1172079518437385,110.64705499387256,0.934521202324427,0.6643407617212935,0.7030075719581883,OAS1_0006_MR1_mpr-2_anon,original,none
0.0649976655840873,0.1281718462705612,0.0172593407332897,0.4833370149135589,2.1682333946228027,0.1148543134331703,0.0079193953424692,0.1148543134331703,105.79994877833948,0.934576457180498,0.6643423976953373,0.7036614167070747,OAS1_0006_MR1_mpr-2_anon,original,none
0.0629553794860839,0.1248577535152435,0.0163506343960762,0.4821486473083496,2.158710479736328,0.1117100045084953,0.0075039938092231,0.1117100045084953,99.57582457299328,0.9346686950308236,0.6643447825696879,0.7045979209298018,OAS1_0006_MR1_mpr-2_anon,original,none
0.4056189060211181,0.0802623406052589,0.0064824908040463,5.098935127258301,2.6767423152923584,0.0877318158745765,0.0031866459175944,0.0877318158745765,43.88733819699755,0.947569379831638,0.552953246164694,0.6485832908397896,OAS1_0006_MR1_mpr-2_anon,motion,low
0.4440011382102966,0.0735844448208808,0.0054358374327421,6.064912796020508,2.5898351669311523,0.0844763219356536,0.0026828930713236,0.0844763219356536,38.925695082720594,0.9444609406538812,0.5633211149105639,0.6582037392950835,OAS1_0006_MR1_mpr-2_anon,motion,medium
0.4548490941524505,0.0721222162246704,0.0052306624129414,6.358819484710693,2.585512161254883,0.0897267535328865,0.0026131332851946,0.0897267535328865,41.94993896484375,0.9379113051335224,0.559440776310203,0.6501824075579103,OAS1_0006_MR1_mpr-2_anon,motion,high
0.0689032673835754,0.1342159211635589,0.0189237184822559,0.4890514612197876,2.216465473175049,0.1211026981472969,0.008581974543631,0.1211026981472969,116.38236083984376,0.9359003289805592,0.6574321643903307,0.696764352438145,OAS1_0006_MR1_mpr-3_anon,original,none
0.0878361463546752,0.1593639403581619,0.0265386030077934,0.5298970937728882,2.347921848297119,0.0945720076560974,0.0004971420858055,0.0945720076560974,32.363416245404416,0.987225331193914,0.6387176440597018,0.7472201161153076,OAS1_0006_MR1_mpr-3_anon,blur,low
0.1132410019636154,0.19119393825531,0.0378814376890659,0.570796012878418,2.5377159118652344,0.0802119225263595,0.0001054222811944,0.0802119225263595,17.68125119676777,0.9961845276025344,0.6189941781321018,0.7413244445396107,OAS1_0006_MR1_mpr-3_anon,blur,medium
0.1486726701259613,0.2346101999282837,0.0570348054170608,0.6114832758903503,2.782626152038574,0.0675097405910492,2.252472586405929e-05,0.0675097405910492,9.79741809321385,0.9987430097231832,0.5868297747458948,0.7206029272343702,OAS1_0006_MR1_mpr-3_anon,blur,high
0.0703547149896621,0.1335333883762359,0.0187347829341888,0.5058218240737915,2.40138578414917,0.1242098808288574,0.008600172586739,0.1242098808288574,116.53315704944087,0.9356580708724084,0.5565964416302467,0.6462166082153116,OAS1_0006_MR1_mpr-3_anon,noise,low
0.0718437805771827,0.1329040676355362,0.0185621567070484,0.5227940082550049,2.8167872428894043,0.12744802236557,0.0086951460689306,0.12744802236557,117.1980572868796,0.9346384604757842,0.2815140878750808,0.4921830740410007,OAS1_0006_MR1_mpr-3_anon,noise,medium
0.0746708959341049,0.1313914805650711,0.0181435383856296,0.5573258996009827,3.179309606552124,0.1338301301002502,0.0090517550706863,0.1338301301002502,119.06389076382509,0.931703503649879,0.1573486533370812,0.3625644834892274,OAS1_0006_MR1_mpr-3_anon,noise,high
0.0678799599409103,0.1325254440307617,0.0184441171586513,0.4884546101093292,2.212015390396118,0.1196388825774192,0.00838078930974,0.1196388825774192,113.12179768880208,0.9359352521400676,0.6574326393588126,0.6971230751706873,OAS1_0006_MR1_mpr-3_anon,original,none
0.0664423555135726,0.130173921585083,0.017774548381567,0.4877580404281616,2.205499649047852,0.1174525320529937,0.0080822519958019,0.1174525320529937,108.5867900773591,0.9359771864555602,0.6574344525996532,0.6977176137914112,OAS1_0006_MR1_mpr-3_anon,original,none
0.0643644630908966,0.1268141120672226,0.0168414451181888,0.4865654706954956,2.195887565612793,0.114258274435997,0.0076598599553108,0.114258274435997,102.24266453163298,0.9360463293611514,0.6574368102045012,0.6986785220217342,OAS1_0006_MR1_mpr-3_anon,original,none
0.4139842092990875,0.0802314803004264,0.0064753554761409,5.202549934387207,2.694543600082397,0.0881205797195434,0.0031492009293287,0.0881205797195434,43.53202143650429,0.9479916998501228,0.5499037705937007,0.6463661902142253,OAS1_0006_MR1_mpr-3_anon,motion,low
0.4455019235610962,0.0745836794376373,0.0055832643993198,6.005563259124756,2.612691164016724,0.0860887467861175,0.002730896230787,0.0860887467861175,39.80658150467218,0.9448212852292592,0.5604154134443626,0.6550425222892801,OAS1_0006_MR1_mpr-3_anon,motion,medium
0.4562539458274841,0.0729736760258674,0.0053559024818241,6.3046064376831055,2.613656520843506,0.0912153273820877,0.0026435209438204,0.0912153273820877,42.70171807981005,0.9383603602157894,0.5549112527701218,0.6466150294235208,OAS1_0006_MR1_mpr-3_anon,motion,high
0.0684125497937202,0.1339488923549652,0.0188978519290685,0.4843335747718811,2.1800265312194824,0.1197220087051391,0.008569810539484,0.1197220087051391,116.29662559359684,0.934911810001096,0.6649783641856528,0.7031744646879483,OAS1_0006_MR1_mpr-4_anon,original,none
0.0870459899306297,0.1591021567583084,0.026479123160243,0.5242159962654114,2.311611652374268,0.0935471653938293,0.0004928787238895,0.0935471653938293,32.25466380399816,0.9872126379126476,0.6465131907360465,0.7512633175838708,OAS1_0006_MR1_mpr-4_anon,blur,low
0.112425185739994,0.191443383693695,0.0380718931555748,0.5640321969985962,2.5006206035614014,0.0796006470918655,0.0001039717317325,0.0796006470918655,17.636166082643996,0.996235527384395,0.6267317289465011,0.7444165217975072,OAS1_0006_MR1_mpr-4_anon,blur,medium
0.147999957203865,0.2359681576490402,0.0578000210225582,0.6036993265151978,2.743966579437256,0.0672678798437118,2.227956247224938e-05,0.0672678798437118,9.85102347579657,0.9987522551935402,0.5944812555131247,0.7234553234364867,OAS1_0006_MR1_mpr-4_anon,blur,high
0.0698729008436203,0.1332795321941375,0.0187132060527801,0.5015285015106201,2.361867427825928,0.1228602677583694,0.0085896179080009,0.1228602677583694,116.455615234375,0.9346649056759933,0.5665129733168286,0.653780462917666,OAS1_0006_MR1_mpr-4_anon,noise,low
0.0712827295064926,0.132513627409935,0.0185018293559551,0.518971860408783,2.7823972702026367,0.1259671300649643,0.0086614713072776,0.1259671300649643,116.83476000019148,0.9335508269712064,0.2866984773864103,0.497779885816901,OAS1_0006_MR1_mpr-4_anon,noise,medium
0.0742469429969787,0.1312559247016906,0.0181511063128709,0.5543081760406494,3.152700901031494,0.1326296031475067,0.0090435110032558,0.1326296031475067,119.08699197208182,0.9304960216615596,0.1600878427009271,0.3666726148521516,OAS1_0006_MR1_mpr-4_anon,noise,high
0.0672401338815689,0.1319890916347503,0.0183365046977996,0.4837391972541809,2.174988269805908,0.118008553981781,0.0083318315446376,0.118008553981781,112.51997931985296,0.9349543446260536,0.6649792484833239,0.7036095688663391,OAS1_0006_MR1_mpr-4_anon,original,none
0.0657567009329795,0.1295568495988845,0.0176415666937828,0.4830451011657715,2.168379306793213,0.1157507002353668,0.0080218622460961,0.1157507002353668,107.83740617340688,0.9349949017526966,0.6649809954492445,0.7042435470113757,OAS1_0006_MR1_mpr-4_anon,original,none
0.0636721700429916,0.1261631846427917,0.0166978947818279,0.4818564057350158,2.158921718597412,0.1125562265515327,0.0075979279354214,0.1125562265515327,101.46824927236524,0.9350710201465536,0.6649836814795871,0.705191175404801,OAS1_0006_MR1_mpr-4_anon,original,none
0.408932626247406,0.0803950801491737,0.0065019922330975,5.134237289428711,2.674124956130981,0.0876683071255683,0.0031706066802144,0.0876683071255683,43.902946442248776,0.9478277091744912,0.5533957141503657,0.649687229306978,OAS1_0006_MR1_mpr-4_anon,motion,low
0.4457902014255523,0.0737972855567932,0.0054662600159645,6.07172966003418,2.588414669036865,0.0845488682389259,0.0026809992268681,0.0845488682389259,39.13799378638174,0.9446326708657872,0.5636485610833459,0.6590218161580848,OAS1_0006_MR1_mpr-4_anon,motion,medium
0.4570677876472473,0.0724224001169204,0.0052756769582629,6.363280296325684,2.5886270999908447,0.0899129956960678,0.0026150257326662,0.0899129956960678,42.27732172947304,0.9381457308640312,0.5588114308236927,0.6506192089470066,OAS1_0006_MR1_mpr-4_anon,motion,high
0.0813193842768669,0.1372681707143783,0.0194683596491813,0.5692547559738159,2.43601393699646,0.1352138519287109,0.0105858510360121,0.1352138519287109,135.6698845358456,0.9363436134286276,0.6207318376000281,0.6590222562407222,OAS1_0007_MR1_mpr-1_anon,original,none
0.1098904758691787,0.1740241050720214,0.0312922224402427,0.6105998754501343,2.60849666595459,0.1069879457354545,0.0005472564371302,0.1069879457354545,37.65038392310049,0.9895399698759604,0.5992293430165758,0.7042338135831642,OAS1_0007_MR1_mpr-1_anon,blur,low
0.1399861276149749,0.2103064358234405,0.0457759909331798,0.645139217376709,2.8004612922668457,0.0871070474386215,9.589655383024363e-05,0.0871070474386215,19.54822495404412,0.9967283180081616,0.5780627223318525,0.6985022907975338,OAS1_0007_MR1_mpr-1_anon,blur,medium
0.1716249883174896,0.245459645986557,0.0617540515959262,0.6810781955718994,3.032303810119629,0.070138469338417,1.685092502157204e-05,0.070138469338417,10.174997127757354,0.9987691924601784,0.5441430522151625,0.6836919620248842,OAS1_0007_MR1_mpr-1_anon,blur,high
0.0829438120126724,0.1363514959812164,0.0192122440785169,0.5872743129730225,2.7227706909179688,0.138679027557373,0.0106072379276156,0.138679027557373,135.84695877374386,0.9359940260971172,0.4436357643942059,0.5698292139873185,OAS1_0007_MR1_mpr-1_anon,noise,low
0.0845142304897308,0.1353736072778701,0.0189362503588199,0.6055359244346619,3.0982112884521484,0.1421505510807037,0.0107179014012217,0.1421505510807037,136.35303296855852,0.9348173253780476,0.2316365637355137,0.4363368648873983,OAS1_0007_MR1_mpr-1_anon,noise,medium
0.0878518521785736,0.1336963325738906,0.0184667352586984,0.6427639722824097,3.4467315673828125,0.1496709287166595,0.0112941991537809,0.1496709287166595,139.73811872893688,0.9314260112897416,0.126087789026191,0.311442064209501,OAS1_0007_MR1_mpr-1_anon,noise,high
0.0816352516412735,0.1376269310712814,0.0195795893669128,0.5696357488632202,2.43759822845459,0.1361093372106552,0.010731566697359,0.1361093372106552,137.07468955844058,0.9361000269991752,0.6207300702875572,0.6587251975266284,OAS1_0007_MR1_mpr-1_anon,original,none
0.0817605704069137,0.1377345323562622,0.0196181628853082,0.569828450679779,2.4383764266967773,0.136679857969284,0.0108339358121156,0.136679857969284,137.93011594286153,0.935872332346104,0.6207290560942785,0.658500336079583,OAS1_0007_MR1_mpr-1_anon,original,none
0.0815321654081344,0.1373225748538971,0.0195076428353786,0.5698215961456299,2.4379141330718994,0.1368222683668136,0.0108863338828086,0.1368222683668136,137.9227778416054,0.9355763198384855,0.6207281011370503,0.6584553325177696,OAS1_0007_MR1_mpr-1_anon,original,none
0.4105051457881927,0.0834056213498115,0.0069970623590052,4.963582992553711,2.901122093200684,0.0970046818256378,0.0040193540044128,0.0970046818256378,52.69274088541667,0.9421193842938028,0.5149253779742484,0.6060400831138908,OAS1_0007_MR1_mpr-1_anon,motion,low
0.4629478454589844,0.080587700009346,0.0065370807424187,5.812100410461426,2.8405325412750244,0.0978234261274337,0.0037308810278773,0.0978234261274337,51.61635670381434,0.9397135262265424,0.5238028606599172,0.613884211075518,OAS1_0007_MR1_mpr-1_anon,motion,medium
0.4647192358970642,0.0773687660694122,0.0060211066156625,6.051272392272949,2.821746349334717,0.1037750244140625,0.0034526200033724,0.1037750244140625,52.97038693895527,0.9325486667988406,0.523780598935129,0.6066010709239626,OAS1_0007_MR1_mpr-1_anon,motion,high
0.0800533592700958,0.1356448829174041,0.0190460309386253,0.5657675862312317,2.3881850242614746,0.1325355470180511,0.0107614221051335,0.1325355470180511,134.10128437117038,0.9358694379749511,0.6297536453930438,0.6663650507101836,OAS1_0007_MR1_mpr-2_anon,original,none
0.1100389882922172,0.1747577041387558,0.0316792726516723,0.6066347360610962,2.567894458770752,0.1068306714296341,0.0005538020050153,0.1068306714296341,37.66951784620099,0.9896896953718868,0.6080705928863577,0.7077858977031957,OAS1_0007_MR1_mpr-2_anon,blur,low
0.1395092159509658,0.2106422632932663,0.046064592897892,0.6403051614761353,2.7569379806518555,0.0866602957248687,9.551565744914114e-05,0.0866602957248687,19.240842093673407,0.996827973872152,0.5867864206711209,0.7018256414344091,OAS1_0007_MR1_mpr-2_anon,blur,medium
0.1704072505235672,0.2454396784305572,0.0618348456919193,0.6751633286476135,2.987226963043213,0.0697216913104057,1.6611602404736914e-05,0.0697216913104057,9.981497252221205,0.9987943594383936,0.5526558672125954,0.6870352149023198,OAS1_0007_MR1_mpr-2_anon,blur,high
0.0816762074828147,0.1347390115261078,0.0187954418361186,0.5840962529182434,2.669771909713745,0.1360091567039489,0.0107783172279596,0.1360091567039489,134.249576104856,0.9355221051561288,0.4576578096762941,0.5797030159080961,OAS1_0007_MR1_mpr-2_anon,noise,low
0.0833435654640197,0.1339055299758911,0.0185646433383226,0.6027072668075562,3.0554628372192383,0.1396391540765762,0.0109076425433158,0.1396391540765762,135.05153341854322,0.934327198955746,0.2375073520949845,0.4426992076393591,OAS1_0007_MR1_mpr-2_anon,noise,medium
0.086592748761177,0.1320989578962326,0.0180671196430921,0.6405166387557983,3.412192344665528,0.1469780802726745,0.01143161021173,0.1469780802726745,137.989291082644,0.930846669181643,0.129663313023222,0.3165406667884915,OAS1_0007_MR1_mpr-2_anon,noise,high
0.0804722011089325,0.1362198591232299,0.0192115567624568,0.566069483757019,2.3903822898864746,0.1336036622524261,0.0109394565224647,0.1336036622524261,135.87958290249696,0.9356270390427944,0.6297519207138678,0.6660190838274372,OAS1_0007_MR1_mpr-2_anon,original,none
0.0805772468447685,0.1363419294357299,0.019244672730565,0.5661762952804565,2.391309976577759,0.1341428160667419,0.0110407788306474,0.1341428160667419,136.70085497089462,0.9354077875442016,0.6297511134342861,0.6658397559777514,OAS1_0007_MR1_mpr-2_anon,original,none
0.0802722349762916,0.1358731687068939,0.0191098265349864,0.5660321116447449,2.390854358673096,0.1341461986303329,0.0110745811834931,0.1341461986303329,136.4570350796569,0.93511912183144,0.6297507603325645,0.6658121476861903,OAS1_0007_MR1_mpr-2_anon,original,none
0.411213219165802,0.0822476893663406,0.0068104015663266,5.031267166137695,2.85603928565979,0.0949372500181198,0.0040734689682722,0.0949372500181198,51.89258626302083,0.941041229980517,0.5238227529600503,0.6123204008831625,OAS1_0007_MR1_mpr-2_anon,motion,low
0.468122124671936,0.0804664194583892,0.0065259058028459,5.885236740112305,2.8063788414001465,0.0970374643802642,0.0038703235331922,0.0970374643802642,52.13648466222427,0.939199694781376,0.5318923544779399,0.6182612593177601,OAS1_0007_MR1_mpr-2_anon,motion,medium
0.4536703824996948,0.076383575797081,0.0058631552383303,5.96788215637207,2.7791905403137207,0.1015751808881759,0.0034738397225737,0.1015751808881759,51.98877934474572,0.9317090339265528,0.5322113506641193,0.6130862948580349,OAS1_0007_MR1_mpr-2_anon,motion,high
0.0798692777752876,0.1354823857545852,0.018990758806467,0.5654360055923462,2.3852877616882324,0.1323291957378387,0.0108297048136591,0.1323291957378387,134.44307191138176,0.9366861056101504,0.6300999041529523,0.6667014288769902,OAS1_0007_MR1_mpr-3_anon,original,none
0.1096490547060966,0.1743914633989334,0.0315041840076446,0.6061030626296997,2.563409805297852,0.1063276305794715,0.0005506299203261,0.1063276305794715,37.362516994102336,0.9899574395385586,0.6085202731910275,0.7083188391321334,OAS1_0007_MR1_mpr-3_anon,blur,low
0.1389391720294952,0.2099699676036834,0.0457928627729415,0.6395471096038818,2.751646041870117,0.0861444324254989,9.364837023895234e-05,0.0861444324254989,18.998672066482843,0.9968609690156448,0.5872927951847857,0.7025805216018097,OAS1_0007_MR1_mpr-3_anon,blur,medium
0.1695810556411743,0.2442310154438018,0.0613249540328979,0.6744210124015808,2.982144355773926,0.0692903473973274,1.6406303984695114e-05,0.0692903473973274,9.883464738434435,0.998796945342544,0.5531881326545862,0.6879430285877735,OAS1_0007_MR1_mpr-3_anon,blur,high
0.0814868211746215,0.134569376707077,0.0187380649149417,0.5835527181625366,2.666128158569336,0.1357977837324142,0.0108489003032445,0.1357977837324142,134.62635569852944,0.9363377247998736,0.4583884640144279,0.5802101747937297,OAS1_0007_MR1_mpr-3_anon,noise,low
0.0831035077571868,0.1336763501167297,0.0184890367090702,0.6019569635391235,3.051183223724365,0.1393277049064636,0.0109586101025342,0.1393277049064636,135.1756887398514,0.9351916706066964,0.2382501812937767,0.4434069770548743,OAS1_0007_MR1_mpr-3_anon,noise,medium
0.0863964259624481,0.1319431066513061,0.0180159471929073,0.6393288373947144,3.408914804458618,0.146772876381874,0.0115038398653268,0.146772876381874,138.38286096909468,0.9317958912945958,0.1300544766830072,0.3172440078543717,OAS1_0007_MR1_mpr-3_anon,noise,high
0.0802958011627197,0.1360485851764679,0.0191520825028419,0.565775454044342,2.3875486850738525,0.1334066390991211,0.0110099222511053,0.1334066390991211,136.23601481119795,0.936425794677456,0.63009870954474,0.6663376610561347,OAS1_0007_MR1_mpr-3_anon,original,none
0.0805076882243156,0.1363250166177749,0.0192320197820663,0.5659183859825134,2.3888940811157227,0.1341141462326049,0.0111395381391048,0.1341141462326049,137.38367249731925,0.9361942650825132,0.6300975371759623,0.6661014414367676,OAS1_0007_MR1_mpr-3_anon,original,none
0.0804745182394981,0.1362572163343429,0.0192139483988285,0.5658257007598877,2.389617443084717,0.1345757246017456,0.0112494025379419,0.1345757246017456,138.06470683976718,0.935889681676523,0.63009694131842,0.6659617346905515,OAS1_0007_MR1_mpr-3_anon,original,none
0.4092535376548767,0.0819948762655258,0.0067743961699306,5.027847290039063,2.8539042472839355,0.0946808755397796,0.0040919333696365,0.0946808755397796,51.92111888212317,0.9406752858872928,0.5237440265848332,0.6124715219278059,OAS1_0007_MR1_mpr-3_anon,motion,low
0.4695196151733398,0.0802343860268592,0.0064903749153018,5.925902366638184,2.808066368103028,0.0968248546123504,0.0038893283344805,0.0968248546123504,52.09692646101409,0.938849283605212,0.5309793107871169,0.6182483498785174,OAS1_0007_MR1_mpr-3_anon,motion,medium
0.454005479812622,0.0759783238172531,0.0058028199709951,6.006135940551758,2.7784314155578613,0.1010699570178985,0.0034700408577919,0.1010699570178985,51.68859288832721,0.9313092104925752,0.5315421036277672,0.6130876829944538,OAS1_0007_MR1_mpr-3_anon,motion,high
0.0777616649866104,0.1315307915210724,0.0184855610132217,0.5554823279380798,2.5098772048950195,0.133729487657547,0.0095171267166733,0.133729487657547,122.02208587048102,0.930755844855043,0.5972953596135528,0.6408086401909724,OAS1_0009_MR1_mpr-1_anon,original,none
0.1043576300144195,0.1647249311208725,0.0287414491176605,0.6058177351951599,2.67645525932312,0.1071126535534858,0.0005298142787069,0.1071126535534858,36.343541523054526,0.9869897657656872,0.5756194149580848,0.6982919302675585,OAS1_0009_MR1_mpr-1_anon,blur,low
0.1379084587097168,0.20152348279953,0.0428005680441856,0.6548823714256287,2.8951544761657715,0.0911477878689765,0.0001223520521307,0.0911477878689765,20.415270996093756,0.9960081154838464,0.5529602235515366,0.6918360847727293,OAS1_0009_MR1_mpr-1_anon,blur,medium
0.1739664673805236,0.2391340583562851,0.0594668909907341,0.702448844909668,3.1479086875915527,0.071789413690567,2.150334330508485e-05,0.071789413690567,9.665814328661153,0.9987741115936636,0.5170421160780023,0.6752301700653134,OAS1_0009_MR1_mpr-1_anon,blur,high
0.0792751461267471,0.1306809782981872,0.018254330381751,0.5765321254730225,2.772389411926269,0.1369607746601104,0.0095355454832315,0.1369607746601104,122.12575958850336,0.9301745711125778,0.4374539793297073,0.5600188643775716,OAS1_0009_MR1_mpr-1_anon,noise,low
0.0807870924472808,0.1298162639141082,0.0180207435041666,0.5979567170143127,3.1341662406921387,0.1402691006660461,0.0096438601613044,0.1402691006660461,122.67486715877756,0.9283957071203726,0.2266141259462461,0.4293560671529992,OAS1_0009_MR1_mpr-1_anon,noise,medium
0.083827406167984,0.1281666457653045,0.0175645463168621,0.6414371728897095,3.458803653717041,0.1472129821777343,0.0101600773632526,0.1472129821777343,125.4747217514936,0.9230542748669572,0.124084223965477,0.3096663487523703,OAS1_0009_MR1_mpr-1_anon,noise,high
0.0764993727207183,0.1295658946037292,0.0179214142262935,0.5550203323364258,2.50430965423584,0.1321556568145752,0.009306339547038,0.1321556568145752,118.85602644378064,0.9306017384864848,0.597296088249029,0.6412117486238111,OAS1_0009_MR1_mpr-1_anon,original,none
0.0745754316449165,0.1267232000827789,0.0171085335314273,0.5544109344482422,2.4953973293304443,0.1294245421886444,0.0089367954060435,0.1294245421886444,113.67117417279412,0.9304552580021612,0.5972982074544338,0.6419851812991808,OAS1_0009_MR1_mpr-1_anon,original,none
0.0718426704406738,0.1227490603923797,0.016006838530302,0.5532758831977844,2.4823131561279297,0.1254764795303344,0.0084197483956813,0.1254764795303344,106.47097191904106,0.9302746056278844,0.5973018038118132,0.643181473793873,OAS1_0009_MR1_mpr-1_anon,original,none
0.4110865592956543,0.0839308351278305,0.0070939399302005,4.915229797363281,3.0517725944519043,0.1002333015203476,0.0037253932096064,0.1002333015203476,49.10943412032782,0.9464945220144204,0.4699481979489986,0.5781904794155389,OAS1_0009_MR1_mpr-1_anon,motion,low
0.4415318965911865,0.0783025100827217,0.0061572361737489,5.6566162109375,2.964797019958496,0.0965863317251205,0.0031951917335391,0.0965863317251205,44.41877848307292,0.944117039885184,0.4797449902144399,0.5881585507412439,OAS1_0009_MR1_mpr-1_anon,motion,medium
0.4534540772438049,0.0763185396790504,0.0058491500094532,5.974390983581543,2.946374654769897,0.1037809401750564,0.0030710310675203,0.1037809401750564,47.16481383080576,0.9376612885345048,0.4809372722087847,0.5818225925646633,OAS1_0009_MR1_mpr-1_anon,motion,high
0.0951189622282981,0.1582558453083038,0.0271909497678279,0.5556014776229858,2.5431671142578125,0.1482591778039932,0.0115011343732476,0.1482591778039932,149.13550905713848,0.9390713186447504,0.6051569104892323,0.6446801597627791,OAS1_0009_MR1_mpr-2_anon,original,none
0.1144790351390838,0.1806312501430511,0.0347332581877708,0.5985715389251709,2.6717474460601807,0.1091690063476562,0.0005353877786546,0.1091690063476562,37.48404301662072,0.9887166273549076,0.5839209639803409,0.7020211009153273,OAS1_0009_MR1_mpr-2_anon,blur,low
0.1440022140741348,0.2137449383735656,0.0482750907540321,0.6407700777053833,2.866488456726074,0.0894916355609893,0.0001158944651251,0.0894916355609893,19.72694259344363,0.9965903630401672,0.5618373165039867,0.6970645615109943,OAS1_0009_MR1_mpr-2_anon,blur,medium
0.177603393793106,0.2503787577152252,0.0654563009738922,0.6811985969543457,3.1112513542175293,0.069067358970642,1.974887891265098e-05,0.069067358970642,9.072557875689338,0.9989546699745973,0.5268865840266923,0.6827816068567163,OAS1_0009_MR1_mpr-2_anon,blur,high
0.0965999662876129,0.1567040979862213,0.0266639105975627,0.5780660510063171,2.908623218536377,0.1516508907079696,0.0114559736102819,0.1516508907079696,148.30660843194698,0.938326991277207,0.3658351551696954,0.5231066204317036,OAS1_0009_MR1_mpr-2_anon,noise,low
0.0980394259095192,0.1551131755113601,0.0261253248900175,0.6009469032287598,3.257763624191284,0.1551008075475692,0.0115398773923516,0.1551008075475692,148.08408909217982,0.9364168621280216,0.2001914041016108,0.402734621820505,OAS1_0009_MR1_mpr-2_anon,noise,medium
0.1010564714670181,0.1522127389907837,0.025138109922409,0.6472131013870239,3.580338478088379,0.162529319524765,0.0121324863284826,0.162529319524765,150.37011216107538,0.9306681630251245,0.1077986777132751,0.2821868840979362,OAS1_0009_MR1_mpr-2_anon,noise,high
0.0919632613658905,0.1535510420799255,0.0255020968616008,0.5552997589111328,2.5321056842803955,0.1441675722599029,0.0108730159699916,0.1441675722599029,140.4100782207414,0.9388730781402788,0.6051587771406268,0.6456315654192275,OAS1_0009_MR1_mpr-2_anon,original,none
0.0891519337892532,0.1493844836950302,0.0240595676004886,0.5548385381698608,2.5220651626586914,0.1405166685581207,0.0103336367756128,0.1405166685581207,132.9416422526042,0.9386879370275112,0.6051607753348032,0.6465174503672008,OAS1_0009_MR1_mpr-2_anon,original,none
0.0854920595884323,0.1440167278051376,0.0222712624818086,0.5539044141769409,2.5085270404815674,0.1357633769512176,0.009661016985774,0.1357633769512176,123.61948337928922,0.938452781027334,0.6051638198028724,0.6477509167796548,OAS1_0009_MR1_mpr-2_anon,original,none
0.425840824842453,0.0938050001859664,0.0088413842022418,4.566776275634766,3.0914711952209477,0.104397103190422,0.0039212880656123,0.104397103190422,52.22555362477022,0.954969845376326,0.470380408858606,0.5789400499142903,OAS1_0009_MR1_mpr-2_anon,motion,low
0.4594115316867828,0.086087018251419,0.0074410787783563,5.368708610534668,3.001091957092285,0.1001707762479782,0.0032855048775672,0.1001707762479782,46.8965722177543,0.9519383537018852,0.4793686481438893,0.5891969488215003,OAS1_0009_MR1_mpr-2_anon,motion,medium
0.4703879356384277,0.0837054103612899,0.0070432275533676,5.670169353485107,2.976101875305176,0.1088481768965721,0.0031237504445016,0.1088481768965721,50.35009215111826,0.9453582298433668,0.4822794048843138,0.5826490108568232,OAS1_0009_MR1_mpr-2_anon,motion,high
0.0940141081809997,0.1565985977649688,0.0265859737992286,0.555598258972168,2.5382814407348637,0.148148626089096,0.0114377364516258,0.148148626089096,148.68272034888176,0.9379044509199996,0.605593017169965,0.6447470578161318,OAS1_0009_MR1_mpr-3_anon,original,none
0.1125124990940094,0.1778056174516677,0.0335625037550926,0.5991592407226562,2.667333602905273,0.1081639379262924,0.0005236731376498,0.1081639379262924,36.76368144914216,0.9885782002698732,0.5842491864708298,0.7023757855872725,OAS1_0009_MR1_mpr-3_anon,blur,low
0.1426777988672256,0.2116799354553222,0.0472649447619915,0.6419175863265991,2.863896369934082,0.0893602892756462,0.0001157288861577,0.0893602892756462,19.64450803270527,0.9965462194212242,0.562133296364558,0.6968855899953239,OAS1_0009_MR1_mpr-3_anon,blur,medium
0.176806628704071,0.2489117383956909,0.0646401047706604,0.6828839778900146,3.107981443405152,0.0693172290921211,1.9917712052119896e-05,0.0693172290921211,9.122079407935049,0.9989381016630792,0.5270971213291716,0.682476972971626,OAS1_0009_MR1_mpr-3_anon,blur,high
0.0955004096031189,0.1550758183002472,0.0260757748037576,0.5779656171798706,2.8996286392211914,0.1515303552150726,0.0113952122628688,0.1515303552150726,147.8964075425092,0.9371720282555832,0.3700110729817895,0.5250406262172219,OAS1_0009_MR1_mpr-3_anon,noise,low
0.0969979390501976,0.1536063700914383,0.0255822427570819,0.6007107496261597,3.250918388366699,0.1550457328557968,0.0114919496700167,0.1550457328557968,147.8440373439415,0.935293532712986,0.2017262124101886,0.4038906037218985,OAS1_0009_MR1_mpr-3_anon,noise,medium
0.0999178737401962,0.1506395936012268,0.0245843939483165,0.6467687487602234,3.5744996070861816,0.1622809469699859,0.0120595451444387,0.1622809469699859,149.89066114238665,0.9294955068824512,0.1087188350181271,0.2832319524698612,OAS1_0009_MR1_mpr-3_anon,noise,high
0.0909312292933464,0.151991605758667,0.0249575898051261,0.5552528500556946,2.527327299118042,0.1440842747688293,0.0108136795461177,0.1440842747688293,140.03394775390626,0.9377106441753308,0.6055946983234084,0.6456751782276424,OAS1_0009_MR1_mpr-3_anon,original,none
0.0881801918148994,0.14790940284729,0.0235635191202163,0.5547493100166321,2.5173301696777344,0.1404530555009842,0.0102769918739795,0.1404530555009842,132.61597517424943,0.9375362464425384,0.6055964128605149,0.6465191762873294,OAS1_0009_MR1_mpr-3_anon,original,none
0.0845977738499641,0.1426578760147094,0.0218356028199195,0.5537542104721069,2.5038843154907227,0.1357247531414032,0.0096077602356672,0.1357247531414032,123.3550403071385,0.937304234158732,0.6055994131779159,0.6477477885373251,OAS1_0009_MR1_mpr-3_anon,original,none
0.4239614009857178,0.0932097285985946,0.008728889748454,4.573479652404785,3.085516452789306,0.1045065075159072,0.0039181956090033,0.1045065075159072,52.29438883463542,0.9542553990253188,0.471316259204989,0.5787880961863132,OAS1_0009_MR1_mpr-3_anon,motion,low
0.4589689970016479,0.0854602754116058,0.0073335897177457,5.401989936828613,2.999453544616699,0.1000798940658569,0.0032850722782313,0.1000798940658569,46.93506290211397,0.9511836342271928,0.4793916671856197,0.5891122250250356,OAS1_0009_MR1_mpr-3_anon,motion,medium
0.4695974588394165,0.0832868963479995,0.0069689825177192,5.681910514831543,2.9742822647094727,0.1087101027369499,0.0031217942014336,0.1087101027369499,50.27878465839461,0.9446827712580096,0.4827277059499738,0.5821284472816994,OAS1_0009_MR1_mpr-3_anon,motion,high
0.0946087688207626,0.157065749168396,0.0267687067389488,0.5575575828552246,2.547729015350342,0.148816704750061,0.0115730073302984,0.148816704750061,149.57199180453432,0.938154491489491,0.6036329776271767,0.643011864437537,OAS1_0009_MR1_mpr-4_anon,original,none
0.1135312542319297,0.1786730289459228,0.0339213721454143,0.6014009118080139,2.6759819984436035,0.1085968166589737,0.0005303205107338,0.1085968166589737,37.04965772441789,0.9885503048728296,0.5823037778538174,0.7012434734457429,OAS1_0009_MR1_mpr-4_anon,blur,low
0.144266128540039,0.2131131887435913,0.0479619652032852,0.6441312432289124,2.8745503425598145,0.0897458791732788,0.0001166562433354,0.0897458791732788,19.836106722962622,0.9965473506727284,0.5601613878656062,0.6960949446391691,OAS1_0009_MR1_mpr-4_anon,blur,medium
0.1779401451349258,0.2495761513710022,0.0650579929351806,0.6849358081817627,3.118166923522949,0.0692680180072784,1.985583730856888e-05,0.0692680180072784,9.118498918121936,0.9989439788743468,0.5251560531722839,0.6819806754365885,OAS1_0009_MR1_mpr-4_anon,blur,high
0.0960665047168731,0.1555052697658538,0.0262451507151126,0.5800467729568481,2.908220767974853,0.1521585583686828,0.0115252770483493,0.1521585583686828,148.72239032820158,0.9374158726180696,0.3680064380091751,0.5232737411027233,OAS1_0009_MR1_mpr-4_anon,noise,low
0.0975922718644142,0.1540871262550354,0.025765087455511,0.6029746532440186,3.258401393890381,0.1557283699512481,0.0116303712129592,0.1557283699512481,148.76646345549938,0.9354774741860032,0.2007483517213783,0.4028256889839706,OAS1_0009_MR1_mpr-4_anon,noise,medium
0.1005640476942062,0.1511650830507278,0.024775456637144,0.6494208574295044,3.580694437026977,0.1630470901727676,0.0122104603797197,0.1630470901727676,150.964992388557,0.9296430793300954,0.1080321625854625,0.2822664223175633,OAS1_0009_MR1_mpr-4_anon,noise,high
0.0915165096521377,0.1524689495563507,0.0251363404095172,0.5572762489318848,2.536733627319336,0.144758403301239,0.0109473140910267,0.144758403301239,140.92369384765624,0.9379450660421093,0.6036350090104532,0.6439188099602536,OAS1_0009_MR1_mpr-4_anon,original,none
0.0887466818094253,0.1483746021986007,0.0237326771020889,0.556833028793335,2.526681423187256,0.1411161720752716,0.0104067474603652,0.1411161720752716,133.47713527305456,0.9377573213021022,0.6036369835124532,0.6447873210384479,OAS1_0009_MR1_mpr-4_anon,original,none
0.0851329490542411,0.1430871784687042,0.0219874586910009,0.5559216737747192,2.513117790222168,0.1363627612590789,0.0097310570999979,0.1363627612590789,124.16765902650124,0.9375133126140668,0.6036398786690053,0.6459999492284324,OAS1_0009_MR1_mpr-4_anon,original,none
0.4249570369720459,0.0931007713079452,0.0087078148499131,4.58997917175293,3.08927059173584,0.1045288667082786,0.0039393911138176,0.1045288667082786,52.26984145220589,0.954168851254662,0.4702397173456643,0.577920011863706,OAS1_0009_MR1_mpr-4_anon,motion,low
0.4591120481491089,0.085484579205513,0.007336659822613,5.401826858520508,3.00513768196106,0.1002647429704666,0.003315499285236,0.1002647429704666,47.09265184589461,0.9510335773248982,0.4779786011284332,0.587888924993877,OAS1_0009_MR1_mpr-4_anon,motion,medium
0.4691929817199707,0.0834943354129791,0.0070049385540187,5.665124893188477,2.9815149307250977,0.1091779023408889,0.003160977968946,0.1091779023408889,50.64315089805454,0.9445879718586696,0.4809646847713724,0.5811226535419514,OAS1_0009_MR1_mpr-4_anon,motion,high
0.0876467227935791,0.1479871571063995,0.022444138303399,0.573650062084198,2.541203260421753,0.1635262966156005,0.0191583707928657,0.1635262966156005,201.9452809053309,0.92621951856732,0.6058764779897458,0.6367740779767823,OAS1_0010_MR1_mpr-1_anon,original,none
0.1157807558774948,0.1794641464948654,0.0329721868038177,0.6273329257965088,2.7375917434692383,0.1261626631021499,0.0007022928912192,0.1261626631021499,49.938323974609375,0.9877961578102652,0.5815561909691744,0.6769401189819246,OAS1_0010_MR1_mpr-1_anon,blur,low
0.1350098103284835,0.1953468024730682,0.0388739444315433,0.6764873266220093,2.8901333808898926,0.0962413996458053,0.0001033769949572,0.0962413996458053,20.769323730468752,0.995875496148594,0.5595202485271169,0.6753296295329277,OAS1_0010_MR1_mpr-1_anon,blur,medium
0.1606597006320953,0.2169352024793625,0.0475396066904068,0.7329937219619751,3.089702844619751,0.0770028233528137,1.7935984942596406e-05,0.0770028233528137,10.507366584329043,0.9983141607494416,0.5247812170820498,0.6636386015097124,OAS1_0010_MR1_mpr-1_anon,blur,high
0.0893916934728622,0.1470596492290496,0.0221668481826782,0.5911157131195068,2.859389305114746,0.1671858131885528,0.0191617086529731,0.1671858131885528,202.1240439022289,0.9258197709122772,0.4031145640336878,0.5334840805880681,OAS1_0010_MR1_mpr-1_anon,noise,low
0.0911222398281097,0.1460948586463928,0.0218806713819503,0.6088362336158752,3.2168431282043457,0.1708805859088897,0.019280457869172,0.1708805859088897,202.7064478257123,0.9245541430192992,0.2138681797103359,0.4074904016938906,OAS1_0010_MR1_mpr-1_anon,noise,medium
0.0946830958127975,0.1443720757961273,0.0213673710823059,0.6449745297431946,3.56007719039917,0.1785701066255569,0.0198590271174907,0.1785701066255569,205.93338515337777,0.920957159922676,0.1154713373384453,0.2865003417939713,OAS1_0010_MR1_mpr-1_anon,noise,high
0.086546242237091,0.1465609967708587,0.0220002345740795,0.5722844004631042,2.536525249481201,0.1619614660739898,0.0188158880919218,0.1619614660739898,198.4408126531863,0.9259886129106768,0.6058758629181884,0.6370007814075191,OAS1_0010_MR1_mpr-1_anon,original,none
0.0852556526660919,0.1448597759008407,0.0214811731129884,0.570767879486084,2.530837059020996,0.160010740160942,0.0184027031064033,0.160010740160942,194.14350394454655,0.9257883278076924,0.6058759524741751,0.6373493107330531,OAS1_0010_MR1_mpr-1_anon,original,none
0.0832059159874916,0.1421597301959991,0.0206728633493185,0.5682971477508545,2.521693706512451,0.1568085104227066,0.0177464596927166,0.1568085104227066,187.2552204206878,0.9255359348223352,0.6058755368928211,0.637970921443118,OAS1_0010_MR1_mpr-1_anon,original,none
0.4463162422180176,0.0867226719856262,0.0075703747570514,5.169294357299805,3.047685146331787,0.1105340868234634,0.0063195237889885,0.1105340868234634,66.93552928251378,0.9303931248626244,0.4869221884731092,0.5717250752679089,OAS1_0010_MR1_mpr-1_anon,motion,low
0.4501262605190277,0.084614023566246,0.0071977814659476,5.3375325202941895,3.03951096534729,0.1135396584868431,0.0059573207981884,0.1135396584868431,66.51542968750002,0.927723709871646,0.4844383256460243,0.5704441943903928,OAS1_0010_MR1_mpr-1_anon,motion,medium
0.4684869647026062,0.084076389670372,0.0071035050787031,5.596902370452881,3.033019542694092,0.1218941509723663,0.0059749372303485,0.1218941509723663,72.07568826114431,0.9220839015768748,0.4828773527857358,0.5621191675201638,OAS1_0010_MR1_mpr-1_anon,motion,high
0.0860307589173317,0.1471497416496276,0.0221842899918556,0.5661981105804443,2.518196582794189,0.1622387170791626,0.019735038280487,0.1622387170791626,200.42700410730703,0.9258356257415497,0.6095856668692243,0.6409244135712044,OAS1_0010_MR1_mpr-2_anon,original,none
0.1140415370464325,0.1788252145051956,0.0327049754559993,0.6208213567733765,2.714089870452881,0.1256166845560073,0.0007282415172085,0.1256166845560073,49.49213567995557,0.987819947000928,0.585458405919316,0.6815863633368191,OAS1_0010_MR1_mpr-2_anon,blur,low
0.1338981240987777,0.1955691576004028,0.0389508828520774,0.6702051162719727,2.870741367340088,0.0964391976594924,0.000106195337139,0.0964391976594924,21.07343450808057,0.9958388137697136,0.5634606488371624,0.6780792962865823,OAS1_0010_MR1_mpr-2_anon,blur,medium
0.1601538062095642,0.2181615084409713,0.0480889603495597,0.7268577814102173,3.0738725662231445,0.0774236917495727,1.830529436119832e-05,0.0774236917495727,10.726379155177696,0.9982966419683832,0.5285593071143926,0.6652509537520779,OAS1_0010_MR1_mpr-2_anon,blur,high
0.0877649784088134,0.146263986825943,0.0219216868281364,0.5835563540458679,2.827698945999145,0.1658782362937927,0.0197423156350851,0.1658782362937927,200.6584226122089,0.9254468812481732,0.4134123957259548,0.5411742922003354,OAS1_0010_MR1_mpr-2_anon,noise,low
0.0894029065966606,0.1452177464962005,0.0216093063354492,0.6011948585510254,3.1874167919158936,0.1693935096263885,0.0198177639394998,0.1693935096263885,200.84599573471965,0.924197996634598,0.2184025243551908,0.4134633831514593,OAS1_0010_MR1_mpr-2_anon,noise,medium
0.092985451221466,0.1435746699571609,0.0211300142109394,0.6371142864227295,3.531690835952759,0.177117571234703,0.0204032585024833,0.177117571234703,204.33782743566175,0.9205824944624812,0.1182309208772867,0.2915548809567099,OAS1_0010_MR1_mpr-2_anon,noise,high
0.084774412214756,0.1454310715198516,0.0216621421277523,0.5647674798965454,2.512688398361206,0.1603514701128006,0.0193220861256122,0.1603514701128006,196.21919603534775,0.9255931567055647,0.6095863728824582,0.641248544104026,OAS1_0010_MR1_mpr-2_anon,original,none
0.0833696275949478,0.1434950232505798,0.0210865661501884,0.5631993412971497,2.5062501430511475,0.1581372171640396,0.0188490450382232,0.1581372171640396,191.3765854779412,0.9253840449450076,0.6095872126109962,0.6416506113756858,OAS1_0010_MR1_mpr-2_anon,original,none
0.080982431769371,0.140189528465271,0.0201183222234249,0.5606715083122253,2.4952754974365234,0.1542359590530395,0.0180334653705358,0.1542359590530395,182.9671251483992,0.9251185369352282,0.609588869731272,0.6424353457847383,OAS1_0010_MR1_mpr-2_anon,original,none
0.4514036476612091,0.086225539445877,0.0074864402413368,5.259397506713867,3.015165328979492,0.1104306429624557,0.0065435757860541,0.1104306429624557,66.7529505112592,0.9299521799076008,0.4936221965515041,0.5780013105445545,OAS1_0010_MR1_mpr-2_anon,motion,low
0.4518868923187256,0.0838419571518898,0.0070615550503134,5.402666091918945,3.0024845600128174,0.1131002232432365,0.0061537213623523,0.1131002232432365,66.09248310163909,0.927112403295828,0.4923074763548931,0.5769233165665731,OAS1_0010_MR1_mpr-2_anon,motion,medium
0.4673541188240051,0.0826706439256668,0.006864845752716,5.678547382354736,2.989732265472412,0.1202129200100898,0.0060604722239077,0.1202129200100898,70.20173220166974,0.921564721303874,0.4914544260965897,0.5693846254111883,OAS1_0010_MR1_mpr-2_anon,motion,high
0.0874373391270637,0.1483450531959533,0.0225786995142698,0.5693901777267456,2.535358428955078,0.1647430509328842,0.0201663896441459,0.1647430509328842,207.2185570810356,0.9249782377627797,0.6069719669502895,0.6380474364841804,OAS1_0010_MR1_mpr-3_anon,original,none
0.1153443604707717,0.1798676699399948,0.0330667868256568,0.624415397644043,2.7298216819763184,0.1266297250986099,0.0007423213100992,0.1266297250986099,50.19656264361214,0.9878087765757309,0.5827424060466644,0.6796785409128024,OAS1_0010_MR1_mpr-3_anon,blur,low
0.1349816918373108,0.1961137950420379,0.0391688346862793,0.673802375793457,2.884979248046875,0.096673734486103,0.0001061542861862,0.096673734486103,21.10332857019761,0.9958616144352446,0.5607303342023058,0.6767341211282157,OAS1_0010_MR1_mpr-3_anon,blur,medium
0.161312848329544,0.2185918986797332,0.0482765696942806,0.7304477095603943,3.089076519012451,0.0775732696056366,1.8294927940587517e-05,0.0775732696056366,10.7390838024663,0.9983028187372304,0.525658319783491,0.6634513943309228,OAS1_0010_MR1_mpr-3_anon,blur,high
0.0891698077321052,0.1474224776029586,0.0223015416413545,0.5869385600090027,2.8497204780578613,0.1683801710605621,0.0201666634529829,0.1683801710605621,207.3749818091299,0.92456098873767,0.4072153610395427,0.5363730225207582,OAS1_0010_MR1_mpr-3_anon,noise,low
0.0909137427806854,0.146498441696167,0.0220238901674747,0.6047919988632202,3.2079501152038574,0.1720988750457763,0.020284317433834,0.1720988750457763,207.97796355602785,0.9232799351762864,0.2156185798975236,0.4095245115220634,OAS1_0010_MR1_mpr-3_anon,noise,medium
0.0943203866481781,0.1445503979921341,0.0214447677135467,0.6410924196243286,3.549133777618408,0.1794960647821426,0.0208049956709146,0.1794960647821426,210.6309809666054,0.9195156756339428,0.1166275337282052,0.2886380994085529,OAS1_0010_MR1_mpr-3_anon,noise,high
0.0859868973493576,0.1463894695043563,0.021973893046379,0.5679771900177002,2.5290074348449707,0.1624969094991684,0.0196819379925727,0.1624969094991684,202.0917425417433,0.9247379930927516,0.6069711227238614,0.6384333630228917,OAS1_0010_MR1_mpr-3_anon,original,none
0.0842023491859436,0.1439460217952728,0.0212283674627542,0.5664252638816833,2.520961284637451,0.1595824062824249,0.0190519485622644,0.1595824062824249,195.42872039196536,0.924525398439758,0.6069716692960301,0.6389597549754152,OAS1_0010_MR1_mpr-3_anon,original,none
0.0816209465265274,0.1404192745685577,0.0201818533241748,0.5639188289642334,2.509143829345703,0.155317947268486,0.0181612968444824,0.155317947268486,186.0272733800552,0.9242555095348032,0.6069737458077442,0.6398198756965905,OAS1_0010_MR1_mpr-3_anon,original,none
0.4508929252624511,0.0862230286002159,0.0074775330722332,5.249731540679932,3.0354490280151367,0.1111268103122711,0.0065559190697968,0.1111268103122711,67.60358539656096,0.9292453971581348,0.4884591187403224,0.5741834812276865,OAS1_0010_MR1_mpr-3_anon,motion,low
0.4553163051605224,0.0841933563351631,0.0071169333532452,5.422429084777832,3.018768787384033,0.1139080449938774,0.0061874678358435,0.1139080449938774,67.2564199410233,0.9265682150955292,0.4883594547990204,0.5738091067190553,OAS1_0010_MR1_mpr-3_anon,motion,medium
0.4641880989074707,0.0827142819762229,0.0068694790825247,5.632083415985107,3.0158987045288086,0.1205890551209449,0.0060317395254969,0.1205890551209449,70.56539079254749,0.9210326155727409,0.4844867350560172,0.5651690337458222,OAS1_0010_MR1_mpr-3_anon,motion,high
0.0866724327206611,0.1479079723358154,0.0224504321813583,0.5670702457427979,2.5202653408050537,0.1629470586776733,0.0202271901071071,0.1629470586776733,205.48986289828437,0.9247039579470084,0.609543286505533,0.640536532797997,OAS1_0010_MR1_mpr-4_anon,original,none
0.1148689314723014,0.1797037422657013,0.0330760776996612,0.6217294335365295,2.7157235145568848,0.1258890330791473,0.0007318446878343,0.1258890330791473,49.94997175628063,0.9878441890099164,0.5852660731480804,0.681169720209017,OAS1_0010_MR1_mpr-4_anon,blur,low
0.1339139342308044,0.1954706609249115,0.0389677956700325,0.6705858707427979,2.8703246116638184,0.0959274694323539,0.0001044693199219,0.0959274694323539,20.93113870059743,0.995864767503811,0.5632276920006061,0.6786538508192939,OAS1_0010_MR1_mpr-4_anon,blur,medium
0.1607621014118194,0.2190490663051605,0.0484836846590042,0.7267659902572632,3.07729721069336,0.0773500353097915,1.828536369430367e-05,0.0773500353097915,10.764076861213235,0.9983056164258544,0.5281329515466925,0.6648906349492189,OAS1_0010_MR1_mpr-4_anon,blur,high
0.0884205624461174,0.1470426023006439,0.0221921913325786,0.5844509601593018,2.830794334411621,0.1666235476732254,0.0202454756945371,0.1666235476732254,205.8306104473039,0.924300140257508,0.4120096638952411,0.5402920975243174,OAS1_0010_MR1_mpr-4_anon,noise,low
0.0901522636413574,0.1461638808250427,0.0219284538179636,0.6020702123641968,3.191709280014038,0.1703086644411087,0.0203615166246891,0.1703086644411087,206.4589821011412,0.9230605805178168,0.2175914272144596,0.4124224997848641,OAS1_0010_MR1_mpr-4_anon,noise,medium
0.0935728698968887,0.1442703455686569,0.0213676877319812,0.63803631067276,3.5346412658691406,0.1777403950691223,0.0208851303905248,0.1777403950691223,209.25594386680456,0.9194139511895724,0.1178571746231543,0.2908485714243162,OAS1_0010_MR1_mpr-4_anon,noise,high
0.0852523893117904,0.1459699869155883,0.0218523927032947,0.5656876564025879,2.514102935791016,0.1607504934072494,0.0197392776608467,0.1607504934072494,200.41460391773904,0.9244643075304496,0.609543347804069,0.6408821767047463,OAS1_0010_MR1_mpr-4_anon,original,none
0.0836053937673568,0.143698513507843,0.02116259932518,0.5641664862632751,2.5066845417022705,0.1581032276153564,0.0191591028124094,0.1581032276153564,194.36118140127147,0.924260544509547,0.6095441035694908,0.6413635513175133,OAS1_0010_MR1_mpr-4_anon,original,none
0.0811523422598838,0.1403364539146423,0.0201670955866575,0.5617060661315918,2.495538711547852,0.1540833413600921,0.0183033719658851,0.1540833413600921,185.44300166111367,0.9239988965340802,0.6095455500659543,0.6421949237756555,OAS1_0010_MR1_mpr-4_anon,original,none
0.4509820938110351,0.0856431275606155,0.0073804799467325,5.289044380187988,3.0167744159698486,0.1097042858600616,0.006559569388628,0.1097042858600616,66.9737320245481,0.928982113444644,0.4922423065810924,0.5773979327374686,OAS1_0010_MR1_mpr-4_anon,motion,low
0.452120304107666,0.0837048441171646,0.0070312586612999,5.415366172790527,3.006722450256348,0.1127335429191589,0.0062074484303593,0.1127335429191589,66.70785450654873,0.9261904995156784,0.4905992852682653,0.5764234474392119,OAS1_0010_MR1_mpr-4_anon,motion,medium
0.4637348651885986,0.082430675625801,0.0068251229822635,5.648059368133545,3.00227689743042,0.1196279376745224,0.0060853064060211,0.1196279376745224,70.37395665785846,0.9206836337846148,0.4874173575384246,0.5677899862030191,OAS1_0010_MR1_mpr-4_anon,motion,high
0.074867345392704,0.1427256613969802,0.0212739743292331,0.5051485300064087,2.284658193588257,0.1316784918308258,0.0096406769007444,0.1316784918308258,129.26707787607234,0.9376259525201612,0.6477127114749358,0.6877409634975833,OAS1_0011_MR1_mpr-1_anon,original,none
0.0964007973670959,0.1704155504703521,0.0300749018788337,0.5477175712585449,2.447840929031372,0.1088052839040756,0.0005955161759629,0.1088052839040756,44.36256941253064,0.9876467646105268,0.6272338873932835,0.7337207730461348,OAS1_0011_MR1_mpr-1_anon,blur,low
0.1193767488002777,0.1952077746391296,0.0392763838171958,0.5926421880722046,2.626460552215576,0.0894896239042282,0.0001283027522731,0.0894896239042282,23.43072820925245,0.995532306282544,0.6066597064323573,0.7275480624941386,OAS1_0011_MR1_mpr-1_anon,blur,medium
0.1528555750846862,0.2311722636222839,0.054770641028881,0.6418721675872803,2.8565070629119877,0.073215439915657,2.6622066798154265e-05,0.073215439915657,12.287185968137257,0.9983810438794696,0.5728297755636793,0.7114172700177741,OAS1_0011_MR1_mpr-1_anon,blur,high
0.0773699283599853,0.1417863965034485,0.0210303477942943,0.5354703664779663,2.630511283874512,0.1369085907936096,0.0097045619040727,0.1369085907936096,129.40476373410695,0.935635803727754,0.47093685752439,0.5844404749202943,OAS1_0011_MR1_mpr-1_anon,noise,low
0.0798616334795951,0.1409333646297454,0.020792007446289,0.566304087638855,3.032219886779785,0.1422464251518249,0.0101263783872127,0.1422464251518249,131.78573117723653,0.9311278408470438,0.2405503434224478,0.4430500740206282,OAS1_0011_MR1_mpr-1_anon,noise,medium
0.0849264487624168,0.1397219896316528,0.0204128921031951,0.62403404712677,3.3917787075042725,0.1533341705799102,0.0120239648967981,0.1533341705799102,143.4474623736213,0.9177910475345766,0.1326548981750877,0.3203578686746144,OAS1_0011_MR1_mpr-1_anon,noise,high
0.0749052315950393,0.1429457664489746,0.0213344991207122,0.5041084289550781,2.285186290740967,0.1321502923965454,0.0097110271453857,0.1321502923965454,129.9897056429994,0.9375960333377248,0.6477110756743527,0.6875552983659683,OAS1_0011_MR1_mpr-1_anon,original,none
0.074807770550251,0.1429614424705505,0.0213380418717861,0.5030016899108887,2.28495192527771,0.1323724538087844,0.0097556225955486,0.1323724538087844,130.32471469056375,0.9375794259001672,0.6477095339890565,0.687426183100805,OAS1_0011_MR1_mpr-1_anon,original,none
0.0741972476243972,0.1422728896141052,0.0211297869682312,0.5012533068656921,2.2826333045959477,0.1318605095148086,0.0097210928797721,0.1318605095148086,129.37604597503065,0.9375699161419035,0.6477092303490805,0.6875030032036028,OAS1_0011_MR1_mpr-1_anon,original,none
0.4677660465240478,0.0865274667739868,0.0076096840202808,5.3950042724609375,2.8306679725646973,0.096329927444458,0.0030627963133156,0.096329927444458,45.15305702359069,0.952777775595447,0.525738483016025,0.6285214269146923,OAS1_0011_MR1_mpr-1_anon,motion,low
0.4704248309135437,0.0859238058328628,0.0075338925234973,5.459887504577637,2.775166273117065,0.0964130461215972,0.002862871158868,0.0964130461215972,44.368586042815565,0.9523181248123688,0.5312677863986183,0.6313301716556889,OAS1_0011_MR1_mpr-1_anon,motion,medium
0.4789616465568542,0.0834200382232666,0.0071166376583278,5.726523399353027,2.769618034362793,0.1044496074318885,0.0027380881365388,0.1044496074318885,47.76044802198223,0.9460022951206342,0.530895187282567,0.6224387183368312,OAS1_0011_MR1_mpr-1_anon,motion,high
0.0750482082366943,0.1425410211086273,0.0212380588054656,0.5064629316329956,2.288976192474365,0.1320482790470123,0.0097444020211696,0.1320482790470123,129.8254961799173,0.937685693584136,0.6469205143520295,0.687326054685957,OAS1_0011_MR1_mpr-2_anon,original,none
0.0972078442573547,0.1715480387210846,0.0304425209760665,0.5490851402282715,2.456227302551269,0.1100949943065643,0.0006128721870481,0.1100949943065643,45.22227113013175,0.9876776003221874,0.6263398994660473,0.7322862757131351,OAS1_0011_MR1_mpr-2_anon,blur,low
0.1200745552778244,0.1958770900964737,0.0395336672663688,0.5940921306610107,2.633557081222534,0.090084284543991,0.0001291609660256,0.090084284543991,23.495768468520215,0.9955499595649436,0.6057870599603774,0.7261459528623733,OAS1_0011_MR1_mpr-2_anon,blur,medium
0.1537655591964721,0.2320340275764465,0.0552018210291862,0.64328533411026,2.863258123397827,0.0736719816923141,2.6749698008643463e-05,0.0736719816923141,12.319978123085171,0.9983907222139916,0.5719549721562391,0.7103837891531475,OAS1_0011_MR1_mpr-2_anon,blur,high
0.0776071995496749,0.1416699290275573,0.0210040286183357,0.5370741486549377,2.635717391967773,0.1374299675226211,0.0098816296085715,0.1374299675226211,130.60285907820162,0.9356784668532304,0.4708469949172782,0.583925716252762,OAS1_0011_MR1_mpr-2_anon,noise,low
0.0801262855529785,0.1408045440912246,0.0207672175019979,0.5681924819946289,3.0365185737609863,0.1427528858184814,0.0102798771113157,0.1427528858184814,132.7244815602022,0.9310252868267688,0.2402272691345232,0.4426974973507976,OAS1_0011_MR1_mpr-2_anon,noise,medium
0.0850268900394439,0.1392900645732879,0.0203139558434486,0.626338005065918,3.391782760620117,0.1534776985645294,0.0121054667979478,0.1534776985645294,143.54342830882354,0.9176810254885724,0.1327952970012109,0.3208884635298568,OAS1_0011_MR1_mpr-2_anon,noise,high
0.075167067348957,0.1429282128810882,0.0213470514863729,0.5054150223731995,2.2899484634399414,0.1326832175254821,0.0098482202738523,0.1326832175254821,130.91842830882354,0.9376772514905602,0.6469181966781948,0.6870557165646893,OAS1_0011_MR1_mpr-2_anon,original,none
0.0751517564058303,0.1431057453155517,0.0213979762047529,0.5042992830276489,2.2901487350463867,0.1330593526363372,0.0099230343475937,0.1330593526363372,131.622298895144,0.937662750096074,0.6469168364346991,0.6869013070157763,OAS1_0011_MR1_mpr-2_anon,original,none
0.0746489465236663,0.1426098644733429,0.0212468560785055,0.5025361180305481,2.2883822917938232,0.1327426135540008,0.0099296672269701,0.1327426135540008,131.14668375651044,0.9376575906179816,0.6469157573382446,0.6869413366592464,OAS1_0011_MR1_mpr-2_anon,original,none
0.4682580232620239,0.0869327709078788,0.0076836524531245,5.378481388092041,2.8369300365448,0.0968540385365486,0.0030906358733773,0.0968540385365486,45.44483379289216,0.9529398709225664,0.5248282218345739,0.6280736670297375,OAS1_0011_MR1_mpr-2_anon,motion,low
0.4693705439567566,0.0861516743898391,0.0075763911008834,5.428895950317383,2.7764387130737305,0.096931979060173,0.0028868638910353,0.096931979060173,44.632862764246326,0.9523937314045836,0.5315110901602818,0.6307792323938655,OAS1_0011_MR1_mpr-2_anon,motion,medium
0.477213978767395,0.0835797935724258,0.0071523361839354,5.694661140441895,2.7721447944641118,0.104788951575756,0.0027479010168462,0.104788951575756,47.83157288794423,0.9460784778138344,0.5306344646228993,0.6218088611852567,OAS1_0011_MR1_mpr-2_anon,motion,high
0.0756756737828254,0.1433177441358566,0.0214423164725303,0.5080561637878418,2.2987537384033203,0.1333860009908676,0.0098261889070272,0.1333860009908676,131.2272824754902,0.9381564689053752,0.6453338115971899,0.6857537965704191,OAS1_0011_MR1_mpr-3_anon,original,none
0.0970751792192459,0.1710785925388336,0.0302144214510917,0.5508605241775513,2.4622669219970703,0.1096823215484619,0.0006040676962584,0.1096823215484619,44.52777769799326,0.9878364987223692,0.6246939714439668,0.7316152393019443,OAS1_0011_MR1_mpr-3_anon,blur,low
0.1211040541529655,0.1970393508672714,0.0399325378239154,0.5958622694015503,2.643407821655273,0.0907473415136337,0.0001306542981183,0.0907473415136337,23.66070317287071,0.9956001170134688,0.604026026209568,0.7252848687200957,OAS1_0011_MR1_mpr-3_anon,blur,medium
0.1526954174041748,0.2297724187374115,0.05408201739192,0.6454765796661377,2.865835189819336,0.0729612559080123,2.595700789242983e-05,0.0729612559080123,11.950367168351717,0.9983974041922152,0.5703470420926815,0.7109926234441305,OAS1_0011_MR1_mpr-3_anon,blur,high
0.0782899335026741,0.142409086227417,0.0211988594383001,0.5387208461761475,2.652092456817627,0.1388714462518692,0.0099488869309425,0.1388714462518692,131.8006400314032,0.9361272205645796,0.4657872138145738,0.5800743905909376,OAS1_0011_MR1_mpr-3_anon,noise,low
0.0808288976550102,0.1414927542209625,0.0209418199956417,0.5697171688079834,3.050629138946533,0.1443363726139068,0.0104154683649539,0.1443363726139068,134.3496291216682,0.9315097091090748,0.2382678481362417,0.4401476629786213,OAS1_0011_MR1_mpr-3_anon,noise,medium
0.0858673676848411,0.1400911509990692,0.0205259323120117,0.6279150247573853,3.405980110168457,0.1552152633666992,0.0122526362538337,0.1552152633666992,145.15157255284927,0.9181289227967424,0.1313703626515321,0.3183048118441592,OAS1_0011_MR1_mpr-3_anon,noise,high
0.0759035497903823,0.1438858062028885,0.0216076932847499,0.5069775581359863,2.3003883361816406,0.134175956249237,0.009938571602106,0.134175956249237,132.51415895948224,0.9381509138690636,0.6453319774064825,0.6854051214936749,OAS1_0011_MR1_mpr-3_anon,original,none
0.0759911090135574,0.1442323625087738,0.0217078570276498,0.5058302879333496,2.3012516498565674,0.1347102522850036,0.0100213177502155,0.1347102522850036,133.39090552236524,0.9381494322835324,0.6453305843682099,0.6851843688732824,OAS1_0011_MR1_mpr-3_anon,original,none
0.0758213177323341,0.1442750394344329,0.0217187702655792,0.5040193200111389,2.3012917041778564,0.1349645555019378,0.0100843282416462,0.1349645555019378,133.83451933019302,0.938157354659472,0.6453293718852398,0.6850291221580509,OAS1_0011_MR1_mpr-3_anon,original,none
0.4639645516872406,0.0866797566413879,0.0076384665444493,5.3419294357299805,2.844789505004883,0.0970693379640579,0.0030548251233994,0.0970693379640579,44.83860964307598,0.9532234866005692,0.5227168965700573,0.6261003868825947,OAS1_0011_MR1_mpr-3_anon,motion,low
0.468028724193573,0.0865141451358795,0.0076346634887158,5.389052391052246,2.7947030067443848,0.0980167314410209,0.002900855615735,0.0980167314410209,44.79503844018076,0.9525579149408024,0.5275340072195611,0.6278183138789952,OAS1_0011_MR1_mpr-3_anon,motion,medium
0.4766747057437897,0.0833258777856826,0.0071090068668127,5.716134071350098,2.785906791687012,0.1050339341163635,0.002728306222707,0.1050339341163635,47.45649868834252,0.9463179736093446,0.5266247227744683,0.6198228392799578,OAS1_0011_MR1_mpr-3_anon,motion,high
0.0755395591259002,0.1435622572898864,0.0214961506426334,0.5057379007339478,2.2880330085754395,0.1322888284921646,0.0098709557205438,0.1322888284921646,131.93902659696693,0.9384752959239098,0.6475834458341805,0.6881386824791523,OAS1_0011_MR1_mpr-4_anon,original,none
0.0981900617480278,0.1733033955097198,0.0310919750481843,0.5478221774101257,2.453544855117798,0.1104655116796493,0.0006122816121205,0.1104655116796493,45.68727859796262,0.9879004254025536,0.6270733689359012,0.7332092655017631,OAS1_0011_MR1_mpr-4_anon,blur,low
0.1202874109148979,0.196860671043396,0.0398224405944347,0.5922857522964478,2.627228021621704,0.0900679230690002,0.0001297319104196,0.0900679230690002,23.753429457720596,0.9955846432700703,0.6066754992099412,0.7273968481280939,OAS1_0011_MR1_mpr-4_anon,blur,medium
0.1533888578414917,0.2317989319562912,0.0551455542445182,0.6415870189666748,2.855095863342285,0.0733133256435394,2.6736070140032094e-05,0.0733133256435394,12.370468079810047,0.9983823757341206,0.5730728205617941,0.712027513242687,OAS1_0011_MR1_mpr-4_anon,blur,high
0.0781705826520919,0.1427105069160461,0.0212653670459985,0.5362821817398071,2.6392292976379395,0.1378197073936462,0.0100154373794794,0.1378197073936462,132.7414659687117,0.9364525975663868,0.4695032551914245,0.583326625428924,OAS1_0011_MR1_mpr-4_anon,noise,low
0.0807841718196868,0.1418900787830352,0.0210354030132293,0.5671629309654236,3.039729595184326,0.1434032320976257,0.0105130048468709,0.1434032320976257,135.61118295706953,0.9318391153230804,0.2398088684360947,0.4425926083710298,OAS1_0011_MR1_mpr-4_anon,noise,medium
0.0856302678585052,0.1402699947357177,0.0205579306930303,0.6248388886451721,3.393238306045532,0.1539416462182998,0.0122403744608163,0.1539416462182998,145.4970333323759,0.9185574241644174,0.132454619096437,0.3205231736940671,OAS1_0011_MR1_mpr-4_anon,noise,high
0.0755033493041992,0.1436876505613327,0.0215264149010181,0.5047035217285156,2.28823471069336,0.1326284408569336,0.0099343629553914,0.1326284408569336,132.45401683134193,0.9384511682240488,0.6475819501343576,0.6879533154487062,OAS1_0011_MR1_mpr-4_anon,original,none
0.0753338187932968,0.1436074376106262,0.0214984528720378,0.503598690032959,2.287757396697998,0.1327198147773742,0.0099693574011325,0.1327198147773742,132.57763767616424,0.938438403453919,0.6475811326575823,0.6878318343218086,OAS1_0011_MR1_mpr-4_anon,original,none
0.074623018503189,0.14276884496212,0.0212387833744287,0.5018481612205505,2.285095691680908,0.1320383846759796,0.0099236778914928,0.1320383846759796,131.34307191138177,0.9384319686298356,0.6475808009366646,0.687996474661656,OAS1_0011_MR1_mpr-4_anon,original,none
0.4691337347030639,0.0865918695926666,0.0076088174246251,5.408847808837891,2.8292086124420166,0.0961735546588897,0.0030637164600193,0.0961735546588897,45.191230325137866,0.952937015408174,0.5262364045091703,0.6297890888168667,OAS1_0011_MR1_mpr-4_anon,motion,low
0.4700285196304321,0.0861378088593483,0.0075514419004321,5.441869735717773,2.7770028114318848,0.0966271609067916,0.0028803166933357,0.0966271609067916,44.72387838924632,0.9524548740986648,0.5311927716788519,0.6322278719806582,OAS1_0011_MR1_mpr-4_anon,motion,medium
0.4766222834587097,0.0833519399166107,0.0070982575416564,5.7052741050720215,2.7654061317443848,0.1042755991220474,0.0027303078677505,0.1042755991220474,47.67647513595282,0.9461248247417836,0.532104288427356,0.6237082766216153,OAS1_0011_MR1_mpr-4_anon,motion,high
0.0911944210529327,0.1516923010349273,0.0239876843988895,0.5757246017456055,2.4395008087158203,0.1514031589031219,0.0126763517037034,0.1514031589031219,154.16221995634191,0.9381721483955506,0.6220867365219452,0.6575964612132424,OAS1_0012_MR1_mpr-1_anon,original,none
0.1229054182767868,0.1905829757452011,0.0376888513565063,0.6194624304771423,2.637063503265381,0.1222348436713218,0.0005989751080051,0.1222348436713218,42.0273095224418,0.9897125681470376,0.5995617200320786,0.6958198110909302,OAS1_0012_MR1_mpr-1_anon,blur,low
0.1404420137405395,0.205423817038536,0.0434288568794727,0.6601808667182922,2.7805652618408203,0.0923743396997451,9.058463911060244e-05,0.0923743396997451,19.068632477405025,0.99657190191159,0.5776045139511639,0.6960668220461437,OAS1_0012_MR1_mpr-1_anon,blur,medium
0.1706186234951019,0.2340835332870483,0.0561895929276943,0.7063450813293457,2.990078926086426,0.0737929940223693,1.8974224076373503e-05,0.0737929940223693,10.371865066827514,0.9986247489332896,0.5422162718037744,0.6842844184376126,OAS1_0012_MR1_mpr-1_anon,blur,high
0.0930363163352012,0.1507418751716613,0.0236905068159103,0.5949059724807739,2.805124282836914,0.1553238332271576,0.0127079579979181,0.1553238332271576,154.5009429333257,0.9377469578448784,0.397165101617222,0.5430230758344196,OAS1_0012_MR1_mpr-1_anon,noise,low
0.0948335230350494,0.1497107148170471,0.0233684591948986,0.6143966913223267,3.1743645668029785,0.159274935722351,0.0128536755219101,0.159274935722351,155.226610251034,0.9364862882375508,0.213739863446007,0.4158620209988287,OAS1_0012_MR1_mpr-1_anon,noise,medium
0.0984599143266677,0.1477282345294952,0.022745095193386,0.6539430618286133,3.5274946689605717,0.1674669682979583,0.0135309183970093,0.1674669682979583,159.04465128580728,0.9326877705714915,0.1148038612968144,0.2907711681893004,OAS1_0012_MR1_mpr-1_anon,noise,high
0.0909756124019622,0.1514350771903991,0.0238884054124355,0.5751291513442993,2.4553842544555664,0.1513724625110626,0.0126759968698024,0.1513724625110626,153.74200343711706,0.938142631289238,0.6220785735805155,0.657440933097613,OAS1_0012_MR1_mpr-1_anon,original,none
0.0904561728239059,0.1507718861103058,0.0236619152128696,0.5743823051452637,2.454698085784912,0.1508228778839111,0.0125964200124144,0.1508228778839111,152.3798392501532,0.9380879406775132,0.6220772663158373,0.6574023112856722,OAS1_0012_MR1_mpr-1_anon,original,none
0.0893349349498748,0.1493063420057296,0.023190401494503,0.5730395317077637,2.4517245292663574,0.1494083404541015,0.0123980408534407,0.1494083404541015,149.4177262848499,0.9380172935423208,0.6220767859725098,0.6575425161764454,OAS1_0012_MR1_mpr-1_anon,original,none
0.4361986219882965,0.0891341567039489,0.0079940296709537,4.919382572174072,3.007333278656006,0.1065645962953567,0.0044428398832678,0.1065645962953567,54.70714877259498,0.9466630326615092,0.4983463425048117,0.5932556180960311,OAS1_0012_MR1_mpr-1_anon,motion,low
0.4625771045684814,0.0855031833052635,0.0073331082239747,5.422702789306641,2.9644289016723637,0.1058873161673545,0.0040209828875958,0.1058873161673545,52.69002877029718,0.9447359254510288,0.4997529339784372,0.5938971140458469,OAS1_0012_MR1_mpr-1_anon,motion,medium
0.4747354984283447,0.0852080509066581,0.0072911898605525,5.607442378997803,2.961324453353882,0.1155521050095558,0.0039734579622745,0.1155521050095558,58.05829958448224,0.9387934957682212,0.4999596000337544,0.5842448248793359,OAS1_0012_MR1_mpr-1_anon,motion,high
0.0899436771869659,0.1502889096736908,0.0236133374273777,0.5743464231491089,2.4207513332366943,0.1491695642471313,0.0127254137769341,0.1491695642471313,153.73411458333337,0.9373008756189604,0.6253051402476315,0.6605085573825671,OAS1_0012_MR1_mpr-2_anon,original,none
0.1221126392483711,0.1899879425764084,0.0374298244714736,0.6178588271141052,2.6212737560272217,0.1211391240358352,0.0005912240594625,0.1211391240358352,41.51064141965381,0.9896136539864632,0.6027050441597896,0.6968005344856182,OAS1_0012_MR1_mpr-2_anon,blur,low
0.1406392008066177,0.2062731832265854,0.0437301322817802,0.6582431197166443,2.766985893249512,0.0922573208808898,9.15282143978402e-05,0.0922573208808898,19.068391927083333,0.996606610793776,0.580706594589917,0.6964479629622089,OAS1_0012_MR1_mpr-2_anon,blur,medium
0.1712661236524582,0.235912024974823,0.0570617243647575,0.7036967873573303,2.976603507995605,0.0736570283770561,1.907380465127062e-05,0.0736570283770561,10.338199391084558,0.9986549003422964,0.5454742688421312,0.6852702012529321,OAS1_0012_MR1_mpr-2_anon,blur,high
0.091752290725708,0.1493139714002609,0.0233096852898597,0.5935662984848022,2.7779836654663086,0.1530338823795318,0.012752279639244,0.1530338823795318,154.00933945599724,0.9368900900175274,0.4054086449625469,0.5486313920859204,OAS1_0012_MR1_mpr-2_anon,noise,low
0.0936037972569465,0.1483969986438751,0.0230246633291244,0.6130349040031433,3.151482105255127,0.1570630222558975,0.0129099562764167,0.1570630222558975,154.9300734576057,0.9356232186517734,0.2175574356658779,0.4203038822703129,OAS1_0012_MR1_mpr-2_anon,noise,medium
0.0972771570086479,0.1465287804603576,0.0224465262144804,0.6526493430137634,3.5082969665527344,0.1653178483247757,0.0135885681957006,0.1653178483247757,158.88205123602177,0.93180873672913,0.1169801492499148,0.2942840685855489,OAS1_0012_MR1_mpr-2_anon,noise,high
0.0899246409535408,0.1502675414085388,0.0235860142856836,0.5738030672073364,2.4361486434936523,0.1494415998458862,0.0127630084753036,0.1494415998458862,153.84120806525738,0.9372451798214292,0.6252977434747776,0.6602987149240249,OAS1_0012_MR1_mpr-2_anon,original,none
0.0896466225385665,0.1498986780643463,0.0234505347907543,0.5731037855148315,2.4364378452301025,0.1492573171854019,0.0127302324399352,0.1492573171854019,153.1304268631281,0.9371974112736464,0.6252965498849785,0.660141326293427,OAS1_0012_MR1_mpr-2_anon,original,none
0.0889390408992767,0.148966833949089,0.0231385994702577,0.5718254446983337,2.4352071285247803,0.1484681516885757,0.0126097369939088,0.1484681516885757,151.21409194048715,0.937147316268938,0.6252952555721591,0.6601016621840111,OAS1_0012_MR1_mpr-2_anon,original,none
0.4283245205879211,0.0884726643562316,0.0078820250928401,4.86815071105957,2.9741246700286865,0.1048687025904655,0.0044598565436899,0.1048687025904655,54.54204388786765,0.9457048301006328,0.5054594204422431,0.5978343153832646,OAS1_0012_MR1_mpr-2_anon,motion,low
0.4633756875991821,0.0852688252925872,0.007295399904251,5.447304725646973,2.939478635787964,0.1052311733365058,0.0041021928191185,0.1052311733365058,53.42565175972733,0.9436832964308072,0.5061511364561639,0.5973964430786647,OAS1_0012_MR1_mpr-2_anon,motion,medium
0.4728014767169952,0.0852152854204177,0.0072980495169758,5.582128524780273,2.945061683654785,0.1150310114026069,0.0040668123401701,0.1150310114026069,58.96825070848652,0.937789702236748,0.5041060034421332,0.5871302383598602,OAS1_0012_MR1_mpr-2_anon,motion,high
0.0924868285655975,0.1502403169870376,0.0236150585114955,0.5909048318862915,2.468355655670166,0.1442673951387405,0.0115894023329019,0.1442673951387405,133.40746543734684,0.9433247646063052,0.6156961621489552,0.6517519821066335,OAS1_0012_MR1_mpr-3_anon,original,none
0.1240784302353859,0.1888411939144134,0.0369362160563468,0.6314817667007446,2.676788568496704,0.117661714553833,0.000477458059322,0.117661714553833,36.34863113702512,0.9905516226121188,0.5925958632142294,0.6886746851748502,OAS1_0012_MR1_mpr-3_anon,blur,low
0.1431640088558197,0.2062043994665146,0.0436823107302188,0.6703864336013794,2.822662830352783,0.0913515985012054,8.304585935547948e-05,0.0913515985012054,18.164891620710783,0.9967483805275368,0.5703911428129675,0.6908909264251641,OAS1_0012_MR1_mpr-3_anon,blur,medium
0.1726204603910446,0.2339207231998443,0.0560303479433059,0.7151961326599121,3.02667236328125,0.0731782466173172,1.7798933185986243e-05,0.0731782466173172,10.024377561083028,0.9986716155964772,0.5348230920230934,0.6815151362877694,OAS1_0012_MR1_mpr-3_anon,blur,high
0.0943607687950134,0.1492781490087509,0.0233161747455596,0.6107335686683655,2.842521905899048,0.1482534408569336,0.0116296559572219,0.1482534408569336,133.81332265816485,0.942879830356078,0.3859089159105082,0.5344378147770219,OAS1_0012_MR1_mpr-3_anon,noise,low
0.0961808860301971,0.1482369005680084,0.0229920949786901,0.6308295130729675,3.2082996368408203,0.1522462368011474,0.0117850638926029,0.1522462368011474,134.62566576191023,0.941578336002078,0.2089190741052747,0.4095677367795012,OAS1_0012_MR1_mpr-3_anon,noise,medium
0.0998609662055969,0.1462039947509765,0.0223637484014034,0.671690821647644,3.5602457523345947,0.1605959236621856,0.0125093795359134,0.1605959236621856,138.8068662157246,0.9377105053461028,0.1120440482359932,0.2858910678874371,OAS1_0012_MR1_mpr-3_anon,noise,high
0.0920215547084808,0.1495534181594848,0.0233617462217807,0.5904191732406616,2.4849181175231934,0.1438672542572021,0.0115162916481494,0.1438672542572021,132.2107101141238,0.9432191522901024,0.6156889163257665,0.651587923285381,OAS1_0012_MR1_mpr-3_anon,original,none
0.0914059430360794,0.1486613899469375,0.0230530351400375,0.5897667407989502,2.483806848526001,0.1432253718376159,0.0114152282476425,0.1432253718376159,130.72592940984993,0.9431202739558098,0.6156878412032298,0.6515545168217817,OAS1_0012_MR1_mpr-3_anon,original,none
0.0903211683034896,0.1471531987190246,0.0225521102547645,0.5885413885116577,2.4809699058532715,0.1420040726661682,0.0112402867525815,0.1420040726661682,128.24841356464464,0.9429972203397818,0.6156871724567003,0.6516314872352322,OAS1_0012_MR1_mpr-3_anon,original,none
0.4332223832607269,0.0905613526701927,0.0082561019808053,4.811335563659668,3.0469512939453125,0.103017158806324,0.004230401944369,0.103017158806324,49.30040761910233,0.9532867375656828,0.4920856297209365,0.5863243039652287,OAS1_0012_MR1_mpr-3_anon,motion,low
0.4585334062576294,0.0870812535285949,0.0076102763414382,5.276363372802734,3.005227565765381,0.1033779233694076,0.0038567122537642,0.1033779233694076,48.35446585860907,0.9510899596673584,0.4933575672029429,0.5865320524284904,OAS1_0012_MR1_mpr-3_anon,motion,medium
0.4622900485992431,0.0866247788071632,0.0075355605222284,5.360070705413818,3.010225534439087,0.1137495189905166,0.0037828437052667,0.1137495189905166,53.87968486711091,0.9450008251994436,0.4912112138693896,0.5764778903802631,OAS1_0012_MR1_mpr-3_anon,motion,high
0.0915426388382911,0.1522375345230102,0.0241823196411132,0.5764517784118652,2.426581859588623,0.1502310335636139,0.0126293748617172,0.1502310335636139,152.38977720971204,0.9384313278840796,0.6253964216154335,0.6599614725104621,OAS1_0012_MR1_mpr-4_anon,original,none
0.1231657713651657,0.1911810636520385,0.0379002019762992,0.6193661093711853,2.625459671020508,0.1213415414094924,0.0005787594127468,0.1213415414094924,41.29861892999388,0.9897194188169008,0.6027427767331142,0.6968826364405524,OAS1_0012_MR1_mpr-4_anon,blur,low
0.1410204619169235,0.2069114595651626,0.0439092516899108,0.6593832969665527,2.7682342529296875,0.0919796526432037,9.02982646948658e-05,0.0919796526432037,18.911084941789216,0.996650958017166,0.5807867442922614,0.6973526642377864,OAS1_0012_MR1_mpr-4_anon,blur,medium
0.1715787351131439,0.2363409548997879,0.0571854412555694,0.704293966293335,2.976106882095337,0.0734787136316299,1.8907341654994525e-05,0.0734787136316299,10.294151994293811,0.9986648477045612,0.5453852647447153,0.6862634105497045,OAS1_0012_MR1_mpr-4_anon,blur,high
0.0933869779109954,0.1512351334095001,0.0238669980317354,0.5959242582321167,2.7967681884765625,0.154170349240303,0.0126559054479002,0.154170349240303,152.67602467256432,0.9379558345474932,0.3971018901124211,0.5435901657998548,OAS1_0012_MR1_mpr-4_anon,noise,low
0.0951413661241531,0.1501310765743255,0.023519217967987,0.6156400442123413,3.1680355072021484,0.158067375421524,0.0127859041094779,0.158067375421524,153.21672243604473,0.9366683124199352,0.214158284668543,0.416271109283989,OAS1_0012_MR1_mpr-4_anon,noise,medium
0.0989283174276351,0.1482800841331482,0.0229451768100261,0.6556888818740845,3.525827169418335,0.1665176600217819,0.0134984441101551,0.1665176600217819,157.4302584779029,0.9328315351307832,0.1149782573392801,0.2906798399528495,OAS1_0012_MR1_mpr-4_anon,noise,high
0.0915018692612648,0.1521753966808319,0.024146007373929,0.5758739709854126,2.4425125122070312,0.1504831612110138,0.0126723702996969,0.1504831612110138,152.44787382238053,0.9383603335304525,0.6253895672737797,0.6597278195438994,OAS1_0012_MR1_mpr-4_anon,original,none
0.0911177396774292,0.1516515761613845,0.0239600017666816,0.5751399993896484,2.442427396774292,0.1501429080963134,0.0126229282468557,0.1501429080963134,151.4387025122549,0.9382970830429732,0.6253885138618089,0.6596389990788469,OAS1_0012_MR1_mpr-4_anon,original,none
0.0901755318045616,0.1503713876008987,0.0235379729419946,0.5738098621368408,2.4403228759765625,0.1490049511194229,0.0124641498550772,0.1490049511194229,148.94463345396753,0.9382250018250872,0.6253879036820102,0.6596883913930907,OAS1_0012_MR1_mpr-4_anon,original,none
0.4379482567310333,0.089439257979393,0.0080472826957702,4.921844482421875,2.982653379440308,0.1054949685931205,0.004414013121277,0.1054949685931205,54.01818608302696,0.9475487685136604,0.5056383627610981,0.5969226447866346,OAS1_0012_MR1_mpr-4_anon,motion,low
0.465082436800003,0.0861567482352256,0.0074482345953583,5.411373138427734,2.942955493927002,0.1054072082042694,0.0040450259111821,0.1054072082042694,52.77182736864277,0.9455511244853172,0.506828149939472,0.5976817056764271,OAS1_0012_MR1_mpr-4_anon,motion,medium
0.4780771732330322,0.0859281122684478,0.0074174916371703,5.595561504364014,2.943619728088379,0.1154293641448021,0.0039989431388676,0.1154293641448021,58.346003035003065,0.9395694195156988,0.5063761867849177,0.5876806940076906,OAS1_0012_MR1_mpr-4_anon,motion,high
0.0842574387788772,0.1422887742519378,0.0211303737014532,0.5663769245147705,2.594541072845459,0.1597984284162521,0.0119296573102474,0.1597984284162521,164.35050120634193,0.9286402889937648,0.588126006884104,0.6306784534486704,OAS1_0013_MR1_mpr-1_anon,original,none
0.1171832829713821,0.1825168877840042,0.0344328135251998,0.6216031312942505,2.792075157165528,0.1303898990154266,0.0008572915103286,0.1303898990154266,52.50008473115809,0.9873398739658172,0.5652657671885942,0.6795881423069365,OAS1_0013_MR1_mpr-1_anon,blur,low
0.1468229293823242,0.2131846994161605,0.0468511134386062,0.6674529314041138,2.978574752807617,0.1013601124286651,0.0001324747718172,0.1013601124286651,22.98640495749081,0.9964269467082502,0.5435167887938086,0.6757391569513502,OAS1_0013_MR1_mpr-1_anon,blur,medium
0.1788499653339386,0.2432326078414917,0.0609057582914829,0.7147023677825928,3.2067019939422607,0.0799088925123214,2.1941905288258567e-05,0.0799088925123214,11.569647097120098,0.998642572393356,0.5085662949831103,0.6622354606986387,OAS1_0013_MR1_mpr-1_anon,blur,high
0.0862005352973938,0.1413721889257431,0.0208765808492898,0.5895625352859497,2.9256157875061035,0.163736343383789,0.0119537785649299,0.163736343383789,164.4789628571155,0.9276382464684584,0.3937883912432441,0.5264406171987874,OAS1_0013_MR1_mpr-1_anon,noise,low
0.0882080495357513,0.1405767202377319,0.0206523928791284,0.6132780313491821,3.277817487716675,0.1678963899612426,0.012179834768176,0.1678963899612426,165.7417294969746,0.925099585605474,0.2063265669913669,0.4025730489961739,OAS1_0013_MR1_mpr-1_anon,noise,medium
0.0920964702963829,0.1388992816209793,0.0201529450714588,0.660067081451416,3.595184564590454,0.1763008087873459,0.0131181869655847,0.1763008087873459,170.9873583026961,0.917413085340284,0.1121258195187925,0.2870707154558477,OAS1_0013_MR1_mpr-1_anon,noise,high
0.0838564559817314,0.1416203677654266,0.0209157019853591,0.5665055513381958,2.5929646492004395,0.1595379710197448,0.0119069218635559,0.1595379710197448,163.3363477519914,0.9283805399697136,0.5881252488963984,0.6306223745680806,OAS1_0013_MR1_mpr-1_anon,original,none
0.0833080857992172,0.1407361179590225,0.0206414554268121,0.56646728515625,2.590632200241089,0.1589782983064651,0.0118479458615183,0.1589782983064651,161.84216811236217,0.9281552426513864,0.5881249974947755,0.630637005164181,OAS1_0013_MR1_mpr-1_anon,original,none
0.0822644606232643,0.1391152739524841,0.0201492793858051,0.5661536455154419,2.586266040802002,0.1576668620109558,0.0117014003917574,0.1576668620109558,158.85005122166055,0.9278591887721694,0.5881247760685174,0.6308770812559992,OAS1_0013_MR1_mpr-1_anon,original,none
0.4405173659324646,0.0876917093992233,0.0077628907747566,5.034432411193848,3.0726442337036133,0.1145547181367874,0.0041559883393347,0.1145547181367874,59.93232326133578,0.9399985451057103,0.4767911354459725,0.5758144670879499,OAS1_0013_MR1_mpr-1_anon,motion,low
0.4702723026275635,0.0847605168819427,0.0072598895058035,5.55377197265625,3.018155336380005,0.1122273504734039,0.0038005376700311,0.1122273504734039,57.25546013327207,0.9389138417383204,0.4837088509613306,0.5826618716933002,OAS1_0013_MR1_mpr-1_anon,motion,medium
0.4658195078372955,0.0826060622930526,0.00690613174811,5.655811786651611,2.991333484649658,0.1192845404148101,0.0036661126650869,0.1192845404148101,60.40449099073223,0.9319302283909106,0.4849867563176799,0.5771016790298416,OAS1_0013_MR1_mpr-1_anon,motion,high
0.0847954899072647,0.1426149010658264,0.0212614312767982,0.5679605007171631,2.600918292999268,0.1603128463029861,0.0120426192879676,0.1603128463029861,165.00287439682904,0.9285487828905156,0.5870298823285345,0.6296245771579216,OAS1_0013_MR1_mpr-2_anon,original,none
0.1183083355426788,0.1835657358169555,0.034899428486824,0.6230804920196533,2.800731420516968,0.1312132477760315,0.0008618875872343,0.1312132477760315,53.057124837239584,0.9873797066147898,0.5641040954549463,0.6784777260767942,OAS1_0013_MR1_mpr-2_anon,blur,low
0.147443413734436,0.2133033573627472,0.0470012836158275,0.6691028475761414,2.9852633476257324,0.1015004217624664,0.0001325607881881,0.1015004217624664,23.03059105966605,0.9964386743012068,0.542391670796188,0.6749126550053939,OAS1_0013_MR1_mpr-2_anon,blur,medium
0.1794440746307373,0.2435624003410339,0.0610190108418464,0.7163492441177368,3.2130274772644043,0.0798520743846893,2.1801437469548542e-05,0.0798520743846893,11.527978276271448,0.9986500593720488,0.5074724364494002,0.6615583166178121,OAS1_0013_MR1_mpr-2_anon,blur,high
0.0867065042257309,0.1416991949081421,0.0210073757916688,0.5911997556686401,2.932104587554932,0.1641994714736938,0.0120731741189956,0.1641994714736938,165.19899303959863,0.9275185600277388,0.3911267144827761,0.5250301613700455,OAS1_0013_MR1_mpr-2_anon,noise,low
0.0886728316545486,0.1409052610397339,0.0207772515714168,0.6149543523788452,3.283353328704834,0.1683116108179092,0.0122895892709493,0.1683116108179092,166.4509103812423,0.9249804421510952,0.2052164616068469,0.4014384765389576,OAS1_0013_MR1_mpr-2_anon,noise,medium
0.0923448503017425,0.1390196979045868,0.0202326327562332,0.6617721915245056,3.597257137298584,0.1762556731700897,0.0130854379385709,0.1762556731700897,170.66448136871935,0.9171413933878604,0.1116174374146718,0.2862591287978898,OAS1_0013_MR1_mpr-2_anon,noise,high
0.0843622386455535,0.1419025957584381,0.0210324525833129,0.568115234375,2.59926986694336,0.1599933207035064,0.0120141934603452,0.1599933207035064,163.87362275965074,0.9282912780165864,0.5870290201326968,0.6296040674751067,OAS1_0013_MR1_mpr-2_anon,original,none
0.0838047266006469,0.1410063207149505,0.0207541547715663,0.5681021213531494,2.596937656402588,0.1594173908233642,0.0119557678699493,0.1594173908233642,162.37021412568936,0.9280583462993748,0.5870284483655075,0.6296273665440846,OAS1_0013_MR1_mpr-2_anon,original,none
0.0827846974134445,0.139434814453125,0.0202740710228681,0.5678246021270752,2.5927584171295166,0.1581604480743408,0.0118188615888357,0.1581604480743408,159.49626440908395,0.927744675327526,0.5870284733063729,0.6298607549095124,OAS1_0013_MR1_mpr-2_anon,original,none
0.4391621351242065,0.0882013738155365,0.0078539671376347,4.988502502441406,3.078031539916992,0.1152549758553505,0.0042692217975854,0.1152549758553505,60.81214025160845,0.9397895609854025,0.47625718998852,0.5747862068470765,OAS1_0013_MR1_mpr-2_anon,motion,low
0.4708849489688873,0.0854589641094207,0.0073787635192275,5.515912055969238,3.029914617538452,0.1131787896156311,0.0039197937585413,0.1131787896156311,58.34855382582721,0.9386389497603496,0.4817528496290032,0.5812720025740286,OAS1_0013_MR1_mpr-2_anon,motion,medium
0.4668056070804596,0.0827769637107849,0.0069268671795725,5.655150890350342,2.997061252593994,0.1196497529745101,0.0037348042242228,0.1196497529745101,60.87370413985907,0.9317196304092948,0.4837697813601992,0.5762205404227976,OAS1_0013_MR1_mpr-2_anon,motion,high
0.0836468636989593,0.1407878398895263,0.0207085683941841,0.5683940649032593,2.5879220962524414,0.1565465033054351,0.0113962711766362,0.1565465033054351,157.01128671683517,0.9289529874165772,0.5886286339786839,0.6314833439824279,OAS1_0013_MR1_mpr-3_anon,original,none
0.1181352436542511,0.1830863356590271,0.034795619547367,0.6231131553649902,2.79102087020874,0.1304771602153778,0.0008342306828126,0.1304771602153778,52.14151036879596,0.9873421691763776,0.5657029554681093,0.6793470741480646,OAS1_0013_MR1_mpr-3_anon,blur,low
0.1472183316946029,0.2127610743045807,0.0468062758445739,0.6693058609962463,2.976523399353028,0.1016014292836189,0.0001316899288212,0.1016014292836189,22.966284658394606,0.9964207612771468,0.5438426460225891,0.675132474499706,OAS1_0013_MR1_mpr-3_anon,blur,medium
0.1793240010738372,0.2429929375648498,0.0607886016368866,0.7170556783676147,3.204463005065918,0.0801554098725318,2.212237086496316e-05,0.0801554098725318,11.581228458180147,0.9986398168721132,0.5086859308168028,0.6619168038396623,OAS1_0013_MR1_mpr-3_anon,blur,high
0.0855566412210464,0.1399298459291458,0.020473476499319,0.5916351079940796,2.9136903285980225,0.1604529619216919,0.0114375110715627,0.1604529619216919,157.3629119274663,0.927961908651443,0.3955585165385161,0.5286997802582998,OAS1_0013_MR1_mpr-3_anon,noise,low
0.0874225720763206,0.1390374302864074,0.0202192589640617,0.6154264211654663,3.266054153442383,0.1643613278865814,0.0116169042885303,0.1643613278865814,158.2444683000153,0.9254828094030388,0.2071819968151121,0.4041474811544238,OAS1_0013_MR1_mpr-3_anon,noise,medium
0.091206669807434,0.1373937129974365,0.0197508502751588,0.6621955633163452,3.583180427551269,0.172560304403305,0.0124314166605472,0.172560304403305,162.91779509899663,0.9180837861129056,0.1126392477151802,0.2882243926416828,OAS1_0013_MR1_mpr-3_anon,noise,high
0.0831653103232383,0.1400060057640075,0.0204644873738288,0.5685144066810608,2.5859336853027344,0.1561391949653625,0.0113561544567346,0.1561391949653625,155.73155326095284,0.9287259497574688,0.5886283175889004,0.6314770160636738,OAS1_0013_MR1_mpr-3_anon,original,none
0.0825710818171501,0.1390647441148758,0.0201769769191741,0.5684665441513062,2.58340835571289,0.1555009931325912,0.0112891197204589,0.1555009931325912,154.11541771982232,0.928522964078999,0.5886282040145123,0.6315700894929925,OAS1_0013_MR1_mpr-3_anon,original,none
0.0814507156610488,0.1373507380485534,0.0196582432836294,0.5681371092796326,2.578669309616089,0.154069572687149,0.0111279468983411,0.154069572687149,150.93133305568324,0.9282599979992964,0.5886285947778734,0.6318396983475175,OAS1_0013_MR1_mpr-3_anon,original,none
0.439973920583725,0.0878198817372322,0.0077756945975124,5.0237321853637695,3.088616371154785,0.1139546632766723,0.0041352761909365,0.1139546632766723,59.29076765471814,0.9408478994473652,0.4729349262988663,0.5739575763760069,OAS1_0013_MR1_mpr-3_anon,motion,low
0.4694612622261047,0.0848124697804451,0.0072643561288714,5.540760040283203,3.0357799530029297,0.1116804778575897,0.003775565419346,0.1116804778575897,56.55243733723958,0.9396396445003554,0.4792435819936745,0.5804547307878796,OAS1_0013_MR1_mpr-3_anon,motion,medium
0.4614465236663818,0.0824984014034271,0.0068820398300886,5.617308616638184,3.0005598068237305,0.1186327189207077,0.0036377504002302,0.1186327189207077,59.69853084788603,0.9327775145040148,0.4823812052941313,0.5755953512978133,OAS1_0013_MR1_mpr-3_anon,motion,high
0.0839168429374694,0.1419803202152252,0.0210480913519859,0.5652468800544739,2.5810346603393555,0.1588789522647857,0.0121185332536697,0.1588789522647857,163.99540895948223,0.9279732240390708,0.5905847798196762,0.633012089760482,OAS1_0013_MR1_mpr-4_anon,original,none
0.1176361218094825,0.1831762194633484,0.0347805544734001,0.6203848719596863,2.781503677368164,0.1308583617210388,0.0008605324546806,0.1308583617210388,52.67038957184437,0.9873253194732432,0.5677166426232418,0.6806891764898455,OAS1_0013_MR1_mpr-4_anon,blur,low
0.1465166807174682,0.2127168774604797,0.0467716604471206,0.6664806604385376,2.965965032577514,0.1012853235006332,0.0001324121840298,0.1012853235006332,22.921907073376225,0.9964281714710266,0.5459545304045506,0.6764188816012517,OAS1_0013_MR1_mpr-4_anon,blur,medium
0.1783358454704284,0.2428409904241562,0.0606908909976482,0.7139047980308533,3.193289041519165,0.0797453969717025,2.18588684219867e-05,0.0797453969717025,11.507889571844364,0.9986432383779806,0.5109130305070676,0.6629887262069322,OAS1_0013_MR1_mpr-4_anon,blur,high
0.0858703628182411,0.1411044895648956,0.0208056010305881,0.5885095596313477,2.911147356033325,0.1628533899784088,0.0121494214981794,0.1628533899784088,164.2237444709329,0.9269725932580024,0.3966249643042965,0.5292035453328643,OAS1_0013_MR1_mpr-4_anon,noise,low
0.0878022164106369,0.1402222514152526,0.0205596853047609,0.6121996641159058,3.264726161956787,0.1668867617845535,0.0123394895344972,0.1668867617845535,165.17918162626378,0.9244836037246844,0.2076546242078829,0.404484261423216,OAS1_0013_MR1_mpr-4_anon,noise,medium
0.091711550951004,0.1386744379997253,0.0201168749481439,0.659001886844635,3.5834269523620605,0.1752520501613617,0.0132013373076915,0.1752520501613617,170.10756393133423,0.9169132367770144,0.1127987148431417,0.2881894621256036,OAS1_0013_MR1_mpr-4_anon,noise,high
0.0836547687649726,0.1415504068136215,0.0209147669374942,0.5653517246246338,2.580086708068848,0.1588599383831024,0.0121301114559173,0.1588599383831024,163.47713120404413,0.9277283451791424,0.5905840550210708,0.6329106228756651,OAS1_0013_MR1_mpr-4_anon,original,none
0.0831445008516311,0.1407372057437896,0.0206663478165864,0.5652918219566345,2.5779380798339844,0.1583503037691116,0.0120752472430467,0.1583503037691116,162.0768030503217,0.9275061262574515,0.590583708415851,0.6329363470812175,OAS1_0013_MR1_mpr-4_anon,original,none
0.0818934440612793,0.1387945264577865,0.0200823284685611,0.5649493932723999,2.572561740875244,0.1566325724124908,0.0118631487712264,0.1566325724124908,158.22863338694856,0.9272197708099804,0.5905841211884999,0.6332980493875404,OAS1_0013_MR1_mpr-4_anon,original,none
0.4376907050609588,0.0880032628774643,0.0078117307275533,4.974379539489746,3.070379734039306,0.1147502362728118,0.0043064216151833,0.1147502362728118,60.70276501225491,0.9396203319077696,0.4777779136483497,0.576685773573011,OAS1_0013_MR1_mpr-4_anon,motion,low
0.4687985777854919,0.085267998278141,0.0073431567288935,5.5020751953125,3.014073610305786,0.1127950549125671,0.0039627677761018,0.1127950549125671,58.32456150428921,0.9384363717818482,0.4851583480891673,0.5835534291722793,OAS1_0013_MR1_mpr-4_anon,motion,medium
0.4675397872924804,0.0830919295549392,0.0069859875366091,5.6424760818481445,2.9892263412475586,0.120021104812622,0.0038241622969508,0.120021104812622,61.56936011220895,0.9314831206776744,0.4863399337971436,0.5775190443373637,OAS1_0013_MR1_mpr-4_anon,motion,high
0.072385236620903,0.1291676759719848,0.0175163447856903,0.5323407649993896,2.313375473022461,0.119517758488655,0.0080811753869056,0.119517758488655,106.57438318589156,0.937374339824949,0.6367939675827016,0.6790587168951125,OAS1_0014_MR1_mpr-1_anon,original,none
0.1027301400899887,0.172109842300415,0.0308169834315776,0.5742954611778259,2.4893815517425537,0.1011130064725875,0.0005327304825186,0.1011130064725875,34.96850107230392,0.9887631422576524,0.6165225981664171,0.7259085911091827,OAS1_0014_MR1_mpr-1_anon,blur,low
0.1339778304100036,0.2118255794048309,0.046483889222145,0.6112849116325378,2.6892290115356445,0.0846331715583801,0.0001000769916572,0.0846331715583801,18.099899950214457,0.9968621658482488,0.5955761753353922,0.7173421713374413,OAS1_0014_MR1_mpr-1_anon,blur,medium
0.1667057275772094,0.2504189312458038,0.0644799917936325,0.6460760235786438,2.9276511669158936,0.0669123530387878,1.8064982214127667e-05,0.0669123530387878,9.128484748391545,0.9989317805464536,0.5622245940854106,0.703015557724999,OAS1_0014_MR1_mpr-1_anon,blur,high
0.073924534022808,0.1284388899803161,0.0173237957060337,0.5524753332138062,2.53908634185791,0.1227967441082,0.0081048626452684,0.1227967441082,106.79165481866576,0.936886881452064,0.5056235234390236,0.6128668192056524,OAS1_0014_MR1_mpr-1_anon,noise,low
0.0754704475402832,0.1277001798152923,0.0171286687254905,0.5729495882987976,2.933784008026123,0.1261732876300811,0.0082135163247585,0.1261732876300811,107.49025400199142,0.9353776557738872,0.2581020536723936,0.4679324457770828,OAS1_0014_MR1_mpr-1_anon,noise,medium
0.0785131677985191,0.1261772662401199,0.0167191848158836,0.6140519976615906,3.282592296600342,0.1330982744693756,0.0086577050387859,0.1330982744693756,110.06519942938112,0.9309038958920396,0.1430913993291559,0.3414308001324276,OAS1_0014_MR1_mpr-1_anon,noise,high
0.0720023959875106,0.1283549964427948,0.0172979068011045,0.53243088722229,2.3118062019348145,0.1192608922719955,0.0080506801605224,0.1192608922719955,105.71171707452514,0.9372310707490912,0.6367924250039173,0.6790252902667031,OAS1_0014_MR1_mpr-1_anon,original,none
0.0715253502130508,0.1274351179599762,0.017055470496416,0.5323458909988403,2.3099024295806885,0.118837222456932,0.0080055184662342,0.118837222456932,104.67887800628066,0.9370999992895728,0.6367915287727862,0.6790899874968538,OAS1_0014_MR1_mpr-1_anon,original,none
0.0705579072237014,0.1257483214139938,0.0166135169565677,0.5319472551345825,2.306036949157715,0.117754265666008,0.0078861126676201,0.117754265666008,102.4963254442402,0.9369359951011312,0.6367910633249649,0.679414829735142,OAS1_0014_MR1_mpr-1_anon,original,none
0.4281219840049743,0.0813537091016769,0.0067159626632928,5.354330062866211,2.826169013977051,0.0908413082361221,0.0032908953726291,0.0908413082361221,44.38206356272978,0.9489579658530928,0.5187569481938095,0.6210697103078013,OAS1_0014_MR1_mpr-1_anon,motion,low
0.4587786495685577,0.0752426534891128,0.0057326355017721,6.136613845825195,2.7564120292663574,0.0885119140148162,0.0027808595914393,0.0885119140148162,39.89517582912071,0.9454175924325678,0.5276621366485048,0.6295191449319392,OAS1_0014_MR1_mpr-1_anon,motion,medium
0.4504136145114898,0.0749497413635253,0.0056599373929202,6.028072834014893,2.7578248977661133,0.0966857448220253,0.0027866796590387,0.0966857448220253,44.73807947495404,0.9386334104629812,0.5251615149555074,0.6202067198789862,OAS1_0014_MR1_mpr-1_anon,motion,high
0.0729625076055526,0.1302036643028259,0.0178143456578254,0.532105028629303,2.313893318176269,0.1200981736183166,0.0081731053069233,0.1200981736183166,107.33520675359988,0.9381523279266084,0.6372246863177193,0.6793919638819136,OAS1_0014_MR1_mpr-2_anon,original,none
0.1034659072756767,0.1733302474021911,0.0312603414058685,0.5738451480865479,2.490058660507202,0.1014768034219741,0.0005391346057876,0.1014768034219741,35.213306860830265,0.9888575292333772,0.6169141456729781,0.7259591874437207,OAS1_0014_MR1_mpr-2_anon,blur,low
0.1342175006866455,0.2123953849077224,0.0467852652072906,0.6105970740318298,2.6877174377441406,0.0845614522695541,9.990969556383789e-05,0.0845614522695541,18.09533715341605,0.9968816372294204,0.5960012311275869,0.7177635346514695,OAS1_0014_MR1_mpr-2_anon,blur,medium
0.1664065271615982,0.2503538131713867,0.0644623264670372,0.6451183557510376,2.9246363639831543,0.0666666850447654,1.7937520169653e-05,0.0666666850447654,9.077849025352329,0.99893672392324,0.5627531466989922,0.7035110277177156,OAS1_0014_MR1_mpr-2_anon,blur,high
0.0745097324252128,0.129445880651474,0.0176120102405548,0.5522825717926025,2.5457334518432617,0.1234000772237777,0.0081969182938337,0.1234000772237777,107.53920814663758,0.9376546372571966,0.5023900420458283,0.6111518736568882,OAS1_0014_MR1_mpr-2_anon,noise,low
0.0761080384254455,0.1287710070610046,0.0174323599785566,0.5727250576019287,2.940340995788574,0.1268798112869262,0.0083118472248315,0.1268798112869262,108.32941858628216,0.9361191079742216,0.2565261870622058,0.4662562104692004,OAS1_0014_MR1_mpr-2_anon,noise,medium
0.0792519897222518,0.1273346096277237,0.0170459263026714,0.6139760613441467,3.290147066116333,0.1339349746704101,0.0087818875908851,0.1339349746704101,111.10661537320009,0.9316514294802604,0.1420428849464993,0.3398477883745233,OAS1_0014_MR1_mpr-2_anon,noise,high
0.0724859982728958,0.1292283982038498,0.0175485592335462,0.5322145223617554,2.311947822570801,0.1197096854448318,0.0081297326833009,0.1197096854448318,106.27942636527268,0.9379985426687708,0.6372236214642907,0.6793975601085691,OAS1_0014_MR1_mpr-2_anon,original,none
0.0717676281929016,0.1279212236404419,0.0171908736228942,0.5321476459503174,2.308901786804199,0.1189034134149551,0.0080332998186349,0.1189034134149551,104.5592347388174,0.937856879269432,0.6372228218042342,0.6795936580351467,OAS1_0014_MR1_mpr-2_anon,original,none
0.0704931914806366,0.1257451027631759,0.0166038572788238,0.5317741632461548,2.303619146347046,0.1173470169305801,0.0078509347513318,0.1173470169305801,101.52887321920956,0.9376830397457344,0.6372228990757804,0.6800105493197031,OAS1_0014_MR1_mpr-2_anon,original,none
0.4272486567497253,0.0814503729343414,0.0067333774641156,5.327566146850586,2.824412107467652,0.0906079411506652,0.0032784105278551,0.0906079411506652,44.03235796760111,0.949540554996208,0.5192063177911324,0.6216208965742411,OAS1_0014_MR1_mpr-2_anon,motion,low
0.4615841209888458,0.0756324231624603,0.0057992050424218,6.135890960693359,2.7587900161743164,0.0886761099100112,0.0027915136888623,0.0886761099100112,39.92551389208027,0.9459392527939512,0.5276065702257835,0.629429938668272,OAS1_0014_MR1_mpr-2_anon,motion,medium
0.4460881352424621,0.0752126649022102,0.0057007586583495,5.948239803314209,2.7545437812805176,0.0968273505568504,0.0027897185645997,0.0968273505568504,44.70711286956189,0.9391235955829286,0.5265184246163388,0.6208174004420048,OAS1_0014_MR1_mpr-2_anon,motion,high
0.0728564262390136,0.1298430562019348,0.0177073776721954,0.5326486825942993,2.315809726715088,0.1201955452561378,0.0082027465105056,0.1201955452561378,107.08080791398592,0.9388356377381613,0.636729918552222,0.6788646693973033,OAS1_0014_MR1_mpr-3_anon,original,none
0.1038222312927246,0.1736718416213989,0.0313860848546028,0.5744225978851318,2.493940830230713,0.1019635051488876,0.000544331385754,0.1019635051488876,35.434213675704655,0.988862512759368,0.6164296856140439,0.725298035452043,OAS1_0014_MR1_mpr-3_anon,blur,low
0.1337933093309402,0.2114110141992569,0.0463733077049255,0.6113512516021729,2.6891584396362305,0.0844828933477401,9.954842971637844e-05,0.0844828933477401,18.071602136948528,0.9968501566841864,0.5954999188197665,0.7175398043246637,OAS1_0014_MR1_mpr-3_anon,blur,medium
0.1664390116930008,0.2497435063123703,0.0642299726605415,0.6462357044219971,2.927381992340088,0.066813439130783,1.8033771993941627e-05,0.066813439130783,9.12773198146446,0.9989261929152792,0.5621912034061731,0.7031537926211279,OAS1_0014_MR1_mpr-3_anon,blur,high
0.0743637084960937,0.1290424168109893,0.0174933355301618,0.5526834726333618,2.5449934005737305,0.1234335973858833,0.0082182688638567,0.1234335973858833,107.1822266821768,0.93834610804635,0.5036234920797873,0.6114660478233023,OAS1_0014_MR1_mpr-3_anon,noise,low
0.0758990943431854,0.1282909065485,0.0172906443476676,0.5730381011962891,2.93912410736084,0.1268079280853271,0.0083251520991325,0.1268079280853271,107.8503298291973,0.9368538119527416,0.2571709981743078,0.4668245875675996,OAS1_0014_MR1_mpr-3_anon,noise,medium
0.0790606886148452,0.1269106268882751,0.016923340037465,0.614059567451477,3.289359331130981,0.1338757574558258,0.0087998872622847,0.1338757574558258,110.69047013825062,0.932360638485354,0.1422857735989553,0.3402801640060919,OAS1_0014_MR1_mpr-3_anon,noise,high
0.0723843872547149,0.1289143115282058,0.0174503196030855,0.5327526330947876,2.3138890266418457,0.1198143064975738,0.0081578195095062,0.1198143064975738,105.98329766965382,0.9386813381498144,0.6367287911369299,0.6788529713837851,OAS1_0014_MR1_mpr-3_anon,original,none
0.0716440603137016,0.1275939643383026,0.017088271677494,0.5326789617538452,2.310763120651245,0.1189682334661483,0.0080565121024847,0.1189682334661483,104.18185317095588,0.9385481496909144,0.6367283641770165,0.6790476472675344,OAS1_0014_MR1_mpr-3_anon,original,none
0.0703021436929702,0.1253489851951599,0.0164833422750234,0.5322930216789246,2.3051235675811768,0.1172829419374466,0.007858233526349,0.1172829419374466,100.92637029909622,0.938375964367355,0.636729260551281,0.6795566540479339,OAS1_0014_MR1_mpr-3_anon,original,none
0.4277370572090149,0.0817059427499771,0.0067709852010011,5.322136878967285,2.8302464485168457,0.091075375676155,0.00332025391981,0.091075375676155,44.246338848039215,0.9494881392204284,0.5183999977398286,0.6204477581267552,OAS1_0014_MR1_mpr-3_anon,motion,low
0.4586207568645477,0.0754433125257492,0.0057642366737127,6.109113693237305,2.7596592903137207,0.0887044221162796,0.0027985745109617,0.0887044221162796,39.78051326976103,0.9457952288492252,0.527131236266764,0.6287517991799076,OAS1_0014_MR1_mpr-3_anon,motion,medium
0.4469956159591675,0.075427770614624,0.0057405019178986,5.939906597137451,2.761333703994751,0.0971774831414222,0.0028126463294029,0.0971774831414222,44.78455307904412,0.9390516338710528,0.5250067640769838,0.6194693937451446,OAS1_0014_MR1_mpr-3_anon,motion,high
0.0727588534355163,0.1296287178993225,0.0176373329013586,0.5332546830177307,2.3136560916900635,0.1195924058556556,0.0081032756716012,0.1195924058556556,106.05742881625308,0.9386798267058608,0.6370260515459819,0.6790704103068008,OAS1_0014_MR1_mpr-4_anon,original,none
0.1038218736648559,0.1735717058181762,0.0313298515975475,0.5748172998428345,2.492050647735596,0.1018628999590873,0.0005394537001848,0.1018628999590873,35.27731143727022,0.9889484793220066,0.6167241960840284,0.7253021279324323,OAS1_0014_MR1_mpr-4_anon,blur,low
0.1345860362052917,0.2125093638896942,0.0468562766909599,0.6115893125534058,2.6894991397857666,0.0849745273590087,0.0001006253442028,0.0849745273590087,18.248856608072916,0.9968690647824914,0.5957376546876454,0.7169524551651979,OAS1_0014_MR1_mpr-4_anon,blur,medium
0.1667866855859756,0.2502157092094421,0.0644664913415908,0.6464574337005615,2.925832509994507,0.0669737011194229,1.810153480619192e-05,0.0669737011194229,9.15268674364277,0.9989269881605294,0.5624358408398351,0.7026757063652549,OAS1_0014_MR1_mpr-4_anon,blur,high
0.0743303596973419,0.1289218366146087,0.0174494162201881,0.5534043908119202,2.5448474884033203,0.1229367926716804,0.0081322398036718,0.1229367926716804,106.33672832414216,0.9381927991188892,0.5027203964738658,0.6111723058977094,OAS1_0014_MR1_mpr-4_anon,noise,low
0.075852558016777,0.1281275153160095,0.0172390192747116,0.5738198161125183,2.9380974769592285,0.1262823194265365,0.0082330200821161,0.1262823194265365,106.93735961914062,0.9366915846185776,0.2571114055560891,0.4667578029995431,OAS1_0014_MR1_mpr-4_anon,noise,medium
0.0790327042341232,0.1267594397068023,0.0168787185102701,0.6149243116378784,3.288549423217773,0.1333962678909301,0.008706621825695,0.1333962678909301,109.7972231397442,0.9322356029367764,0.1423102086421795,0.3401628581173523,OAS1_0014_MR1_mpr-4_anon,noise,high
0.072371169924736,0.128825694322586,0.0174200888723135,0.5333675146102905,2.312075614929199,0.1193445473909378,0.008075282908976,0.1193445473909378,105.20022259880515,0.9385366077056084,0.6370245612941738,0.6790688535837739,OAS1_0014_MR1_mpr-4_anon,original,none
0.0717307925224304,0.1276732385158538,0.0171055309474468,0.5333013534545898,2.3093791007995605,0.1186663135886192,0.0079936496913433,0.1186663135886192,103.67543107575064,0.9383999919174284,0.6370239343140189,0.6792435479820467,OAS1_0014_MR1_mpr-4_anon,original,none
0.0703939646482467,0.1254262626171112,0.0164991505444049,0.532925009727478,2.30374526977539,0.1169980615377426,0.0077949496917426,0.1169980615377426,100.45341318167893,0.9382353388056964,0.6370244030977505,0.6797190661243224,OAS1_0014_MR1_mpr-4_anon,original,none
0.4258877635002136,0.0815680474042892,0.006746619939804,5.302328109741211,2.829908609390259,0.0905375182628631,0.0032710481900721,0.0905375182628631,43.76754772709866,0.9497837225560214,0.518146076979524,0.6205625407055755,OAS1_0014_MR1_mpr-4_anon,motion,low
0.4563443958759308,0.0751603245735168,0.0057206870988011,6.095969200134277,2.754807233810425,0.088081270456314,0.0027503108140081,0.088081270456314,39.24675316904106,0.9460965628235192,0.5280846746965536,0.6293715862668512,OAS1_0014_MR1_mpr-4_anon,motion,medium
0.4470006823539734,0.0753225833177566,0.0057232961989939,5.946803092956543,2.762077808380127,0.0968274921178817,0.0027857737150043,0.0968274921178817,44.53286946614584,0.9393487113111828,0.5246935573085263,0.6196235222601065,OAS1_0014_MR1_mpr-4_anon,motion,high
0.0816656202077865,0.1473778337240219,0.0221101567149162,0.5405426621437073,2.371347665786743,0.1469428539276123,0.0120002664625644,0.1469428539276123,164.98143202837775,0.937981880501447,0.6383078609274397,0.6711063651128709,OAS1_0015_MR1_mpr-1_anon,original,none
0.1036689430475235,0.1732983738183975,0.0305759590119123,0.5843950510025024,2.549964189529419,0.1162985414266586,0.0006170324631966,0.1162985414266586,51.43638975854014,0.9864159967009792,0.6161257578512287,0.7028001337299303,OAS1_0015_MR1_mpr-1_anon,blur,low
0.1256658136844635,0.1954846680164337,0.0387570299208164,0.6309240460395813,2.711860418319702,0.0948412716388702,0.0001139479645644,0.0948412716388702,25.9766663794424,0.994850305677035,0.5945476960049704,0.6965785790567821,OAS1_0015_MR1_mpr-1_anon,blur,medium
0.1609481871128082,0.2303118258714676,0.0536509528756141,0.6874784231185913,2.9407615661621094,0.0807391256093978,2.538658736739308e-05,0.0807391256093978,15.019220090379903,0.9978967554875148,0.5593522255169499,0.6792834558209802,OAS1_0015_MR1_mpr-1_anon,blur,high
0.0833100825548172,0.1465316712856292,0.0218579620122909,0.5555902719497681,2.6530160903930664,0.1504570245742797,0.0120119443163275,0.1504570245742797,165.20038679534315,0.937734305893254,0.4672231669222831,0.5853033355928092,OAS1_0015_MR1_mpr-1_anon,noise,low
0.0849357843399047,0.1456593424081802,0.021596759557724,0.5708075761795044,3.0459651947021484,0.1540057063102722,0.0121194655075669,0.1540057063102722,165.75804347617952,0.9368430799795892,0.2422224766383799,0.4463289257513069,OAS1_0015_MR1_mpr-1_anon,noise,medium
0.0882060900330543,0.1439063251018524,0.0210795849561691,0.6017705202102661,3.4183788299560547,0.1613365411758422,0.0126142175868153,0.1613365411758422,168.49097302006743,0.9343503301700448,0.1321044515983103,0.3185641392136825,OAS1_0015_MR1_mpr-1_anon,noise,high
0.0803835093975067,0.1458574384450912,0.0216408222913742,0.5379955172538757,2.36584997177124,0.1450803577899933,0.0117371156811714,0.1450803577899933,161.38022341260725,0.938047836880798,0.6383085738812893,0.6715762000001173,OAS1_0015_MR1_mpr-1_anon,original,none
0.0790610238909721,0.1442654579877853,0.0211574472486972,0.5354397892951965,2.360090732574463,0.1430983990430832,0.0114634037017822,0.1430983990430832,157.6016161151961,0.9381206522697828,0.6383095626417574,0.672104441266027,OAS1_0015_MR1_mpr-1_anon,original,none
0.0770815908908844,0.1418585181236267,0.0204407609999179,0.5316424369812012,2.351257085800171,0.140047550201416,0.0110536813735961,0.140047550201416,151.886427935432,0.938239445824995,0.638311299845217,0.6729333092657928,OAS1_0015_MR1_mpr-1_anon,original,none
0.4775572419166565,0.0853007286787033,0.0073138559237122,5.630353927612305,2.8662872314453125,0.1008067354559898,0.0040241801179945,0.1008067354559898,55.23380892884497,0.941041741829486,0.5295255941291397,0.6147644358133132,OAS1_0015_MR1_mpr-1_anon,motion,low
0.4526935219764709,0.0815459191799163,0.006675777491182,5.581995487213135,2.839533805847168,0.1013639271259307,0.0036562567111104,0.1013639271259307,53.61631206437653,0.9378421129041008,0.5291720199911324,0.6140235588453714,OAS1_0015_MR1_mpr-1_anon,motion,medium
0.4568626284599304,0.079366959631443,0.0063349744305014,5.812032699584961,2.822407484054565,0.1066271066665649,0.0035315991844981,0.1066271066665649,56.33240715475644,0.9325039989129962,0.5272858120671315,0.6066147186333264,OAS1_0015_MR1_mpr-1_anon,motion,high
0.0828208923339843,0.1478902697563171,0.022249324247241,0.5456016659736633,2.3969523906707764,0.147944837808609,0.0118869189172983,0.147944837808609,164.1323747223499,0.9384734286381718,0.6338238051508333,0.6670522313103344,OAS1_0015_MR1_mpr-2_anon,original,none
0.1046472042798996,0.1738003492355346,0.0307303108274936,0.5888649225234985,2.575706958770752,0.1164906173944473,0.0005975081585347,0.1164906173944473,50.69627482096354,0.9866212368741076,0.6114928771040329,0.7003640964020624,OAS1_0015_MR1_mpr-2_anon,blur,low
0.1272443979978561,0.1966613829135894,0.0392247661948204,0.6351721286773682,2.739287614822388,0.0955172032117843,0.0001129040465457,0.0955172032117843,26.03404588886336,0.9948960704327332,0.5898650558681761,0.6939299420994949,OAS1_0015_MR1_mpr-2_anon,blur,medium
0.1627297103404998,0.2311889827251434,0.0540898442268371,0.6918932199478149,2.967092990875244,0.081334576010704,2.554829006840009e-05,0.081334576010704,15.124314371744791,0.9979036872963076,0.5548158367706306,0.6770912763508166,OAS1_0015_MR1_mpr-2_anon,blur,high
0.0844693481922149,0.1470175683498382,0.0219881180673837,0.5607501864433289,2.683932304382324,0.1514605432748794,0.0119008067995309,0.1514605432748794,164.35635950425092,0.9382117252133236,0.4581873173319344,0.5787972359110929,OAS1_0015_MR1_mpr-2_anon,noise,low
0.0861066728830337,0.1461628824472427,0.0217310991138219,0.5760442018508911,3.073032855987549,0.1550385355949401,0.0120138395577669,0.1550385355949401,164.94451018688727,0.937313493558814,0.2382811677354675,0.4417750532895627,OAS1_0015_MR1_mpr-2_anon,noise,medium
0.0894029885530471,0.1443827748298645,0.0212104935199022,0.607215940952301,3.442015647888184,0.1624020636081695,0.0125313252210617,0.1624020636081695,167.78932076248466,0.9347953806591373,0.1297504822428745,0.3148981502438686,OAS1_0015_MR1_mpr-2_anon,noise,high
0.0816439688205719,0.1465892195701599,0.0218479912728071,0.5430529713630676,2.391974687576294,0.1462444067001342,0.0116500500589609,0.1462444067001342,160.8983276367188,0.9385583791592732,0.6338247187849343,0.6674798087469105,OAS1_0015_MR1_mpr-2_anon,original,none
0.0803200826048851,0.1450433135032653,0.0213779583573341,0.5404917597770691,2.3861794471740723,0.1442392468452453,0.0113763287663459,0.1442392468452453,157.09287564146757,0.9386465962229866,0.6338257502147084,0.6679981460944907,OAS1_0015_MR1_mpr-2_anon,original,none
0.0783624649047851,0.1427306532859802,0.020687848329544,0.5366809368133545,2.3775177001953125,0.14121675491333,0.010975794866681,0.14121675491333,151.49751299689802,0.9387880753010944,0.6338276243875659,0.6688085465051161,OAS1_0015_MR1_mpr-2_anon,original,none
0.4764096140861511,0.0860621407628059,0.0074466522783041,5.57048225402832,2.89243483543396,0.1012471914291381,0.0040143458172678,0.1012471914291381,55.24392748066023,0.942023523895796,0.5242742838733219,0.6107273690292503,OAS1_0015_MR1_mpr-2_anon,motion,low
0.4545991420745849,0.0820742398500442,0.0067650000564754,5.573402404785156,2.86974573135376,0.1018129512667656,0.0036235454026609,0.1018129512667656,53.40133523380055,0.9388491367886092,0.5225835811790611,0.6096904638045535,OAS1_0015_MR1_mpr-2_anon,motion,medium
0.4601153135299682,0.079925037920475,0.0064241318032145,5.811941146850586,2.84438419342041,0.1072997897863388,0.0034994827583432,0.1072997897863388,56.22032889571844,0.9334441635336928,0.5229578780694462,0.6024011205732305,OAS1_0015_MR1_mpr-2_anon,motion,high
0.0814743787050247,0.1461116373538971,0.0216857753694057,0.5443086624145508,2.380967855453491,0.1459692865610122,0.0117361228913068,0.1459692865610122,159.8899032293582,0.9387871212635313,0.6359668938786623,0.6691480606006033,OAS1_0015_MR1_mpr-3_anon,original,none
0.1041746288537979,0.1731855720281601,0.0305157378315925,0.5880327224731445,2.5629994869232178,0.1162424758076667,0.0006053675897419,0.1162424758076667,50.58212376014859,0.9866144795141134,0.6137286397797233,0.7005409029131329,OAS1_0015_MR1_mpr-3_anon,blur,low
0.1266136020421981,0.195875346660614,0.0389262214303016,0.6342839002609253,2.7260489463806152,0.0951027050614357,0.0001126824208768,0.0951027050614357,25.92262214211857,0.9948875715179272,0.5921209556576174,0.6940611261597033,OAS1_0015_MR1_mpr-3_anon,blur,medium
0.1622556447982788,0.2310176938772201,0.0540317334234714,0.69072026014328,2.955432176589966,0.0811282247304916,2.530544952605851e-05,0.0811282247304916,15.095632635378369,0.997900503403481,0.5569637498350974,0.6770938398429049,OAS1_0015_MR1_mpr-3_anon,blur,high
0.0830987095832824,0.1452527344226837,0.0214307587593793,0.5593886375427246,2.660406827926636,0.1494493782520294,0.0117509979754686,0.1494493782520294,160.1352286544501,0.9385347502776544,0.4664905419655941,0.5841069298117102,OAS1_0015_MR1_mpr-3_anon,noise,low
0.0847687125205993,0.14444400370121,0.0211956463754177,0.5746822357177734,3.052731513977051,0.1530593335628509,0.0118630044162273,0.1530593335628509,160.80447244083177,0.9376385042567495,0.2416134358987365,0.4454058919714438,OAS1_0015_MR1_mpr-3_anon,noise,medium
0.088006243109703,0.1427403688430786,0.0206937752664089,0.6057000160217285,3.4241247177124023,0.1603323519229889,0.0123667484149336,0.1603323519229889,163.54495861577055,0.9351755620716836,0.1316734126045752,0.3179018860427828,OAS1_0015_MR1_mpr-3_anon,noise,high
0.0802950784564018,0.1447921097278595,0.0212866067886352,0.5417234897613525,2.375871181488037,0.1442666947841644,0.0115033043548464,0.1442666947841644,156.74645361806833,0.9388752303514416,0.6359676422259104,0.6696013430486254,OAS1_0015_MR1_mpr-3_anon,original,none
0.0791451036930084,0.1435029655694961,0.0209021512418985,0.539129376411438,2.370807647705078,0.1425766944885254,0.0112771214917302,0.1425766944885254,153.67714460784316,0.9389717811739277,0.6359687059054372,0.6700409000362229,OAS1_0015_MR1_mpr-3_anon,original,none
0.0774248540401458,0.1415418088436126,0.0203255210071802,0.5352752208709717,2.363152027130127,0.1399878859519958,0.0109399994835257,0.1399878859519958,149.06863762350645,0.9391217043627512,0.6359700529184176,0.6707848420926728,OAS1_0015_MR1_mpr-3_anon,original,none
0.4773455858230591,0.0856492221355438,0.0073706656694412,5.602990627288818,2.8781566619873047,0.1012302339076995,0.0040293699130415,0.1012302339076995,54.943287209903495,0.9419139584240366,0.5275805610352621,0.6120520518153287,OAS1_0015_MR1_mpr-3_anon,motion,low
0.4514666795730591,0.081394612789154,0.0066495463252067,5.576098918914795,2.853593349456787,0.1013442501425743,0.0036155604757368,0.1013442501425743,52.68647784064798,0.9387114024491472,0.5259238237219839,0.6115707087962243,OAS1_0015_MR1_mpr-3_anon,motion,medium
0.4551294445991516,0.0790337920188903,0.0062781516462564,5.811939239501953,2.832335948944092,0.1063178479671478,0.0034676354844123,0.1063178479671478,55.0069164799709,0.9332995759187304,0.5247877907210222,0.6045050422609562,OAS1_0015_MR1_mpr-3_anon,motion,high
0.0733411014080047,0.1308399438858032,0.0176277868449687,0.5379785299301147,2.2776546478271484,0.1348246932029724,0.0126283522695302,0.1348246932029724,147.5825482536765,0.9251945226258536,0.6483136083560639,0.6816974516793086,OAS1_0016_MR1_mpr-1_anon,original,none
0.0943013280630111,0.1561347842216491,0.0250111371278762,0.5832679271697998,2.4371109008789062,0.0989596396684646,0.0005134164821356,0.0989596396684646,30.51492058249081,0.988891112840106,0.6269720950200945,0.7214369931944397,OAS1_0016_MR1_mpr-1_anon,blur,low
0.1132297292351722,0.1774535626173019,0.0320288017392158,0.6200095415115356,2.592226982116699,0.075285218656063,7.511954026995227e-05,0.075285218656063,12.986035395603556,0.9967967473738352,0.6057805749800407,0.7216841565689014,OAS1_0016_MR1_mpr-1_anon,blur,medium
0.1376996487379074,0.2032372057437896,0.0418856889009475,0.6606395840644836,2.805694341659546,0.0607146918773651,1.3991356354381423e-05,0.0607146918773651,6.961207012101715,0.9987325530935938,0.5716017627450791,0.7121238179534628,OAS1_0016_MR1_mpr-1_anon,blur,high
0.0748355090618133,0.1300360411405563,0.0174125526100397,0.5544862747192383,2.498274326324463,0.1380278468132019,0.0126317255198955,0.1380278468132019,147.67071485332417,0.9249394555674262,0.5233167274920132,0.6190355561145829,OAS1_0016_MR1_mpr-1_anon,noise,low
0.0763583704829216,0.1292906999588012,0.0172135066241025,0.5711970329284668,2.9067108631134038,0.141341358423233,0.0127251511439681,0.141341358423233,148.2271204331342,0.923856123834868,0.2655700317899279,0.4704494323062617,OAS1_0016_MR1_mpr-1_anon,noise,medium
0.0793574601411819,0.1277424097061157,0.0168001931160688,0.6051544547080994,3.2794394493103027,0.1480459868907928,0.0131231285631656,0.1480459868907928,150.35781573127298,0.9209194457300954,0.1468832148820422,0.3419665370193946,OAS1_0016_MR1_mpr-1_anon,noise,high
0.0714435428380966,0.1281536221504211,0.0168789960443973,0.5365695953369141,2.268937110900879,0.1317316591739654,0.0121346246451139,0.1317316591739654,141.13304347617958,0.925157783876516,0.6483151847630241,0.6824482898304769,OAS1_0016_MR1_mpr-1_anon,original,none
0.0695385783910751,0.1254587173461914,0.0161449071019887,0.5350484848022461,2.260030746459961,0.1286022961139679,0.0116434320807456,0.1286022961139679,134.80286625880825,0.9251386809588455,0.6483173313587436,0.6832263540076293,OAS1_0016_MR1_mpr-1_anon,original,none
0.0670325309038162,0.1219541877508163,0.0152220986783504,0.5326182842254639,2.2481555938720703,0.1244809478521347,0.011023037135601,0.1244809478521347,126.82336736940871,0.9251385637578856,0.6483207865901784,0.6843960752374474,OAS1_0016_MR1_mpr-1_anon,original,none
0.426815778017044,0.0760925710201263,0.0058207539841532,5.642600059509277,2.806485891342163,0.0935980454087257,0.0043688435107469,0.0935980454087257,51.89962708716299,0.9311818812048616,0.5248299729629342,0.6187372053424034,OAS1_0016_MR1_mpr-1_anon,motion,low
0.4442300796508789,0.0721900165081024,0.0052447002381086,6.208906173706055,2.7402515411376958,0.091530442237854,0.0039504989981651,0.091530442237854,48.93246112898285,0.9284401010727475,0.5322467465978951,0.6270216280174117,OAS1_0016_MR1_mpr-1_anon,motion,medium
0.4519084393978119,0.0712325349450111,0.0050999228842556,6.397281646728516,2.7343318462371826,0.0977083891630172,0.0038090154994279,0.0977083891630172,51.15320590150123,0.9232025068361144,0.531462541278989,0.6193484176118305,OAS1_0016_MR1_mpr-1_anon,motion,high
0.0768760591745376,0.1349422335624694,0.0187779776751995,0.5457223653793335,2.3112192153930664,0.1359087377786636,0.0125027708709239,0.1359087377786636,146.1809120327819,0.930414080153008,0.6440890478508192,0.6784374065401286,OAS1_0016_MR1_mpr-2_anon,original,none
0.0971125289797782,0.1591394990682602,0.0259742047637701,0.5885713696479797,2.463346481323242,0.0985820144414901,0.0004926639958284,0.0985820144414901,29.52973417394301,0.9897123033540548,0.6227731307608758,0.7198781091510912,OAS1_0016_MR1_mpr-2_anon,blur,low
0.1160977482795715,0.1806768774986267,0.0332231894135475,0.623668909072876,2.6192169189453125,0.0753239691257476,7.283013837877661e-05,0.0753239691257476,12.708864219515933,0.9969501031660196,0.6015951265392345,0.7200236577780609,OAS1_0016_MR1_mpr-2_anon,blur,medium
0.1406130343675613,0.2065716385841369,0.0433322042226791,0.6628707647323608,2.834479093551636,0.0607475601136684,1.3900655176257716e-05,0.0607475601136684,6.84187131395527,0.9987905746638904,0.5676181762902497,0.7105644392026249,OAS1_0016_MR1_mpr-2_anon,blur,high
0.078391708433628,0.1340440362691879,0.0185309145599603,0.5622360706329346,2.554860591888428,0.1391704380512237,0.0124991731718182,0.1391704380512237,146.1677381328508,0.9301638729948668,0.5017374816922824,0.6071028169807573,OAS1_0016_MR1_mpr-2_anon,noise,low
0.0799277424812316,0.1331956088542938,0.0182961579412221,0.5789564847946167,2.9554460048675537,0.1425491273403167,0.0125959180295467,0.1425491273403167,146.7017973058364,0.9291149318442068,0.2560261507390504,0.4619652885388741,OAS1_0016_MR1_mpr-2_anon,noise,medium
0.0829949378967285,0.1315090358257293,0.0178345199674367,0.61296546459198,3.3232645988464355,0.1494394987821579,0.0130242081359028,0.1494394987821579,148.93742699716609,0.9262573149602318,0.1409954712998948,0.3337331049005324,OAS1_0016_MR1_mpr-2_anon,noise,high
0.0746886283159256,0.1318923234939575,0.0178916528820991,0.5443292260169983,2.301684856414795,0.1324973106384277,0.0119630228728055,0.1324973106384277,139.1472392961091,0.9303452036283956,0.6440910123909129,0.6792805232168346,OAS1_0016_MR1_mpr-2_anon,original,none
0.0726843923330307,0.1291110217571258,0.0171091947704553,0.5428141951560974,2.292886972427368,0.1293596625328064,0.0114836599677801,0.1293596625328064,132.93468615962013,0.9302939094550864,0.6440928597173069,0.6800774120715487,OAS1_0016_MR1_mpr-2_anon,original,none
0.0700421631336212,0.1254768073558807,0.0161234885454177,0.5403786897659302,2.2811145782470703,0.1252132803201675,0.0108761601150035,0.1252132803201675,125.10197658164832,0.930245914465173,0.6440959018751409,0.6813057553179511,OAS1_0016_MR1_mpr-2_anon,original,none
0.4322763085365295,0.0772341787815094,0.0059998477809131,5.641753196716309,2.838530778884888,0.0930368080735206,0.0042058592662215,0.0930368080735206,50.03125957414216,0.936023043641522,0.5186346462221236,0.6159887500468171,OAS1_0016_MR1_mpr-2_anon,motion,low
0.4458069503307342,0.0740884095430374,0.0055232639424502,6.067827701568604,2.7759206295013428,0.0924896150827407,0.0038902056403458,0.0924896150827407,48.48763044768689,0.9327828773904362,0.5265573973153259,0.6231963707907715,OAS1_0016_MR1_mpr-2_anon,motion,medium
0.4525127112865448,0.0730890408158302,0.0053695132955908,6.24363899230957,2.766691207885742,0.0991804227232933,0.0037562639918178,0.0991804227232933,51.13875804227941,0.9272830925804568,0.526773763514738,0.6154009716972497,OAS1_0016_MR1_mpr-2_anon,motion,high
0.078277364373207,0.1353828608989715,0.0188595317304134,0.5556786060333252,2.358273506164551,0.1380880177021026,0.0123509317636489,0.1380880177021026,144.98401573031558,0.931335822952386,0.6351701713802133,0.6700460321547208,OAS1_0016_MR1_mpr-3_anon,original,none
0.1000075340270996,0.1614521443843841,0.0266878232359886,0.5991238355636597,2.518280506134033,0.1006685197353363,0.0004975958145223,0.1006685197353363,30.03849834367341,0.9899139604389782,0.6134013184905212,0.7121539008456332,OAS1_0016_MR1_mpr-3_anon,blur,low
0.1194704920053482,0.1829487383365631,0.0340209677815437,0.6343833208084106,2.675071477890014,0.0768487825989723,7.324139005504549e-05,0.0768487825989723,12.992238961014095,0.9969939400000162,0.5919456684336097,0.7134763776650808,OAS1_0016_MR1_mpr-3_anon,blur,medium
0.1443403959274292,0.2083906233310699,0.0441461503505706,0.6738163828849792,2.889900684356689,0.0618683919310569,1.3931209650763776e-05,0.0618683919310569,6.98752202052696,0.9987922246812276,0.5576313040790495,0.7044209792765445,OAS1_0016_MR1_mpr-3_anon,blur,high
0.0798463001847267,0.1345478445291519,0.0186292864382267,0.5722506642341614,2.611309051513672,0.1414418220520019,0.0123659316450357,0.1414418220520019,145.18073084214154,0.9310604023739888,0.4853148280328154,0.5949113910471067,OAS1_0016_MR1_mpr-3_anon,noise,low
0.0813337117433548,0.1336029469966888,0.0183674823492765,0.5890012979507446,3.003134250640869,0.1447260230779647,0.0124470479786396,0.1447260230779647,145.4803782743566,0.9300050828788168,0.2490959252090396,0.453646606366162,OAS1_0016_MR1_mpr-3_anon,noise,medium
0.084470734000206,0.1319612711668014,0.017918687313795,0.6231516599655151,3.366364002227783,0.1517681777477264,0.0129158534109592,0.1517681777477264,148.09516386144304,0.9270794075312973,0.1365955364735655,0.3265290004038265,OAS1_0016_MR1_mpr-3_anon,noise,high
0.0760574340820312,0.1322863101959228,0.0179673805832862,0.554360568523407,2.3484435081481934,0.1346413940191269,0.0118282977491617,0.1346413940191269,138.13452794692097,0.9312118003569656,0.6351719590348448,0.6709273574736017,OAS1_0016_MR1_mpr-3_anon,original,none
0.074004977941513,0.1294383406639099,0.0171712934970855,0.5529110431671143,2.3391571044921875,0.1314380168914795,0.0113576874136924,0.1314380168914795,131.99724288641238,0.9311155673634244,0.6351740272318422,0.6717677455346462,OAS1_0016_MR1_mpr-3_anon,original,none
0.071285992860794,0.1256853938102722,0.016158789396286,0.5505576729774475,2.326700210571289,0.1271840929985046,0.0107573736459016,0.1271840929985046,124.21029722924328,0.9309994652486946,0.6351774553994123,0.6729769487149739,OAS1_0016_MR1_mpr-3_anon,original,none
0.431765079498291,0.0781432539224624,0.0061383554711937,5.562125205993652,2.8704674243927,0.0950072482228279,0.0042312201112508,0.0950072482228279,50.486214910769,0.9366722334056282,0.513279293266317,0.6087226664185714,OAS1_0016_MR1_mpr-3_anon,motion,low
0.4425762593746185,0.0747449547052383,0.0056215743534266,5.968399524688721,2.806826591491699,0.093829832971096,0.0038736921269446,0.093829832971096,48.54303911994485,0.933763974157182,0.5207600189912958,0.6170853972490243,OAS1_0016_MR1_mpr-3_anon,motion,medium
0.4519988298416137,0.0736118629574775,0.0054427902214229,6.18065071105957,2.7928757667541504,0.1006467193365097,0.0037368983030319,0.1006467193365097,51.26006146599265,0.92793266336301,0.522265702670835,0.609352491743882,OAS1_0016_MR1_mpr-3_anon,motion,high
0.0925889164209365,0.142063170671463,0.0211603548377752,0.6187092065811157,2.622102737426758,0.1675854921340942,0.025758609175682,0.1675854921340942,232.48395254097736,0.902478368120876,0.5881913907787031,0.6153981499368177,OAS1_0017_MR1_mpr-1_anon,original,none
0.1255536377429962,0.1772118657827377,0.0329523161053657,0.6788015365600586,2.789858341217041,0.1179786697030067,0.0006482278113253,0.1179786697030067,39.62793016620711,0.988758338222152,0.5626905163348377,0.6666811055779734,OAS1_0017_MR1_mpr-1_anon,blur,low
0.1548399329185485,0.2069515585899353,0.0449921637773513,0.7186585664749146,2.980273962020874,0.0903619900345802,9.287903958465904e-05,0.0903619900345802,18.55177935431985,0.9967943892590838,0.538471437555115,0.6711357684616499,OAS1_0017_MR1_mpr-1_anon,blur,medium
0.1921377927064895,0.2460577487945556,0.0625287368893623,0.7589282393455505,3.2422375679016118,0.0736561119556427,1.6800733646959998e-05,0.0736561119556427,10.134235696231618,0.9987997828212638,0.5001694069445562,0.653987273586206,OAS1_0017_MR1_mpr-1_anon,blur,high
0.0942952781915664,0.1409509181976318,0.0208364650607109,0.6396887302398682,2.9641714096069336,0.1712075471878051,0.0257408246397972,0.1712075471878051,232.37879363415288,0.9017451987584816,0.3661452287586701,0.5024334884538606,OAS1_0017_MR1_mpr-1_anon,noise,low
0.0960168465971946,0.1398742794990539,0.0205265283584594,0.6610156893730164,3.310652732849121,0.1749095320701599,0.0258545894175767,0.1749095320701599,232.87677935431984,0.8997111716895116,0.197972708270451,0.3836614228483411,OAS1_0017_MR1_mpr-1_anon,noise,medium
0.0993219763040542,0.1375409662723541,0.0198470614850521,0.7044404149055481,3.647234916687012,0.18223237991333,0.0263618975877761,0.18223237991333,235.32736122280943,0.8942408384973489,0.1061792722453758,0.266748456014295,OAS1_0017_MR1_mpr-1_anon,noise,high
0.0925043821334838,0.1417504549026489,0.0210716910660266,0.6191400289535522,2.621915817260742,0.1680215895175933,0.0258871167898178,0.1680215895175933,233.3529172411152,0.9019104222359908,0.5881891538936032,0.6152797746498176,OAS1_0017_MR1_mpr-1_anon,original,none
0.0920982211828231,0.1410503685474395,0.0208650529384613,0.6193397045135498,2.620247840881348,0.167843759059906,0.0258434377610683,0.167843759059906,232.69415618298103,0.901381596453765,0.5881878394232872,0.6152612638669294,OAS1_0017_MR1_mpr-1_anon,original,none
0.0907948762178421,0.1391555666923523,0.0202922392636537,0.6192819476127625,2.61476469039917,0.1663045585155487,0.0254222713410854,0.1663045585155487,228.4513724532782,0.9006763560595339,0.5881878793688551,0.6154780190724185,OAS1_0017_MR1_mpr-1_anon,original,none
0.4339792132377624,0.0849582552909851,0.0072662392631173,5.134854793548584,3.145833969116211,0.1130145564675331,0.0086892209947109,0.1130145564675331,79.13063438265931,0.9146132506884904,0.4581948359513917,0.5428491542140437,OAS1_0017_MR1_mpr-1_anon,motion,low
0.4574727416038513,0.0821423083543777,0.0067942664027214,5.621198654174805,3.1197640895843506,0.11396374553442,0.0082127079367637,0.11396374553442,77.99247161266851,0.91199619109763,0.4585801127428466,0.5431761765925232,OAS1_0017_MR1_mpr-1_anon,motion,medium
0.4505771398544311,0.0823745280504226,0.0068183918483555,5.508502006530762,3.126314640045166,0.1241090074181556,0.0082035195082426,0.1241090074181556,83.77631381165747,0.9056046610090548,0.4561772086047744,0.5351225384682663,OAS1_0017_MR1_mpr-1_anon,motion,high
0.0918809473514556,0.1410735100507736,0.0208617821335792,0.618421733379364,2.6184539794921875,0.1671826392412185,0.0256132557988166,0.1671826392412185,231.23227347579655,0.9018487343365806,0.5884266416662797,0.6156367204270639,OAS1_0017_MR1_mpr-2_anon,original,none
0.1253707259893417,0.1767598390579223,0.0327959917485713,0.6791235208511353,2.788552045822144,0.1183841824531555,0.0006540858303196,0.1183841824531555,39.815522317325375,0.9886130427977214,0.5628899537141512,0.6664387701963321,OAS1_0017_MR1_mpr-2_anon,blur,low
0.1549802273511886,0.2067916393280029,0.04490277916193,0.719437837600708,2.980172872543335,0.0908645391464233,9.370027692057192e-05,0.0908645391464233,18.683166743259804,0.996752967814624,0.538585213038852,0.6706640991202313,OAS1_0017_MR1_mpr-2_anon,blur,medium
0.1921030879020691,0.2455644160509109,0.0622629523277282,0.760122537612915,3.240689516067505,0.0739118307828903,1.6857962691574357e-05,0.0739118307828903,10.182699884152878,0.9987881482718146,0.5003378412699466,0.6537036856126237,OAS1_0017_MR1_mpr-2_anon,blur,high
0.0935570299625396,0.1399635970592498,0.0205391906201839,0.6393079161643982,2.9557461738586426,0.1707493364810943,0.0255906283855438,0.1707493364810943,231.07468752393527,0.9011343679023552,0.3695111147695965,0.5044909553780297,OAS1_0017_MR1_mpr-2_anon,noise,low
0.0952209681272506,0.1388234943151474,0.0202113278210163,0.660551905632019,3.302465438842773,0.1743301004171371,0.025676829740405,0.1743301004171371,231.34463345396756,0.8991193217603654,0.1994607215122844,0.3851950980162215,OAS1_0017_MR1_mpr-2_anon,noise,medium
0.0986579433083534,0.1367531269788742,0.0196179747581481,0.7037088871002197,3.640571832656861,0.1818770319223404,0.026255439966917,0.1818770319223404,234.5153071384804,0.893742706884327,0.1068959411001954,0.267984675675706,OAS1_0017_MR1_mpr-2_anon,noise,high
0.0917786657810211,0.1407617777585983,0.0207729414105415,0.6188036203384399,2.618211269378662,0.1675792038440704,0.0257302485406398,0.1675792038440704,232.0011931774663,0.9012858059901024,0.5884246824499639,0.6155095279581126,OAS1_0017_MR1_mpr-2_anon,original,none
0.0914227664470672,0.1401258707046508,0.0205914583057165,0.6189568042755127,2.61671781539917,0.1674842089414596,0.0257224813103675,0.1674842089414596,231.6238506242341,0.9007724889218444,0.5884237000208139,0.6154796682858609,OAS1_0017_MR1_mpr-2_anon,original,none
0.0903318598866462,0.1384982019662857,0.0201160497963428,0.6188337802886963,2.6121296882629395,0.166280597448349,0.0254138689488172,0.166280597448349,228.38809048521756,0.9000775337154512,0.5884236276436772,0.6156447561787843,OAS1_0017_MR1_mpr-2_anon,original,none
0.4305400550365448,0.0848447009921073,0.0072492719627916,5.101397514343262,3.1391096115112305,0.1132701635360717,0.0087306052446365,0.1132701635360717,79.48217246859681,0.9137703911399842,0.4603438817969687,0.5437876535836419,OAS1_0017_MR1_mpr-2_anon,motion,low
0.455924391746521,0.0818275287747383,0.0067390371114015,5.6255388259887695,3.113861083984375,0.1140147745609283,0.0082426508888602,0.1140147745609283,78.24636398016239,0.911316138946989,0.4599859167295829,0.5440725056577611,OAS1_0017_MR1_mpr-2_anon,motion,medium
0.4471697807312011,0.0824065655469894,0.0068207187578082,5.464930534362793,3.119590282440185,0.1245066076517105,0.0082814553752541,0.1245066076517105,84.4633260091146,0.9049409629600728,0.4586428589498937,0.5360257650246495,OAS1_0017_MR1_mpr-2_anon,motion,high
0.0935014262795448,0.1427764296531677,0.021387031301856,0.6213548183441162,2.633087158203125,0.1690453290939331,0.0259848106652498,0.1690453290939331,234.24705499387255,0.9027606521185454,0.5863847191637297,0.6134384262170722,OAS1_0017_MR1_mpr-3_anon,original,none
0.1261194050312042,0.1771657019853592,0.0329446643590927,0.6816694140434265,2.799299955368042,0.1184048876166343,0.0006465387414209,0.1184048876166343,39.496711760876224,0.9887092820393392,0.5607770775293056,0.6647719584330909,OAS1_0017_MR1_mpr-3_anon,blur,low
0.1552810966968536,0.2065901607275009,0.0448133870959281,0.7217804789543152,2.9902877807617188,0.0906230062246322,9.224683162756264e-05,0.0906230062246322,18.48590638403799,0.9967713079907666,0.5364584619493533,0.6694176231422306,OAS1_0017_MR1_mpr-3_anon,blur,medium
0.1925098150968551,0.2454079687595367,0.0622126311063766,0.7622511982917786,3.251401662826538,0.0738178268074989,1.6736343241063878e-05,0.0738178268074989,10.124713493795957,0.9987909019318318,0.4981534368493004,0.6527856655733113,OAS1_0017_MR1_mpr-3_anon,blur,high
0.0952065587043762,0.1416547298431396,0.0210566967725753,0.6423854827880859,2.978348731994629,0.1726699471473693,0.0259664691984653,0.1726699471473693,234.13289376053157,0.9020284480332348,0.3616786156505937,0.4991293953577426,OAS1_0017_MR1_mpr-3_anon,noise,low
0.0968822538852691,0.140487939119339,0.0207156874239444,0.6637660264968872,3.3231749534606934,0.1762843132019043,0.0260535981506109,0.1762843132019043,234.3652078067555,0.9000271787320384,0.1961147344952847,0.3812241664861026,OAS1_0017_MR1_mpr-3_anon,noise,medium
0.1003917530179023,0.1384315192699432,0.0201143287122249,0.7073026299476624,3.6599559783935542,0.1839970648288726,0.0266652274876832,0.1839970648288726,237.79731373506436,0.8945840149722365,0.1049348196537829,0.2644157732663388,OAS1_0017_MR1_mpr-3_anon,noise,high
0.0933335125446319,0.1423641443252563,0.0212609842419624,0.6217937469482422,2.632565975189209,0.1693326830863952,0.0260607618838548,0.1693326830863952,234.6318792604933,0.9021946358926474,0.5863836282306054,0.6133394412511155,OAS1_0017_MR1_mpr-3_anon,original,none
0.0928927809000015,0.1416158229112625,0.021036235615611,0.6219988465309143,2.630804538726806,0.1690956205129623,0.0259984768927097,0.1690956205129623,233.7830619064032,0.9016680128213324,0.5863824368562004,0.613312838233373,OAS1_0017_MR1_mpr-3_anon,original,none
0.0917154401540756,0.1398896425962448,0.0205204486846923,0.6219453811645508,2.625922679901123,0.1677559316158294,0.0256378427147865,0.1677559316158294,230.1002348058364,0.9009554767259088,0.5863814241648222,0.6134945720035423,OAS1_0017_MR1_mpr-3_anon,original,none
0.4336528778076172,0.0855784565210342,0.0073726028203964,5.09808349609375,3.153702974319458,0.1139541566371917,0.0087941102683544,0.1139541566371917,79.982144464231,0.9150963048229196,0.4577279981082284,0.5412508872076562,OAS1_0017_MR1_mpr-3_anon,motion,low
0.4575939178466797,0.0826202407479286,0.0068714572116732,5.592184066772461,3.129909038543701,0.1147506386041641,0.0082791429013013,0.1147506386041641,78.5820343615962,0.9125160893176344,0.4570075224489085,0.5415010926830002,OAS1_0017_MR1_mpr-3_anon,motion,medium
0.4489518404006958,0.0826405882835388,0.0068614315241575,5.473297595977783,3.132672071456909,0.1246109381318092,0.0082054808735847,0.1246109381318092,83.78162099800858,0.9060211000230532,0.4554828776326552,0.5334897661101066,OAS1_0017_MR1_mpr-3_anon,motion,high
0.0915464609861373,0.1415454894304275,0.0209907423704862,0.6141753792762756,2.5877652168273926,0.1652182638645172,0.0255031399428844,0.1652182638645172,229.6402190563726,0.9028375401065154,0.5949239082504785,0.6215566201059171,OAS1_0017_MR1_mpr-4_anon,original,none
0.1238152831792831,0.1760998666286468,0.0325287245213985,0.6732538342475891,2.7543509006500244,0.1165634840726852,0.0006389723275788,0.1165634840726852,39.067420630361525,0.9888002030512104,0.5696363089514086,0.67089441115235,OAS1_0017_MR1_mpr-4_anon,blur,low
0.1527059972286224,0.205793485045433,0.0444725528359413,0.7124367952346802,2.941476821899414,0.0893795490264892,9.163550566881896e-05,0.0893795490264892,18.34693651386336,0.9967939996803244,0.5456352055683307,0.6747462573720534,OAS1_0017_MR1_mpr-4_anon,blur,medium
0.1909185498952865,0.2465882748365402,0.0628865137696266,0.7522318363189697,3.204864501953125,0.0734723582863807,1.680057539488189e-05,0.0734723582863807,10.221953627642463,0.9987909325424452,0.507415638542102,0.6568576674372412,OAS1_0017_MR1_mpr-4_anon,blur,high
0.0932248011231422,0.1403938829898834,0.0206570290029048,0.6350877285003662,2.927489757537842,0.1687906384468078,0.0254683904349803,0.1687906384468078,229.4081173167509,0.9021418830810526,0.3750368114982592,0.5098323540449987,OAS1_0017_MR1_mpr-4_anon,noise,low
0.0949289798736572,0.1393144279718399,0.0203412193804979,0.6563060283660889,3.279395580291748,0.172477900981903,0.025564232841134,0.172477900981903,229.75984927906708,0.9001891045628835,0.2020185902764469,0.388990548549632,OAS1_0017_MR1_mpr-4_anon,noise,medium
0.0983632504940033,0.1371845006942749,0.0197246670722961,0.6995874047279358,3.6226401329040527,0.1800425499677658,0.0261133145540952,0.1800425499677658,232.6597407322304,0.8948698979191958,0.1083303438525974,0.2702375383810647,OAS1_0017_MR1_mpr-4_anon,noise,high
0.0914128795266151,0.1411961913108825,0.0208885557949543,0.6145458221435547,2.58740234375,0.1655709445476532,0.025606095790863,0.1655709445476532,230.27266702090995,0.9022958537496836,0.5949226079083529,0.6214276770614,OAS1_0017_MR1_mpr-4_anon,original,none
0.0910744369029998,0.1406004428863525,0.0207148529589176,0.6146876215934753,2.5860588550567627,0.1655266433954239,0.0256104432046413,0.1655266433954239,230.02352941176477,0.9017884466232988,0.5949214100756877,0.6214269413863058,OAS1_0017_MR1_mpr-4_anon,original,none
0.0900082662701606,0.1390390694141388,0.0202474426478147,0.6145482063293457,2.5817713737487797,0.164402037858963,0.0253173634409904,0.164402037858963,226.93344535079655,0.9011060415555998,0.5949210622946371,0.6215588385151178,OAS1_0017_MR1_mpr-4_anon,original,none
0.4310855567455292,0.0847056880593299,0.0072225052863359,5.113214015960693,3.108283758163452,0.1116146445274353,0.0086637288331985,0.1116146445274353,78.71582079120711,0.9143600348579786,0.4668570029055647,0.5500950809184946,OAS1_0017_MR1_mpr-4_anon,motion,low
0.4590238630771637,0.0821461230516433,0.0068027712404727,5.650733947753906,3.082449436187744,0.1133818179368972,0.0082907695323228,0.1133818179368972,78.59506548713236,0.911738908586642,0.4683803313685524,0.5500042416680853,OAS1_0017_MR1_mpr-4_anon,motion,medium
0.4498854279518127,0.0819924026727676,0.0067603858187794,5.529855728149414,3.0888774394989014,0.1228581815958023,0.0081651024520397,0.1228581815958023,83.21099446614585,0.905306031649169,0.4654245485803716,0.5416718524479232,OAS1_0017_MR1_mpr-4_anon,motion,high
0.0998488143086433,0.156596302986145,0.025474689900875,0.6096969842910767,2.589786529541016,0.1707291901111602,0.0176619123667478,0.1707291901111602,196.0476386575138,0.9306839751525696,0.6011780681440848,0.6302434754365169,OAS1_0018_MR1_mpr-1_anon,original,none
0.1308675706386566,0.1907375156879425,0.0376540198922157,0.6592197418212891,2.77958083152771,0.1280803978443145,0.000663419952616,0.1280803978443145,42.96647374770221,0.9898398583481668,0.5759707156112999,0.6724464632470021,OAS1_0018_MR1_mpr-1_anon,blur,low
0.1546231359243393,0.2119941413402557,0.0464582443237304,0.7021297216415405,2.9491002559661865,0.0983076393604278,0.0001105760311475,0.0983076393604278,19.96159285003064,0.9965972681938838,0.5530506105353006,0.6751972301101121,OAS1_0018_MR1_mpr-1_anon,blur,medium
0.1893839240074157,0.2434903085231781,0.0615446418523788,0.7488983273506165,3.170959949493408,0.0794412344694137,2.1230058337096125e-05,0.0794412344694137,10.64625088560815,0.998709280103982,0.5171573468205906,0.662829084197764,OAS1_0018_MR1_mpr-1_anon,blur,high
0.1017192378640174,0.1554339230060577,0.0251047443598508,0.6288453340530396,2.978545665740967,0.1747160851955413,0.0176801830530166,0.1747160851955413,196.23471954944085,0.9301473794269042,0.3481514971716168,0.5015182408983528,OAS1_0018_MR1_mpr-1_anon,noise,low
0.1036626026034355,0.1544227600097656,0.0247815195471048,0.6482230424880981,3.340462684631348,0.1789539456367492,0.0178782194852828,0.1789539456367492,197.3637610341988,0.928718306464924,0.1922395543196697,0.3835564186477347,OAS1_0018_MR1_mpr-1_anon,noise,medium
0.1072144880890846,0.1519447565078735,0.0239914990961551,0.687749981880188,3.698586463928223,0.1870551407337188,0.0186005607247352,0.1870551407337188,201.01091021369484,0.9245853496985672,0.1020668158735238,0.2633314578331766,OAS1_0018_MR1_mpr-1_anon,noise,high
0.0993833690881729,0.1560726910829544,0.0252959839999675,0.6092430353164673,2.5878419876098637,0.1704934239387512,0.0175954774022102,0.1704934239387512,194.96338596717985,0.930580932211892,0.6011780513339148,0.6302550160443756,OAS1_0018_MR1_mpr-1_anon,original,none
0.098210759460926,0.1545905619859695,0.0247966796159744,0.6085680723190308,2.583193778991699,0.1690420508384704,0.0172976665198802,0.1690420508384704,191.3216181736367,0.9305012822944518,0.6011786109193752,0.6305116207507544,OAS1_0018_MR1_mpr-1_anon,original,none
0.0956165492534637,0.1512103974819183,0.0236782170832157,0.607232928276062,2.57307767868042,0.1653844714164734,0.0165752675384283,0.1653844714164734,182.90084396063116,0.9304083173287294,0.6011799855855751,0.6311374119519133,OAS1_0018_MR1_mpr-1_anon,original,none
0.4385783076286316,0.0891247168183326,0.0079696774482727,4.945318698883057,3.0831241607666016,0.1106939613819122,0.0055273426696658,0.1106939613819122,62.18904203527114,0.9394280013715208,0.4851793250237878,0.5697585774483471,OAS1_0018_MR1_mpr-1_anon,motion,low
0.4791329205036163,0.0860980302095413,0.0074515715241432,5.6139326095581055,3.0586342811584477,0.1129381656646728,0.005113729275763,0.1129381656646728,60.94239310470283,0.9367687109827784,0.4859831924547172,0.5679837374689561,OAS1_0018_MR1_mpr-1_anon,motion,medium
0.4681183695793152,0.0853238254785537,0.0073026339523494,5.523370742797852,3.049582004547119,0.1222888156771659,0.0050824107602238,0.1222888156771659,66.51590300915288,0.930467920048108,0.4845790867054793,0.5611905317292374,OAS1_0018_MR1_mpr-1_anon,motion,high
0.1011555343866348,0.1581054776906967,0.0259256083518266,0.6123237609863281,2.603424549102783,0.1717073023319244,0.017597671598196,0.1717073023319244,197.91010670381436,0.9315668810322936,0.5993081896407018,0.6284566835179379,OAS1_0018_MR1_mpr-2_anon,original,none
0.1321493834257125,0.1919855177402496,0.0381780266761779,0.6612172722816467,2.792153596878052,0.1286140382289886,0.0006559162284247,0.1286140382289886,43.17161613913143,0.9898795376122728,0.5740113582417768,0.6713396038138608,OAS1_0018_MR1_mpr-2_anon,blur,low
0.1557090580463409,0.2129787504673004,0.046853207051754,0.7040634155273438,2.961809635162353,0.0986728221178054,0.0001103649774449,0.0986728221178054,20.010108618642768,0.9966114370854,0.5510350207585945,0.674422941166265,OAS1_0018_MR1_mpr-2_anon,blur,medium
0.1901374757289886,0.2440442442893982,0.0616786703467369,0.750801682472229,3.183122158050537,0.0796570628881454,2.123970625689253e-05,0.0796570628881454,10.60937296549479,0.9987195470067812,0.5151233505740117,0.6619354223179489,OAS1_0018_MR1_mpr-2_anon,blur,high
0.1030552238225936,0.1569455415010452,0.0255518443882465,0.6314947009086609,2.999162197113037,0.1757655143737793,0.0176221784204244,0.1757655143737793,198.1599841547948,0.9310263317204476,0.3417249410765386,0.4970232466127292,OAS1_0018_MR1_mpr-2_anon,noise,low
0.1049418002367019,0.1557807326316833,0.0251778867095708,0.6509304046630859,3.359404802322388,0.1798968315124511,0.0177994985133409,0.1798968315124511,198.99370356541056,0.929610683560282,0.1892150936917177,0.3798432741232598,OAS1_0018_MR1_mpr-2_anon,noise,medium
0.1088752448558807,0.1537593752145767,0.0245235618203878,0.6905068755149841,3.7190194129943848,0.1887148916721344,0.0186548009514808,0.1887148916721344,203.93810185451136,0.925513839621546,0.100073843609185,0.2598011463825375,OAS1_0018_MR1_mpr-2_anon,noise,high
0.1006413251161575,0.157500758767128,0.025715447962284,0.6118832230567932,2.601386070251465,0.1714044511318206,0.0175069123506546,0.1714044511318206,196.570988075406,0.931467562848459,0.5993083286861239,0.6284730055222253,OAS1_0018_MR1_mpr-2_anon,original,none
0.0993645340204238,0.1558903604745865,0.0251666791737079,0.6112197041511536,2.5964255332946777,0.1698056012392044,0.0171736776828765,0.1698056012392044,192.53349274280023,0.9313813769126968,0.5993089433559917,0.6287459746177884,OAS1_0018_MR1_mpr-2_anon,original,none
0.0967063456773758,0.1524433046579361,0.0240228679031133,0.6098986864089966,2.5861520767211914,0.1660628467798233,0.0164390802383422,0.1660628467798233,183.90064721200983,0.9312888137032796,0.5993102495105744,0.6294086018471554,OAS1_0018_MR1_mpr-2_anon,original,none
0.4409859180450439,0.0899489074945449,0.0081232842057943,4.92860746383667,3.091749429702759,0.1112856417894363,0.0054942667484283,0.1112856417894363,62.65367910347733,0.9400066592597732,0.4846174919144457,0.5677453242326602,OAS1_0018_MR1_mpr-2_anon,motion,low
0.4808575510978699,0.0868972092866897,0.0075955595821142,5.58476448059082,3.0664873123168945,0.1134104877710342,0.0050756852142512,0.1134104877710342,61.37518669577207,0.9374097742786546,0.4854091958425938,0.5667559923257636,OAS1_0018_MR1_mpr-2_anon,motion,medium
0.4687864184379577,0.0862987339496612,0.0074697746895253,5.466631889343262,3.064929246902466,0.1233308836817741,0.0050618853420019,0.1233308836817741,67.33149485868566,0.9310192653249572,0.4825775272456845,0.5590161891426764,OAS1_0018_MR1_mpr-2_anon,motion,high
0.1010975539684295,0.1578597128391266,0.0258565638214349,0.6120610237121582,2.5993969440460205,0.1709242761135101,0.0173450950533151,0.1709242761135101,195.67773485370716,0.931767777657034,0.6000998889291675,0.6290534376881204,OAS1_0018_MR1_mpr-3_anon,original,none
0.1320882439613342,0.1918880641460418,0.038190834224224,0.6603926420211792,2.7889297008514404,0.1282802373170852,0.0006429175264202,0.1282802373170852,42.85544158337163,0.9899256614545294,0.5747747404058041,0.6711064335336021,OAS1_0018_MR1_mpr-3_anon,blur,low
0.1558380722999572,0.2132969796657562,0.0470335334539413,0.7029497623443604,2.95920729637146,0.0987167805433273,0.000110172528366,0.0987167805433273,19.99868439319087,0.996625917154965,0.5518097601987457,0.6738708341046405,OAS1_0018_MR1_mpr-3_anon,blur,medium
0.1903825998306274,0.2445733249187469,0.0620185583829879,0.74947190284729,3.180106401443481,0.0797723233699798,2.1314948753570206e-05,0.0797723233699798,10.648331466375613,0.9987212051610082,0.5159769940976838,0.6613912225849337,OAS1_0018_MR1_mpr-3_anon,blur,high
0.1029998660087585,0.1566930115222931,0.025481779128313,0.6313043236732483,2.995344400405884,0.1749702095985412,0.0173679441213607,0.1749702095985412,195.89546089920344,0.9312110382430338,0.3427020593577312,0.4977821075744942,OAS1_0018_MR1_mpr-3_anon,noise,low
0.1048963069915771,0.1555523127317428,0.0251131914556026,0.6507903337478638,3.356481075286865,0.1791232824325561,0.0175503585487604,0.1791232824325561,196.7679594152114,0.9298195942128764,0.1895577685733397,0.3801699538555633,OAS1_0018_MR1_mpr-3_anon,noise,medium
0.1088238731026649,0.1534483283758163,0.0244424976408481,0.6905397772789001,3.7168240547180176,0.187947005033493,0.0184088945388793,0.187947005033493,201.7560980104933,0.9256895755670876,0.1003207376612832,0.2600022252974868,OAS1_0018_MR1_mpr-3_anon,noise,high
0.1007989346981048,0.1575770676136016,0.0257584135979414,0.6116211414337158,2.5981850624084477,0.1709583699703216,0.0173235237598419,0.1709583699703216,195.17509023628983,0.931672793792256,0.6000997964774982,0.6290190057376664,OAS1_0018_MR1_mpr-3_anon,original,none
0.099517598748207,0.1559474319219589,0.0252079311758279,0.6109588146209717,2.5931875705718994,0.1693239212036132,0.0169888399541378,0.1693239212036132,191.1546162923177,0.9315958696030876,0.6001003978432795,0.6293035950342951,OAS1_0018_MR1_mpr-3_anon,original,none
0.0966966748237609,0.1522934734821319,0.0239920113235712,0.60964035987854,2.5823230743408203,0.1653104424476623,0.0162084326148033,0.1653104424476623,182.0240604176241,0.9315071879158562,0.6001019084694981,0.6299804904172457,OAS1_0018_MR1_mpr-3_anon,original,none
0.4378127753734588,0.0899903774261474,0.0081280972808599,4.889003753662109,3.088176965713501,0.1105768084526062,0.0054167732596397,0.1105768084526062,61.9890864353554,0.9406324155890392,0.4853324566054744,0.5683601091381767,OAS1_0018_MR1_mpr-3_anon,motion,low
0.4807160496711731,0.0868402421474456,0.0075783263891935,5.581128120422363,3.063250541687012,0.1128503233194351,0.0050122514367103,0.1128503233194351,60.81898301068474,0.9380138169782954,0.4861341184644451,0.5672978106482619,OAS1_0018_MR1_mpr-3_anon,motion,medium
0.4658012986183166,0.0860571265220642,0.0074271988123655,5.446556091308594,3.0600366592407227,0.1224774643778801,0.0049737030640244,0.1224774643778801,66.5097775926777,0.931579427022596,0.4833067607939794,0.559620065076919,OAS1_0018_MR1_mpr-3_anon,motion,high
0.1003988832235336,0.1572401821613311,0.0256538055837154,0.6108368635177612,2.5950675010681152,0.1705220937728881,0.0176590103656053,0.1705220937728881,195.68985356349572,0.9314300962680336,0.6006049378900685,0.629734086402246,OAS1_0018_MR1_mpr-4_anon,original,none
0.1318052411079406,0.1921107918024063,0.0381634309887886,0.6598118543624878,2.785695791244507,0.1282724440097808,0.0006550131947733,0.1282724440097808,42.83798241708793,0.9899859005599388,0.575302014798981,0.6720236746856925,OAS1_0018_MR1_mpr-4_anon,blur,low
0.1555707454681396,0.2133099138736724,0.0469875410199165,0.7024856805801392,2.955843448638916,0.0985608845949173,0.0001103366885217,0.0985608845949173,19.973976045496325,0.9966474554734556,0.5523276334014648,0.6749362390555623,OAS1_0018_MR1_mpr-4_anon,blur,medium
0.1902008950710296,0.2447651624679565,0.0620359443128109,0.7490628957748413,3.1775031089782715,0.0796631500124931,2.128915002685972e-05,0.0796631500124931,10.638876402611828,0.9987253813384536,0.5163894016469788,0.6622578212264525,OAS1_0018_MR1_mpr-4_anon,blur,high
0.1023133248090744,0.1561274528503418,0.0252983458340168,0.6299747228622437,2.986201524734497,0.1745971739292144,0.0176936797797679,0.1745971739292144,196.0577543370864,0.93088805508404,0.3461703496815945,0.5001620016333197,OAS1_0018_MR1_mpr-4_anon,noise,low
0.1042119562625885,0.1550234854221344,0.0249435435980558,0.6493953466415405,3.347677230834961,0.1787266284227371,0.0178708024322986,0.1787266284227371,196.94401041666663,0.9295067758347676,0.1912255508774613,0.38223222887256,OAS1_0018_MR1_mpr-4_anon,noise,medium
0.1079822778701782,0.1528102457523346,0.0242354683578014,0.688871443271637,3.7068371772766113,0.1872603893280029,0.0186814107000827,0.1872603893280029,201.48697102864585,0.9253862120687012,0.1013638829068269,0.261938503808527,OAS1_0018_MR1_mpr-4_anon,noise,high
0.1000045835971832,0.1568239331245422,0.0255128033459186,0.6103670001029968,2.593441963195801,0.1703986823558807,0.0176131464540958,0.1703986823558807,194.8807254566866,0.9313290343902544,0.6006047696192436,0.6297373182609549,OAS1_0018_MR1_mpr-4_anon,original,none
0.0988310128450393,0.155373990535736,0.0250217951834201,0.6096761226654053,2.588862180709839,0.1689569354057312,0.0173151567578315,0.1689569354057312,191.27512099322152,0.9312468380664036,0.6006052146678635,0.62996639841515,OAS1_0018_MR1_mpr-4_anon,original,none
0.0963281989097595,0.1521487534046173,0.0239532478153705,0.6083172559738159,2.579155206680298,0.1654709577560424,0.0166267398744821,0.1654709577560424,183.24021067899812,0.93115953213045,0.6006065788681556,0.6305972843631602,OAS1_0018_MR1_mpr-4_anon,original,none
0.4404643177986145,0.089455597102642,0.008030742406845,4.947751045227051,3.0862483978271484,0.1105884984135627,0.0055159809999167,0.1105884984135627,62.000306611902566,0.9399186968293288,0.4852498532234304,0.5690942599586042,OAS1_0018_MR1_mpr-4_anon,motion,low
0.4808997511863708,0.0866720005869865,0.0075491461902856,5.59214973449707,3.0639901161193848,0.1130634248256683,0.0051320465281605,0.1130634248256683,61.11269471411612,0.9373551798313112,0.4857404276590348,0.5677765639537105,OAS1_0018_MR1_mpr-4_anon,motion,medium
0.4679819345474243,0.086076945066452,0.0074360510334372,5.477466583251953,3.0507030487060547,0.1229063048958778,0.0051329894922673,0.1229063048958778,67.22948093788295,0.930982750803037,0.4858667475048304,0.5610218960434186,OAS1_0018_MR1_mpr-4_anon,motion,high
0.0819040089845657,0.1495631784200668,0.0231014266610145,0.5291789770126343,2.383617401123047,0.1537894010543823,0.012103552930057,0.1537894010543823,165.31494044883578,0.933994189281132,0.6157532720690646,0.6543945413040544,OAS1_0019_MR1_mpr-1_anon,original,none
0.1022228524088859,0.1727195233106613,0.0306936651468276,0.5751744508743286,2.63613510131836,0.1161700114607811,0.0006505463388748,0.1161700114607811,46.87799550972733,0.9869508141083484,0.5939750211481212,0.6991795052982677,OAS1_0019_MR1_mpr-1_anon,blur,low
0.1198688894510269,0.1883424818515777,0.0362122394144535,0.6214985251426697,2.7958099842071533,0.090590126812458,0.0001059977876138,0.090590126812458,21.24480794270833,0.9955390916998812,0.5733235829594894,0.7011215293786712,OAS1_0019_MR1_mpr-1_anon,blur,medium
0.1513947248458862,0.2186913341283798,0.048727847635746,0.6760361194610596,3.0242738723754883,0.0760496035218238,2.2598695068154484e-05,0.0760496035218238,11.730402927772673,0.9982441812467432,0.5391207320164342,0.6852797718068293,OAS1_0019_MR1_mpr-1_anon,blur,high
0.0835365504026413,0.1487731039524078,0.0228613540530204,0.5454040169715881,2.7550885677337646,0.1572234034538269,0.0121315876021981,0.1572234034538269,165.62169656192555,0.9336734339860882,0.4456137948832682,0.5667270258228102,OAS1_0019_MR1_mpr-1_anon,noise,low
0.0850795954465866,0.1478668600320816,0.0225820522755384,0.5618116855621338,3.123655080795288,0.1605608314275741,0.0122341960668563,0.1605608314275741,166.00459881950826,0.9325896172585428,0.2319801359727238,0.4337368857242615,OAS1_0019_MR1_mpr-1_anon,noise,medium
0.0883714854717254,0.1462815999984741,0.0221034400165081,0.5952650904655457,3.4631283283233643,0.1678197383880615,0.0127771887928247,0.1678197383880615,169.11377072801776,0.9296043913253824,0.126577820415099,0.3101218435022437,OAS1_0019_MR1_mpr-1_anon,noise,high
0.0810232013463974,0.1483864486217498,0.0227319486439228,0.5283118486404419,2.469521760940552,0.1524996161460876,0.0119161689653992,0.1524996161460876,162.22079120710788,0.9339921738329252,0.615732679231288,0.6545024906340917,OAS1_0019_MR1_mpr-1_anon,original,none
0.0800707936286926,0.1470966041088104,0.0223351083695888,0.5273690819740295,2.469620704650879,0.1510480940341949,0.0117105077952146,0.1510480940341949,158.90641754748776,0.9340033075270262,0.615728824146164,0.654677237763094,OAS1_0019_MR1_mpr-1_anon,original,none
0.0784966796636581,0.1449017375707626,0.0216664597392082,0.5258493423461914,2.463740825653076,0.1485602855682373,0.0113621335476636,0.1485602855682373,153.45048181870405,0.9340272184573823,0.6157280869462158,0.6549924759467993,OAS1_0019_MR1_mpr-1_anon,original,none
0.4319067001342773,0.0854765027761459,0.0073515474796295,5.090775966644287,2.931230306625366,0.1049790903925895,0.0040126964449882,0.1049790903925895,55.6193359375,0.9408572001969296,0.5082929828508959,0.6017716532492572,OAS1_0019_MR1_mpr-1_anon,motion,low
0.4633834362030029,0.0836682915687561,0.0070361206308007,5.591819286346436,2.8685014247894287,0.103453904390335,0.0037610824219882,0.103453904390335,54.528451956954655,0.9408229281245238,0.5161123986766822,0.6084351346766925,OAS1_0019_MR1_mpr-1_anon,motion,medium
0.4716001152992248,0.0812390446662902,0.0066327983513474,5.862924575805664,2.847983121871948,0.1096519976854324,0.0035327053628861,0.1096519976854324,56.03559283088235,0.9352597240775438,0.517748359187341,0.6030561300929844,OAS1_0019_MR1_mpr-1_anon,motion,high
0.0804075449705123,0.147866353392601,0.0226054973900318,0.5249940156936646,2.343463897705078,0.1506048142910003,0.0122879352420568,0.1506048142910003,166.57725734336705,0.9324162546886704,0.6242326625937867,0.6619526077557105,OAS1_0019_MR1_mpr-2_anon,original,none
0.1023058891296386,0.1739462614059448,0.0311668533831834,0.5704684257507324,2.599323272705078,0.1163049638271331,0.0006510384846478,0.1163049638271331,47.70202732460172,0.986829256609504,0.6027092386760416,0.7027422867337728,OAS1_0019_MR1_mpr-2_anon,blur,low
0.1197542548179626,0.1895815730094909,0.0367227122187614,0.6161420345306396,2.758094787597656,0.0909540280699729,0.000106176623376,0.0909540280699729,21.598531565946693,0.995516639076083,0.581957730362682,0.7029723072705645,OAS1_0019_MR1_mpr-2_anon,blur,medium
0.1509439349174499,0.2196482568979263,0.0492159314453601,0.6702080965042114,2.9828410148620605,0.0763545781373977,2.2797110432293263e-05,0.0763545781373977,11.929132678462013,0.9982260756514906,0.5476276994354702,0.6877193798715302,OAS1_0019_MR1_mpr-2_anon,blur,high
0.0819926261901855,0.1470392048358917,0.0223553776741027,0.5412232875823975,2.701218843460083,0.1539602875709533,0.012305099517107,0.1539602875709533,166.74176396388634,0.93209908572356,0.4614725141783154,0.5781404910551139,OAS1_0019_MR1_mpr-2_anon,noise,low
0.0836344808340072,0.1462800949811935,0.0221258196979761,0.5577061176300049,3.079737663269043,0.1574879586696624,0.0124281700700521,0.1574879586696624,167.48993015663297,0.931050097743145,0.2384273920194931,0.4410243958452379,OAS1_0019_MR1_mpr-2_anon,noise,medium
0.0869018584489822,0.14472496509552,0.0216608308255672,0.5911158323287964,3.425929069519043,0.1646775901317596,0.0129522327333688,0.1646775901317596,170.46711258233765,0.928077775191278,0.1305278591999004,0.3164772711577365,OAS1_0019_MR1_mpr-2_anon,noise,high
0.080012246966362,0.147445946931839,0.0224743857979774,0.5240985751152039,2.426574230194092,0.1502057909965515,0.0122373821213841,0.1502057909965515,165.45716720281865,0.9324082892609916,0.6242139078756257,0.6618936830343654,OAS1_0019_MR1_mpr-2_anon,original,none
0.0794427543878555,0.1467495858669281,0.0222567729651927,0.5231298804283142,2.428565740585327,0.1494635194540023,0.0121346013620495,0.1494635194540023,163.61536506204047,0.9324280837150496,0.6242100141106401,0.6619239296384016,OAS1_0019_MR1_mpr-2_anon,original,none
0.078325405716896,0.1452939510345459,0.0218036752194166,0.5215759873390198,2.4249329566955566,0.1478258073329925,0.0118992757052183,0.1478258073329925,159.77536549287686,0.932465758596861,0.6242090721578127,0.6620727566056109,OAS1_0019_MR1_mpr-2_anon,original,none
0.4287808537483215,0.086270771920681,0.0074838576838374,5.005593299865723,2.921103000640869,0.1058552116155624,0.0042849644087255,0.1058552116155624,58.917137475107225,0.9386896947172698,0.5118820340255326,0.6041887696921495,OAS1_0019_MR1_mpr-2_anon,motion,low
0.4616752862930298,0.0837942063808441,0.0070646936073899,5.5712103843688965,2.85253381729126,0.1032131314277648,0.003938200417906,0.1032131314277648,56.53967859604779,0.9389411585643572,0.5200812234043353,0.6113307414632656,OAS1_0019_MR1_mpr-2_anon,motion,medium
0.472459614276886,0.0811886638402938,0.0066242069005966,5.878262519836426,2.831536054611206,0.1090126857161521,0.003670941106975,0.1090126857161521,57.52967337814032,0.9333356684176422,0.521093528526409,0.6059661293593994,OAS1_0019_MR1_mpr-2_anon,motion,high
0.0822631120681762,0.1503086984157562,0.0233416352421045,0.5278075337409973,2.359058380126953,0.1541332453489303,0.012496905401349,0.1541332453489303,172.55365684359683,0.93208532772098,0.6211760031778943,0.6589920165950418,OAS1_0019_MR1_mpr-3_anon,original,none
0.1042854413390159,0.1759731769561767,0.0319560095667839,0.5739694833755493,2.62195372581482,0.1185199096798896,0.0006808071630075,0.1185199096798896,49.2990966796875,0.9865007331540296,0.5993250307038055,0.7001776799673665,OAS1_0019_MR1_mpr-3_anon,blur,low
0.1207852736115455,0.1898659020662307,0.0368611812591552,0.6202716827392578,2.7773053646087646,0.0915963798761367,0.0001078275090549,0.0915963798761367,21.650956217447916,0.995478587245796,0.5785212625655729,0.7012244137934152,OAS1_0019_MR1_mpr-3_anon,blur,medium
0.1516139805316925,0.2194916307926178,0.0490882843732833,0.6745341420173645,3.002293586730957,0.0765189081430435,2.282967216160614e-05,0.0765189081430435,11.794542499617036,0.9982373497301048,0.5439564430568046,0.6859770265314669,OAS1_0019_MR1_mpr-3_anon,blur,high
0.083912968635559,0.1495103538036346,0.0230966582894325,0.544154167175293,2.7371089458465576,0.1576227247714996,0.0125255919992923,0.1576227247714996,172.88370157877603,0.9317492130282172,0.4478257613420106,0.5696845203258731,OAS1_0019_MR1_mpr-3_anon,noise,low
0.0855270475149154,0.1486731171607971,0.0228397715836763,0.5607246160507202,3.1100668907165527,0.1610868275165558,0.0126394862309098,0.1610868275165558,173.3969210755591,0.9306906951425284,0.2332202392744004,0.4354173518463929,OAS1_0019_MR1_mpr-3_anon,noise,medium
0.0887917131185531,0.1469524502754211,0.0223131775856018,0.594494104385376,3.45421838760376,0.1682933568954467,0.0131701864302158,0.1682933568954467,176.2696948481541,0.9276592031748568,0.1271700652320198,0.310877827619183,OAS1_0019_MR1_mpr-3_anon,noise,high
0.0817015469074249,0.1496772319078445,0.0231349729001522,0.526893675327301,2.447361469268799,0.1534532010555267,0.0123992748558521,0.1534532010555267,170.7448041130515,0.932069928854112,0.6211561646258341,0.6589511921043109,OAS1_0019_MR1_mpr-3_anon,original,none
0.0810122042894363,0.148843765258789,0.0228687040507793,0.5259077548980713,2.449306011199951,0.1525040864944458,0.0122612211853265,0.1525040864944458,168.38659620098042,0.9320792681859732,0.6211522431467995,0.6590271803017806,OAS1_0019_MR1_mpr-3_anon,original,none
0.0797258242964744,0.1471526026725769,0.0223385579884052,0.524329423904419,2.445382833480835,0.1505516916513443,0.0119751058518886,0.1505516916513443,163.81893286611523,0.9321008455113116,0.6211511113973046,0.6592441235696689,OAS1_0019_MR1_mpr-3_anon,original,none
0.4369958937168121,0.0861298143863678,0.0074556544423103,5.108076095581055,2.924715280532837,0.1058497428894043,0.0041627013124525,0.1058497428894043,58.18739444508272,0.9390984113435056,0.5108590004068654,0.6032652972424601,OAS1_0019_MR1_mpr-3_anon,motion,low
0.4644980430603027,0.0837325602769851,0.0070509379729628,5.603902816772461,2.8597300052642822,0.1032712385058403,0.0038282787427306,0.1032712385058403,56.02424603630514,0.9393209879014492,0.5182164399840992,0.6097813374639022,OAS1_0019_MR1_mpr-3_anon,motion,medium
0.473507285118103,0.0822149068117141,0.0067901671864092,5.814562797546387,2.8496482372283936,0.1108121424913406,0.0036782757379114,0.1108121424913406,58.70352208754596,0.9335887971489282,0.5183142148483518,0.6032118286715435,OAS1_0019_MR1_mpr-3_anon,motion,high
0.0850736796855926,0.149231880903244,0.023069642484188,0.5513080358505249,2.493931770324707,0.1540619283914566,0.0116040632128715,0.1540619283914566,155.49180261948533,0.9356787513598418,0.5908836603259563,0.6329811122656475,OAS1_0019_MR1_mpr-4_anon,original,none
0.1087008044123649,0.1767995953559875,0.0322565585374832,0.5966060757637024,2.7642788887023926,0.1195604503154754,0.0006082904874347,0.1195604503154754,46.38259875727636,0.987083424130608,0.5679513612503578,0.684121614540623,OAS1_0019_MR1_mpr-4_anon,blur,low
0.125750333070755,0.19088014960289,0.0372727736830711,0.6431626081466675,2.9241762161254883,0.0928265899419784,0.0001036421308526,0.0928265899419784,21.21209980085785,0.9955792297220574,0.546787416696938,0.6904741336459781,OAS1_0019_MR1_mpr-4_anon,blur,medium
0.1571237444877624,0.2199815362691879,0.0492601729929447,0.6984895467758179,3.159169435501098,0.0775740444660186,2.246669100713916e-05,0.0775740444660186,11.643081964231008,0.9982707474913726,0.5119294370414849,0.6755629054141624,OAS1_0019_MR1_mpr-4_anon,blur,high
0.0866672173142433,0.1483620107173919,0.0228045526891946,0.5678642988204956,2.882457971572876,0.1573915183544159,0.0116244833916425,0.1573915183544159,155.6874065324372,0.9353188536565464,0.4104031962613156,0.5397668040362427,OAS1_0019_MR1_mpr-4_anon,noise,low
0.0882836431264877,0.147504836320877,0.0225430149585008,0.5846865177154541,3.231903076171875,0.1608480811119079,0.0117580043151974,0.1608480811119079,156.41905804802389,0.9342246271219796,0.2159540128854239,0.414406768149946,OAS1_0019_MR1_mpr-4_anon,noise,medium
0.0914775282144546,0.1457377076148986,0.0220060721039772,0.6189658641815186,3.550673484802246,0.1679126620292663,0.012323785573244,0.1679126620292663,159.42932045132503,0.931111169017931,0.1175127772314591,0.2958350091107694,OAS1_0019_MR1_mpr-4_anon,noise,high
0.0847791954874992,0.1490072607994079,0.0229997411370277,0.550574541091919,2.588458776473999,0.1538858860731125,0.0115891396999359,0.1538858860731125,154.86709989659929,0.935646739419226,0.5908565212686161,0.6328233728023546,OAS1_0019_MR1_mpr-4_anon,original,none
0.084251269698143,0.1484371274709701,0.0228204391896724,0.5497490763664246,2.5914926528930664,0.1532646566629409,0.0115112997591495,0.1532646566629409,153.39487232881436,0.9356349307352508,0.5908501919173332,0.6327528714496611,OAS1_0019_MR1_mpr-4_anon,original,none
0.0831919014453888,0.1471461355686187,0.0224145986139774,0.5483768582344055,2.588620185852051,0.1518158316612243,0.0113255940377712,0.1518158316612243,150.3059819240196,0.9356276279667092,0.5908481008978691,0.6328027544071342,OAS1_0019_MR1_mpr-4_anon,original,none
0.4393564164638519,0.0866846591234207,0.0075604915618896,5.10530948638916,3.0604305267333984,0.1052581965923309,0.0038903360255062,0.1052581965923309,52.84554850260416,0.9452863136018428,0.4783068107919605,0.579155713030197,OAS1_0019_MR1_mpr-4_anon,motion,low
0.4632247686386108,0.0851992666721344,0.00729501247406,5.486642837524414,2.9952197074890137,0.1044473052024841,0.0036856152582913,0.1044473052024841,52.71664656096814,0.9447473387841374,0.4863358891564924,0.5864981180685572,OAS1_0019_MR1_mpr-4_anon,motion,medium
0.4756000638008117,0.0830892920494079,0.0069372062571346,5.772526741027832,2.98360538482666,0.111865684390068,0.0034832409583032,0.111865684390068,55.028361241957725,0.9388202153671544,0.4868086078646665,0.5799670152842394,OAS1_0019_MR1_mpr-4_anon,motion,high
0.076938971877098,0.1388178616762161,0.0201922208070755,0.5263679623603821,2.307934522628784,0.1401834785938263,0.0123782502487301,0.1401834785938263,156.75493451286766,0.9263711352503036,0.6433498531044446,0.6803422806191489,OAS1_0020_MR1_mpr-1_anon,original,none
0.1076780930161476,0.1802645772695541,0.0336426421999931,0.573907196521759,2.506098985671997,0.1177654266357421,0.0007181315449997,0.1177654266357421,49.80057851753983,0.988526790598248,0.6215669371126072,0.7154315098620126,OAS1_0020_MR1_mpr-1_anon,blur,low
0.1287034749984741,0.200725108385086,0.0415790900588035,0.617088794708252,2.67297887802124,0.0904557108879089,0.0001124033369706,0.0904557108879089,22.243744255514702,0.9961074034020748,0.5999526868014416,0.7102608437198752,OAS1_0020_MR1_mpr-1_anon,blur,medium
0.1569872945547104,0.2283737957477569,0.0539055988192558,0.6622809171676636,2.8906044960021973,0.0705592334270477,2.023477100010496e-05,0.0705592334270477,10.806309120327818,0.9985673671112436,0.5649587474715473,0.6954030938682583,OAS1_0020_MR1_mpr-1_anon,blur,high
0.0798277482390403,0.137796938419342,0.0199324786663055,0.5609792470932007,2.7073302268981934,0.1462582945823669,0.0125245004892349,0.1462582945823669,157.4897362802543,0.9236877580225216,0.4437508128301387,0.5595585009577353,OAS1_0020_MR1_mpr-1_anon,noise,low
0.0825681090354919,0.1366902142763137,0.0196490790694952,0.5962090492248535,3.10509729385376,0.1520704925060272,0.0129418615251779,0.1520704925060272,159.44551116344974,0.9179982719678504,0.2274530811733432,0.4225994483836589,OAS1_0020_MR1_mpr-1_anon,noise,medium
0.0882069617509841,0.1352898478507995,0.0192490797489881,0.6626086831092834,3.464266300201416,0.1643437445163726,0.0151731129735708,0.1643437445163726,172.83453357172948,0.9012595429015636,0.1250916499385625,0.3035974644431977,OAS1_0020_MR1_mpr-1_anon,noise,high
0.0766299068927764,0.1383883506059646,0.0200618002563714,0.5258057117462158,2.307194709777832,0.1400024592876434,0.0123963057994842,0.1400024592876434,156.20473513135727,0.9263133657502858,0.6433496508361396,0.6803558029429592,OAS1_0020_MR1_mpr-1_anon,original,none
0.0761257708072662,0.1377072185277938,0.0198576059192419,0.5251083374023438,2.305464267730713,0.139467105269432,0.0123683307319879,0.139467105269432,155.06427432789525,0.9262532268477348,0.6433498022730101,0.680465601308329,OAS1_0020_MR1_mpr-1_anon,original,none
0.074787437915802,0.1358526796102523,0.0193013418465852,0.5238646864891052,2.300325870513916,0.1376021653413772,0.0121652763336896,0.1376021653413772,151.25577153224572,0.9261917465337232,0.6433508588671304,0.6809356001759561,OAS1_0020_MR1_mpr-1_anon,original,none
0.4681911468505859,0.0904455333948135,0.0083127468824386,5.158283710479736,2.925901412963867,0.107141301035881,0.0041576283983886,0.107141301035881,58.91746969784007,0.9448216958813922,0.5121679059717567,0.6057358830519963,OAS1_0020_MR1_mpr-1_anon,motion,low
0.4761694669723511,0.0861928984522819,0.0076421159319579,5.484104633331299,2.8486433029174805,0.1035226583480835,0.0036346176639199,0.1035226583480835,53.74165852864583,0.9426620840635698,0.5194050892039141,0.6148518312310156,OAS1_0020_MR1_mpr-1_anon,motion,medium
0.4814740121364593,0.0852151215076446,0.007458440028131,5.623337745666504,2.8431220054626465,0.112627163529396,0.003592793829739,0.112627163529396,58.49441013710172,0.936706542432934,0.5187135259976319,0.603998695887752,OAS1_0020_MR1_mpr-1_anon,motion,high
0.077432282269001,0.1390668451786041,0.0202034879475832,0.5300017595291138,2.3208167552948,0.1407960206270218,0.0126246213912963,0.1407960206270218,157.6440898820466,0.927108317951472,0.6411258468926045,0.6776375351305765,OAS1_0020_MR1_mpr-2_anon,original,none
0.1085310578346252,0.1806701123714447,0.0338414162397384,0.5773576498031616,2.522449493408203,0.1176691055297851,0.0007119555375538,0.1176691055297851,49.27269382850796,0.9886671639344644,0.6190968708730049,0.7130291483321503,OAS1_0020_MR1_mpr-2_anon,blur,low
0.1298131793737411,0.201373666524887,0.0419161915779113,0.6201410293579102,2.689019203186035,0.0903820395469665,0.0001112652971642,0.0903820395469665,22.070489621629903,0.9961675758354116,0.5973797540043649,0.708393385732671,OAS1_0020_MR1_mpr-2_anon,blur,medium
0.1582034528255462,0.2291266173124313,0.0543226525187492,0.6648650765419006,2.90659236907959,0.0706019103527069,1.9987770428997464e-05,0.0706019103527069,10.747736912147673,0.9985879827799377,0.5622305390236444,0.6935429221493166,OAS1_0020_MR1_mpr-2_anon,blur,high
0.080432191491127,0.137967050075531,0.0199252068996429,0.5645989179611206,2.7268600463867188,0.1470704674720764,0.0127679798752069,0.1470704674720764,158.18744411094517,0.9244045923132402,0.4401358699342693,0.5552973271114199,OAS1_0020_MR1_mpr-2_anon,noise,low
0.0834033489227294,0.1370137631893158,0.0196779239922761,0.5997684001922607,3.1242899894714355,0.1533686220645904,0.0133381811901927,0.1533686220645904,161.35588307100184,0.91868025615329,0.2257552899755659,0.4195640728538753,OAS1_0020_MR1_mpr-2_anon,noise,medium
0.0893767699599266,0.1356593668460846,0.0192802902311086,0.666417121887207,3.4845187664031982,0.1664531677961349,0.0160180479288101,0.1664531677961349,177.61782717237287,0.9019525899037732,0.1238497416065537,0.3011133381325354,OAS1_0020_MR1_mpr-2_anon,noise,high
0.0770923644304275,0.1386110484600067,0.0200645942240953,0.529495120048523,2.319929599761963,0.1405933946371078,0.0126552022993564,0.1405933946371078,157.20108786190258,0.9270217028662432,0.6411253582087719,0.6776643358535711,OAS1_0020_MR1_mpr-2_anon,original,none
0.0765635520219802,0.1378946602344513,0.0198508203029632,0.5288482904434204,2.317962646484375,0.1400421857833862,0.0126404641196131,0.1400421857833862,156.1684721105239,0.9269494575819852,0.6411256866433984,0.6777919440981333,OAS1_0020_MR1_mpr-2_anon,original,none
0.0751274824142456,0.1359130591154098,0.0192607175558805,0.5276716351509094,2.3121795654296875,0.1380284875631332,0.0124354045838117,0.1380284875631332,152.27281039368876,0.9268679356547436,0.6411266501378032,0.6783171443344866,OAS1_0020_MR1_mpr-2_anon,original,none
0.4662467837333679,0.0903866738080978,0.0082998238503932,5.1368913650512695,2.93945050239563,0.106886975467205,0.0040562436915934,0.106886975467205,57.58139361213236,0.9459833744537728,0.5093656056046587,0.6025687076254125,OAS1_0020_MR1_mpr-2_anon,motion,low
0.4755361676216125,0.0866829007863998,0.0077268327586352,5.445862293243408,2.861058473587036,0.1039598956704139,0.0035885157994925,0.1039598956704139,53.203042662377456,0.9437251629694464,0.5172032567995537,0.6117119753892388,OAS1_0020_MR1_mpr-2_anon,motion,medium
0.4837180972099304,0.0855946764349937,0.0075375637970864,5.629158020019531,2.854378223419189,0.1130134016275405,0.0035425163805484,0.1130134016275405,58.03899476294424,0.937686561520934,0.5170524119363249,0.6013302801496465,OAS1_0020_MR1_mpr-2_anon,motion,high
0.0774354338645935,0.139253944158554,0.0202768370509147,0.5288447141647339,2.312827110290528,0.1408320367336273,0.0124978106468915,0.1408320367336273,156.62316846660542,0.9274412108128304,0.6428529535357408,0.6791595531009861,OAS1_0020_MR1_mpr-3_anon,original,none
0.1084028556942939,0.1807088255882263,0.0338148474693298,0.5761516690254211,2.5131988525390625,0.117950901389122,0.0007182533154264,0.117950901389122,49.73679630055148,0.9886640882809268,0.6208760878244683,0.713805126669566,OAS1_0020_MR1_mpr-3_anon,blur,low
0.1290043145418167,0.2003661096096038,0.0414800457656383,0.618899941444397,2.677231311798096,0.0900382548570633,0.0001105705887312,0.0900382548570633,21.990642472809437,0.9961545157519458,0.5992222986517441,0.7099820391554494,OAS1_0020_MR1_mpr-3_anon,blur,medium
0.157590240240097,0.2283728271722793,0.0540391504764556,0.6636103391647339,2.895587205886841,0.0704171732068061,1.9994768081232905e-05,0.0704171732068061,10.76023810891544,0.998579203651258,0.5639860742225886,0.6951066593280087,OAS1_0020_MR1_mpr-3_anon,blur,high
0.0803747847676277,0.1381928324699401,0.0200038738548755,0.5631360411643982,2.717534303665161,0.147014170885086,0.0126498211175203,0.147014170885086,157.31138736500463,0.924832330635282,0.4409665917678879,0.5567812974010085,OAS1_0020_MR1_mpr-3_anon,noise,low
0.0832024216651916,0.1371073722839355,0.0197328738868236,0.5981975793838501,3.115473747253418,0.1529388427734375,0.0130535140633583,0.1529388427734375,159.12153475892308,0.9192186003641868,0.2260759519116779,0.4204986708790091,OAS1_0020_MR1_mpr-3_anon,noise,medium
0.0889859274029731,0.1357061564922332,0.0193219929933547,0.6643774509429932,3.4758553504943848,0.1655544936656952,0.0155900157988071,0.1655544936656952,174.4969000124464,0.902573072466175,0.1243028102223885,0.3019799529065379,OAS1_0020_MR1_mpr-3_anon,noise,high
0.0770073235034942,0.1386318206787109,0.020086271688342,0.5283553600311279,2.3114681243896484,0.1404644250869751,0.0124753732234239,0.1404644250869751,155.65045237821693,0.9273444791011172,0.6428527897161,0.6792008666380767,OAS1_0020_MR1_mpr-3_anon,original,none
0.0763329863548278,0.1376649737358093,0.0197953339666128,0.527725338935852,2.3088526725769043,0.1396416127681732,0.0123886130750179,0.1396416127681732,153.83258942248776,0.927262232625386,0.642852515547994,0.6793579235130115,OAS1_0020_MR1_mpr-3_anon,original,none
0.0747400522232055,0.1353877633810043,0.0191161558032035,0.5265730619430542,2.3024587631225586,0.1373361647129058,0.0120928473770618,0.1373361647129058,149.00625047870713,0.9271626555523748,0.6428536676642446,0.679963009734974,OAS1_0020_MR1_mpr-3_anon,original,none
0.4674650728702545,0.0903674513101577,0.0083048017695546,5.159182548522949,2.929673671722412,0.1070815026760101,0.0041416082531213,0.1070815026760101,58.097703402650126,0.9454880802218292,0.5117606987633334,0.6041697338827486,OAS1_0020_MR1_mpr-3_anon,motion,low
0.4763147830963135,0.0869162902235984,0.007778376340866,5.439456939697266,2.8541412353515625,0.1042801886796951,0.0036723604425787,0.1042801886796951,53.800505993413,0.9433735202382878,0.5193977291999736,0.6127715356500298,OAS1_0020_MR1_mpr-3_anon,motion,medium
0.4833621680736542,0.0852515622973442,0.0074826613999903,5.649542808532715,2.845695734024048,0.112653411924839,0.0035822796635329,0.112653411924839,57.9492982153799,0.9373192474370586,0.5187251698388349,0.6027573912076623,OAS1_0020_MR1_mpr-3_anon,motion,high
0.0734436810016632,0.1308947205543518,0.017839465290308,0.5370676517486572,2.385125637054444,0.1416958272457122,0.0140737853944301,0.1416958272457122,168.5943330652574,0.9147397809249784,0.6265712491075459,0.6606415374838189,OAS1_0021_MR1_mpr-1_anon,original,none
0.1015689820051193,0.1647025495767593,0.0281539186835289,0.594423234462738,2.577241897583008,0.113873615860939,0.0007774415425956,0.113873615860939,53.8796937231924,0.983849255273899,0.6046410368416785,0.7014853368100596,OAS1_0021_MR1_mpr-1_anon,blur,low
0.127265527844429,0.1915402114391327,0.0379704684019088,0.6426128149032593,2.7473835945129395,0.0862971395254135,0.0001226048625539,0.0862971395254135,22.957261508118872,0.9954400188527496,0.583808311832328,0.7003956989737761,OAS1_0021_MR1_mpr-1_anon,blur,medium
0.1628875434398651,0.2295814454555511,0.054203987121582,0.6890299320220947,2.9818034172058105,0.0722489207983017,1.915212487801909e-05,0.0722489207983017,12.16598259420956,0.998391132854318,0.5500729508228037,0.6847887125282935,OAS1_0021_MR1_mpr-1_anon,blur,high
0.0749402567744255,0.1300731301307678,0.0176188554614782,0.5560160875320435,2.612269878387451,0.1448659747838974,0.0140753928571939,0.1448659747838974,168.5696636125153,0.914276949507984,0.4918289920767673,0.5925347974544706,OAS1_0021_MR1_mpr-1_anon,noise,low
0.0764224827289581,0.1292241215705871,0.0173923280090093,0.5752389430999756,2.9947335720062256,0.148061066865921,0.0141463633626699,0.148061066865921,168.87909976734835,0.91266269427436,0.2508727579709759,0.4505215028978224,OAS1_0021_MR1_mpr-1_anon,noise,medium
0.0794876813888549,0.1277153044939041,0.0169883202761411,0.614372968673706,3.34253454208374,0.1547235399484634,0.0145522989332675,0.1547235399484634,171.01457507563572,0.908278834495584,0.1387530943287584,0.3266319047539331,OAS1_0021_MR1_mpr-1_anon,noise,high
0.0731105580925941,0.1303261816501617,0.0176742188632488,0.5369608998298645,2.383255958557129,0.1414794921875,0.0140289897099137,0.1414794921875,167.065516094133,0.914820793220528,0.6265678475146303,0.6607223021023662,OAS1_0021_MR1_mpr-1_anon,original,none
0.072440430521965,0.129246711730957,0.0173768606036901,0.5366072654724121,2.37979793548584,0.1405752897262573,0.0138695174828171,0.1405752897262573,164.22626426547183,0.9149112329635536,0.6265675778612096,0.6609431160901007,OAS1_0021_MR1_mpr-1_anon,original,none
0.0705857425928115,0.1263474971055984,0.0165948122739791,0.5357135534286499,2.3703651428222656,0.137481540441513,0.013318439014256,0.137481540441513,156.3191884957108,0.9150871004528685,0.6265699857038194,0.6617128000361046,OAS1_0021_MR1_mpr-1_anon,original,none
0.4366874098777771,0.0806275457143783,0.006568111013621,5.450838088989258,2.8964550495147705,0.1043691188097,0.0053314161486923,0.1043691188097,65.36184871897979,0.9223563914902776,0.5095726122058595,0.5971683556234497,OAS1_0021_MR1_mpr-1_anon,motion,low
0.4584531784057617,0.0776033997535705,0.0060549662448465,5.921793460845947,2.841296672821045,0.1029143333435058,0.0047949235886335,0.1029143333435058,60.18566391888787,0.923098478142982,0.5181470482738998,0.603802514087231,OAS1_0021_MR1_mpr-1_anon,motion,medium
0.4571584463119507,0.0740803554654121,0.0055229905992746,6.234649658203125,2.8268141746521,0.104455254971981,0.0043946104124188,0.104455254971981,59.39505998200062,0.9170888915774909,0.5125366819904407,0.5983440083021304,OAS1_0021_MR1_mpr-1_anon,motion,high
0.0762562900781631,0.1321810632944107,0.0181492771953344,0.5543679594993591,2.493649482727051,0.1459201723337173,0.0139761101454496,0.1459201723337173,167.7040685317096,0.917326484208476,0.604877713705489,0.6413082259886553,OAS1_0021_MR1_mpr-2_anon,original,none
0.1042837500572204,0.1648072302341461,0.0281172711402177,0.6124409437179565,2.685766220092773,0.1156643033027648,0.000747755751945,0.1156643033027648,52.95105650658701,0.9840880515390952,0.5823508038172517,0.6885244175735231,OAS1_0021_MR1_mpr-2_anon,blur,low
0.1312124729156494,0.1921558976173401,0.0381190553307533,0.6621301770210266,2.862879753112793,0.0880682468414306,0.0001224582374561,0.0880682468414306,22.92762104109222,0.9954306225185464,0.5613938392120457,0.688876540677788,OAS1_0021_MR1_mpr-2_anon,blur,medium
0.1681168377399444,0.229963332414627,0.054391860961914,0.7099007368087769,3.097501039505005,0.0735985562205314,1.932974555529654e-05,0.0735985562205314,12.191964422487745,0.998395175654306,0.5283064647691722,0.6740660177208629,OAS1_0021_MR1_mpr-2_anon,blur,high
0.0777925699949264,0.1313857585191726,0.0179367214441299,0.5731561183929443,2.7360057830810547,0.149142175912857,0.0139886196702718,0.149142175912857,167.84526283413757,0.9168086249444214,0.4575900920877634,0.5667809898622185,OAS1_0021_MR1_mpr-2_anon,noise,low
0.0793149173259735,0.1305532902479171,0.0177156552672386,0.592294454574585,3.09944486618042,0.1523804068565368,0.0140834134072065,0.1523804068565368,168.32426374846813,0.9151577579112212,0.2349089824305827,0.4320975648049777,OAS1_0021_MR1_mpr-2_anon,noise,medium
0.0824438855051994,0.1290701925754547,0.0173108018934726,0.6311769485473633,3.4311914443969727,0.1591941714286804,0.0145469568669795,0.1591941714286804,170.947590786803,0.9106135768693352,0.1292283834465817,0.3120335488766496,OAS1_0021_MR1_mpr-2_anon,noise,high
0.0759065449237823,0.1315818428993225,0.0179715752601623,0.5544934272766113,2.491707563400269,0.1456869542598724,0.0139278229326009,0.1456869542598724,166.0733228496477,0.9173630556845216,0.6048749284855865,0.6413331641688159,OAS1_0021_MR1_mpr-2_anon,original,none
0.0750171318650245,0.1301433145999908,0.0175678469240665,0.5543447732925415,2.4870996475219727,0.1443827450275421,0.0136973764747381,0.1443827450275421,162.31916551776962,0.9174218852543456,0.6048761877742097,0.6416259845680456,OAS1_0021_MR1_mpr-2_anon,original,none
0.0730134174227714,0.1270162165164947,0.0167192034423351,0.5537152290344238,2.476741313934326,0.141058549284935,0.0131266294047236,0.141058549284935,154.15230557310815,0.917543432164636,0.6048792649426515,0.6424384706808449,OAS1_0021_MR1_mpr-2_anon,original,none
0.4384785890579223,0.0814016461372375,0.0066906735301017,5.42722225189209,3.0002167224884038,0.1066896766424179,0.005257898941636,0.1066896766424179,64.56826782226562,0.9247798985536636,0.486158835262374,0.5793234569743277,OAS1_0021_MR1_mpr-2_anon,motion,low
0.4564005434513092,0.0787561237812042,0.006228404585272,5.809535980224609,2.9463605880737305,0.105532482266426,0.004769692197442,0.105532482266426,60.07248140222886,0.925565743573888,0.4943394249442147,0.5852270515157075,OAS1_0021_MR1_mpr-2_anon,motion,medium
0.454913318157196,0.0759827345609664,0.0058075822889804,6.040909767150879,2.937687873840332,0.1083207577466964,0.0044592851772904,0.1083207577466964,60.68242007984835,0.919512936172729,0.4880486997044703,0.5779077486550424,OAS1_0021_MR1_mpr-2_anon,motion,high
0.0766315087676048,0.1323302090167999,0.0182002689689397,0.555837869644165,2.4938063621521,0.1460241377353668,0.0139781907200813,0.1460241377353668,164.07845291436888,0.9182650951890596,0.60540876062852,0.6413911730769302,OAS1_0021_MR1_mpr-3_anon,original,none
0.1052845045924186,0.1659808158874511,0.028541125357151,0.6134529113769531,2.691437244415283,0.1155293509364128,0.000739227165468,0.1155293509364128,52.06268083161,0.9844519153257504,0.5827798650069895,0.6879267912927305,OAS1_0021_MR1_mpr-3_anon,blur,low
0.1294460147619247,0.1897525787353515,0.0371666923165321,0.661980390548706,2.858088493347168,0.0862066373229026,0.0001140616514021,0.0862066373229026,22.0599152209712,0.9954789706970996,0.5619439605744545,0.6898261866718625,OAS1_0021_MR1_mpr-3_anon,blur,medium
0.1643900871276855,0.2250098437070846,0.0520877689123153,0.7091614007949829,3.086833477020264,0.0719186440110206,1.81553350557806e-05,0.0719186440110206,11.770954326554842,0.9983823706874636,0.5289288775809927,0.6753049404920453,OAS1_0021_MR1_mpr-3_anon,blur,high
0.078155979514122,0.13149955868721,0.0179783888161182,0.5748473405838013,2.738254308700561,0.1492337584495544,0.0139873065054416,0.1492337584495544,164.1422566731771,0.9177566983843416,0.4567146744275491,0.5660861313194882,OAS1_0021_MR1_mpr-3_anon,noise,low
0.0797129347920417,0.1307064145803451,0.0177646856755018,0.5941866636276245,3.1027486324310303,0.1525698155164718,0.0140942186117172,0.1525698155164718,164.77404450061272,0.916128655439614,0.2343897714870828,0.4314657104159437,OAS1_0021_MR1_mpr-3_anon,noise,medium
0.0828437879681587,0.1291461884975433,0.0173447653651237,0.633561372756958,3.435280561447144,0.1593873351812362,0.0145539492368698,0.1593873351812362,167.3834318273208,0.911559152502464,0.128903709589261,0.3110875364555318,OAS1_0021_MR1_mpr-3_anon,noise,high
0.0761755257844924,0.1315653920173645,0.0179722346365451,0.555952787399292,2.491430759429932,0.1455943435430526,0.0139057822525501,0.1455943435430526,162.09007209329047,0.9183131587046764,0.6054058341682818,0.6414327485333446,OAS1_0021_MR1_mpr-3_anon,original,none
0.0753301829099655,0.1302002519369125,0.0175865367054939,0.5557947158813477,2.4871225357055664,0.1443859338760376,0.0137017834931612,0.1443859338760376,158.67500382965687,0.9183767446798012,0.6054064155244763,0.6416687211529122,OAS1_0021_MR1_mpr-3_anon,original,none
0.0731718465685844,0.126851350069046,0.016671810299158,0.5551524758338928,2.4759624004364014,0.1407653093338012,0.0130817340686917,0.1407653093338012,149.99224662032782,0.9184986481673916,0.6054099501665267,0.6425446767056654,OAS1_0021_MR1_mpr-3_anon,original,none
0.4375960826873779,0.0808666497468948,0.0066008483991026,5.439059257507324,3.0146279335021973,0.1055371239781379,0.0051538962870836,0.1055371239781379,61.862010282628674,0.9268139721922688,0.4803210832959984,0.5762534876618601,OAS1_0021_MR1_mpr-3_anon,motion,low
0.4631255269050598,0.0787459015846252,0.006232245825231,5.896598815917969,2.95098876953125,0.1052517592906951,0.0047524054534733,0.1052517592906951,58.60017688227636,0.9273676509232543,0.4924073691440188,0.583984401772766,OAS1_0021_MR1_mpr-3_anon,motion,medium
0.4546484351158142,0.0754542499780654,0.0057259416207671,6.076402187347412,2.949614763259888,0.1074635460972786,0.00437722960487,0.1074635460972786,58.50270206227023,0.9212640021393772,0.4830768514722949,0.5762480944247703,OAS1_0021_MR1_mpr-3_anon,motion,high
0.0799167901277542,0.1341466903686523,0.0186991840600967,0.5738011002540588,2.602658748626709,0.1514427661895752,0.0143478531390428,0.1514427661895752,168.2085226619945,0.9170021186314522,0.5832827380575091,0.6214628682686458,OAS1_0021_MR1_mpr-4_anon,original,none
0.1077679395675659,0.165162444114685,0.0282265655696392,0.633777916431427,2.8007588386535645,0.1168626993894577,0.0007253364892676,0.1168626993894577,51.39010967179841,0.9843665344053308,0.5595479438076199,0.6739211097814974,OAS1_0021_MR1_mpr-4_anon,blur,low
0.1326679736375808,0.188377246260643,0.0365564227104187,0.6841379404067993,2.9700822830200195,0.0874382853507995,0.0001155935024144,0.0874382853507995,21.91594597311581,0.9954803155003424,0.5382303560476294,0.6789562998619934,OAS1_0021_MR1_mpr-4_anon,blur,medium
0.1681715250015258,0.222573846578598,0.0510251820087432,0.7328594923019409,3.20026969909668,0.072533369064331,1.8282256860402413e-05,0.072533369064331,11.549632711971508,0.998393381923044,0.5049934119536255,0.6671545177198067,OAS1_0021_MR1_mpr-4_anon,blur,high
0.0814346671104431,0.1332383453845977,0.0184522494673728,0.5933047533035278,2.864574670791626,0.1546251028776168,0.0143523160368204,0.1546251028776168,168.21634689031865,0.9164087337167796,0.4202347379423365,0.5385446219348109,OAS1_0021_MR1_mpr-4_anon,noise,low
0.0830910950899124,0.1325597763061523,0.0182684026658535,0.6132007837295532,3.2104005813598637,0.1580991446971893,0.0144909899681806,0.1580991446971893,169.1180258358226,0.9146022904563542,0.2176585967614526,0.4113660777527186,OAS1_0021_MR1_mpr-4_anon,noise,medium
0.0863056033849716,0.1309688240289688,0.0178401246666908,0.653700590133667,3.5263850688934326,0.165061205625534,0.0150233460590243,0.165061205625534,172.2546022901348,0.9096371509986636,0.1191768162920664,0.2954364489155203,OAS1_0021_MR1_mpr-4_anon,noise,high
0.0793469548225402,0.1332098245620727,0.0184216909110546,0.5740935802459717,2.599611282348633,0.1508090198040008,0.0142520423978567,0.1508090198040008,165.89112441119028,0.9169871469538856,0.5832812370996467,0.6215447625108443,OAS1_0021_MR1_mpr-4_anon,original,none
0.0784123316407203,0.1317726671695709,0.0180150642991065,0.5740930438041687,2.594634294509888,0.149445503950119,0.0140367140993475,0.149445503950119,162.25121783088238,0.9169937128505644,0.5832813200922706,0.6218548856542239,OAS1_0021_MR1_mpr-4_anon,original,none
0.0763226449489593,0.1286494433879852,0.0171631462872028,0.5736545324325562,2.5835278034210205,0.1459669172763824,0.0134684201329946,0.1459669172763824,154.1136049756817,0.9170349291396138,0.5832854203091977,0.62268574562314,OAS1_0021_MR1_mpr-4_anon,original,none
0.4469532370567322,0.0821833759546279,0.006833613384515,5.470560550689697,3.101324319839477,0.1085137128829956,0.0052571259438991,0.1085137128829956,63.09799457624847,0.927671107823714,0.461073679839327,0.5600531096545751,OAS1_0021_MR1_mpr-4_anon,motion,low
0.4568398594856262,0.0796350836753845,0.0063663707114756,5.749758720397949,3.04858922958374,0.1075720191001892,0.0047942018136382,0.1075720191001892,59.18093525007659,0.9281520514236878,0.4690240155303026,0.5670393516852807,OAS1_0021_MR1_mpr-4_anon,motion,medium
0.4567501544952392,0.0769432634115219,0.0059492588043212,5.979918479919434,3.034740686416626,0.1110009998083114,0.0045006331056356,0.1110009998083114,60.294279330384505,0.9219102792974464,0.4642040469340978,0.5595466619691625,OAS1_0021_MR1_mpr-4_anon,motion,high
0.0857431963086128,0.1460388898849487,0.0222626477479934,0.5584813356399536,2.4574220180511475,0.1507466286420822,0.0120968082919716,0.1507466286420822,152.93046707452515,0.9363678874324968,0.6202585033163126,0.6568128895693961,OAS1_0022_MR1_mpr-1_anon,original,none
0.1199613064527511,0.1894882768392563,0.0373669564723968,0.6047533750534058,2.6507058143615723,0.1257835179567337,0.0007505019311793,0.1257835179567337,47.04699060776655,0.9887850761761394,0.597964505351726,0.6966309716923005,OAS1_0022_MR1_mpr-1_anon,blur,low
0.1453373730182647,0.2164696455001831,0.0486221611499786,0.6461992263793945,2.819918155670166,0.0973021239042282,0.0001235921517945,0.0973021239042282,20.912247721354166,0.996671259424779,0.5764350803069622,0.694803040469265,OAS1_0022_MR1_mpr-1_anon,blur,medium
0.1775798797607422,0.2501353323459625,0.0645831227302551,0.6881289482116699,3.047366142272949,0.0760934650897979,2.105113526340574e-05,0.0760934650897979,10.389100796568629,0.9988097009601536,0.5415100835021058,0.6815230700277932,OAS1_0022_MR1_mpr-1_anon,blur,high
0.087469145655632,0.1451083570718765,0.0219836961477994,0.577612578868866,2.777031660079956,0.1544222682714462,0.0121222790330648,0.1544222682714462,153.15936422909007,0.9359061583815178,0.4198995436939864,0.5553965557055538,OAS1_0022_MR1_mpr-1_anon,noise,low
0.0893144905567169,0.1443795561790466,0.0217663384974002,0.59700608253479,3.150837182998657,0.1583864539861679,0.0122953783720731,0.1583864539861679,154.32052779852177,0.9345830698563522,0.2218155785339558,0.4247702030711321,OAS1_0022_MR1_mpr-1_anon,noise,medium
0.0927873104810714,0.142566904425621,0.0212190132588148,0.6363351345062256,3.5007097721099854,0.1662035584449768,0.0129115339368581,0.1662035584449768,157.82159866632202,0.9305900481587936,0.1200280710861814,0.3003972504253568,OAS1_0022_MR1_mpr-1_anon,noise,high
0.0849656835198402,0.1447293758392334,0.0218485333025455,0.5586774945259094,2.4545698165893555,0.1498303711414337,0.0119690261781215,0.1498303711414337,150.83824055989584,0.9360718381705369,0.6202581242662188,0.6569036406407593,OAS1_0022_MR1_mpr-1_anon,original,none
0.0840763449668884,0.1432966440916061,0.0213974602520465,0.5587457418441772,2.450786590576172,0.1487070322036743,0.0118111260235309,0.1487070322036743,148.40409988702515,0.9357920154714664,0.62025805730638,0.6570770621819337,OAS1_0022_MR1_mpr-1_anon,original,none
0.0825966447591781,0.140986368060112,0.0206800047308206,0.5586452484130859,2.444526672363281,0.1467314064502716,0.0115331653505563,0.1467314064502716,144.28428284888176,0.9354187097414172,0.6202583476990402,0.6573957382588616,OAS1_0022_MR1_mpr-1_anon,original,none
0.463107168674469,0.085637092590332,0.0073757567442953,5.432168006896973,2.961932897567749,0.1051260158419609,0.0041512018069624,0.1051260158419609,53.36904751646753,0.9443781019071068,0.5023689617631422,0.5987856765668923,OAS1_0022_MR1_mpr-1_anon,motion,low
0.4601650536060333,0.0824249982833862,0.0068230964243412,5.60970401763916,2.90975022315979,0.1041962727904319,0.0038286512717604,0.1041962727904319,52.24290364583334,0.9417619646835156,0.5074524398559934,0.6033983989309512,OAS1_0022_MR1_mpr-1_anon,motion,medium
0.4712509214878082,0.0809333324432373,0.0065778554417192,5.853031158447266,2.888727188110352,0.1122965067625045,0.0037172934971749,0.1122965067625045,55.9578670726103,0.934805492377956,0.5089409805017888,0.5959368041273211,OAS1_0022_MR1_mpr-1_anon,motion,high
0.085952952504158,0.1469788402318954,0.0225662440061569,0.5560159683227539,2.4452905654907227,0.1507489830255508,0.0121243968605995,0.1507489830255508,153.58986864276963,0.936057193539704,0.6234321301171541,0.6593628566152602,OAS1_0022_MR1_mpr-2_anon,original,none
0.1187859326601028,0.1888320446014404,0.0370780155062675,0.6019463539123535,2.6364340782165527,0.1244169846177101,0.0007353228284046,0.1244169846177101,46.07657638250613,0.9886993380087424,0.6010913560572353,0.6983806576685148,OAS1_0022_MR1_mpr-2_anon,blur,low
0.1450532525777816,0.2175164222717285,0.0490024760365486,0.6424077749252319,2.80812931060791,0.0970958918333053,0.0001234947267221,0.0970958918333053,20.96235088273591,0.9967255575566296,0.5796233329949737,0.6959983428584189,OAS1_0022_MR1_mpr-2_anon,blur,medium
0.1765270382165908,0.2505225241184234,0.0646997094154357,0.683246374130249,3.032681941986084,0.0756545886397361,2.077767931041308e-05,0.0756545886397361,10.348383884803924,0.9988207752111792,0.5449261780060317,0.6832638513348697,OAS1_0022_MR1_mpr-2_anon,blur,high
0.0876961350440979,0.1460257023572921,0.0222817137837409,0.5757631063461304,2.7705414295196533,0.1544475555419922,0.0121465856209397,0.1544475555419922,153.76051767386645,0.9355618529226108,0.4202941750157289,0.5559919370552293,OAS1_0022_MR1_mpr-2_anon,noise,low
0.0894599854946136,0.1451270133256912,0.0220086649060249,0.5957290530204773,3.146014451980591,0.1583002209663391,0.0122889019548892,0.1583002209663391,154.53704271503523,0.9341295535132048,0.222083403296082,0.4249939066672955,OAS1_0022_MR1_mpr-2_anon,noise,medium
0.0929794311523437,0.1433104276657104,0.0214565228670835,0.6361688375473022,3.4990429878234863,0.1661684811115265,0.0129228122532367,0.1661684811115265,158.11378054151348,0.9298226984837372,0.1201186230356127,0.3001896941067968,OAS1_0022_MR1_mpr-2_anon,noise,high
0.0853343158960342,0.1459077149629593,0.0222213044762611,0.5562213659286499,2.4432833194732666,0.1501159071922302,0.0120406188070774,0.1501159071922302,152.04207907284012,0.9357715672454732,0.6234314428408643,0.6593629519665022,OAS1_0022_MR1_mpr-2_anon,original,none
0.0845228135585784,0.1445829570293426,0.021799512207508,0.5562992095947266,2.439908027648926,0.1491280347108841,0.0119047127664089,0.1491280347108841,149.850117522595,0.9355085673912326,0.6234311577879919,0.6594488484280815,OAS1_0022_MR1_mpr-2_anon,original,none
0.0830937772989273,0.1423243880271911,0.0210917741060256,0.55621337890625,2.4340038299560547,0.1472504138946533,0.0116455731913447,0.1472504138946533,145.9293105181526,0.9351452850105348,0.6234311440007005,0.6597799995241561,OAS1_0022_MR1_mpr-2_anon,original,none
0.4608158469200134,0.0863558128476142,0.0074997320771217,5.352492332458496,2.9533915519714355,0.1053525954484939,0.0041706999763846,0.1053525954484939,53.76633731617648,0.9450004181896832,0.5055568497912803,0.6000392936646634,OAS1_0022_MR1_mpr-2_anon,motion,low
0.4636188745498657,0.0827390253543853,0.0068729165941476,5.628334045410156,2.8935370445251465,0.1038229614496231,0.0038057770580053,0.1038229614496231,52.05325999540442,0.9422830253922964,0.5116022376141103,0.6059685525523069,OAS1_0022_MR1_mpr-2_anon,motion,medium
0.4723315834999084,0.0806177109479904,0.0065332986414432,5.892567157745361,2.8719916343688965,0.1111201345920562,0.0036451639607548,0.1111201345920562,55.08320791207109,0.9353632825409688,0.5123590966982003,0.5990295640244189,OAS1_0022_MR1_mpr-2_anon,motion,high
0.0850013718008995,0.1455532014369964,0.0221081543713808,0.5547553300857544,2.4269919395446777,0.1488924622535705,0.011813648045063,0.1488924622535705,150.18099365234377,0.9374333382433542,0.6265430737936093,0.6621486353710345,OAS1_0022_MR1_mpr-3_anon,original,none
0.1188649535179138,0.1889884620904922,0.0372175797820091,0.600037693977356,2.620433807373047,0.1243360489606857,0.0007325625629164,0.1243360489606857,46.11229295917586,0.9888953852922664,0.604416985999584,0.7001728801536808,OAS1_0022_MR1_mpr-3_anon,blur,low
0.1465183943510055,0.2199920117855072,0.050303466618061,0.6404432058334351,2.795409202575684,0.09800486266613,0.0001244969898834,0.09800486266613,21.33149653416054,0.9967155408718104,0.582805760967747,0.696687168518491,OAS1_0022_MR1_mpr-3_anon,blur,medium
0.1779931783676147,0.2530332803726196,0.0661460757255554,0.6809724569320679,3.018545866012573,0.0762440264225006,2.084900552290492e-05,0.0762440264225006,10.519348623238358,0.9988247712256872,0.5481255754107031,0.6831522934211935,OAS1_0022_MR1_mpr-3_anon,blur,high
0.0867551416158676,0.1446664035320282,0.0218435004353523,0.5739754438400269,2.745479106903076,0.1526285260915756,0.0118470536544919,0.1526285260915756,150.5007840025659,0.9369836729093746,0.4283192017114278,0.56158379925547,OAS1_0022_MR1_mpr-3_anon,noise,low
0.0885073542594909,0.1437596380710601,0.0215778276324272,0.59344482421875,3.123632431030273,0.1564299166202545,0.0119902500882744,0.1564299166202545,151.28454972809436,0.9356753437464432,0.2257596253934306,0.4291665721393395,OAS1_0022_MR1_mpr-3_anon,noise,medium
0.0921874195337295,0.1422773003578186,0.021137049421668,0.6328741312026978,3.481257438659668,0.1646166741847992,0.0126548819243907,0.1646166741847992,155.41667959175862,0.9316932641196186,0.1220505831699894,0.3033449973226937,OAS1_0022_MR1_mpr-3_anon,noise,high
0.0843133330345153,0.1443553566932678,0.0217307470738887,0.5550088286399841,2.4245104789733887,0.1481251120567321,0.0117092672735452,0.1481251120567321,148.37973728553922,0.937140136105311,0.6265425279557562,0.6621715480738513,OAS1_0022_MR1_mpr-3_anon,original,none
0.0835339352488517,0.1430573612451553,0.0213288627564907,0.5551319122314453,2.421128273010254,0.1471861749887466,0.0115843266248703,0.1471861749887466,146.34492331112136,0.9368672563880746,0.6265425208622599,0.6622876913002179,OAS1_0022_MR1_mpr-3_anon,original,none
0.0821321904659271,0.1408266574144363,0.0206399746239185,0.5551087856292725,2.4151628017425537,0.1453557908535003,0.0113339843228459,0.1453557908535003,142.54424570121017,0.9364956012714408,0.6265429791392989,0.662583199235854,OAS1_0022_MR1_mpr-3_anon,original,none
0.4590216875076294,0.0855752378702163,0.0073651475831866,5.387120246887207,2.936203956604004,0.1044067293405532,0.0041023418307304,0.1044067293405532,53.114113721660544,0.9447187550315884,0.5085191947209247,0.6027746992558048,OAS1_0022_MR1_mpr-3_anon,motion,low
0.4607453942298889,0.0822921097278595,0.0068005137145519,5.621394157409668,2.8816704750061035,0.103200078010559,0.0037552588619291,0.103200078010559,51.56238487094056,0.942129110348274,0.5136717894294376,0.6078634904883762,OAS1_0022_MR1_mpr-3_anon,motion,medium
0.4707742929458618,0.0804414302110672,0.0065028397366404,5.884858131408691,2.858681917190552,0.1108774840831756,0.0036203328054398,0.1108774840831756,54.949068914675244,0.935184414100259,0.5155527367553356,0.6009122461557085,OAS1_0022_MR1_mpr-3_anon,motion,high
0.0883866921067237,0.1472061872482299,0.0225922837853431,0.5713330507278442,2.507407665252685,0.1530244052410125,0.012098635546863,0.1530244052410125,152.71532915900735,0.9376173477331252,0.6114086229051792,0.6483338170772485,OAS1_0022_MR1_mpr-4_anon,original,none
0.1229717507958412,0.1900302171707153,0.0376035869121551,0.6180303692817688,2.704286813735962,0.1266809552907943,0.00073227629764,0.1266809552907943,45.989834415211405,0.989163188807503,0.5884684565157998,0.6897000165641489,OAS1_0022_MR1_mpr-4_anon,blur,low
0.1481642872095108,0.2161145061254501,0.0483471415936946,0.6596103310585022,2.8742713928222656,0.0976409539580345,0.0001202727944473,0.0976409539580345,20.331930003446693,0.996771094170981,0.5665957120899581,0.6889282928987315,OAS1_0022_MR1_mpr-4_anon,blur,medium
0.1832382977008819,0.25295490026474,0.0659761875867843,0.70176100730896,3.109834909439087,0.0775155425071716,2.114354356308468e-05,0.0775155425071716,10.389145675359988,0.9988383837432327,0.530877015997065,0.6743639069915346,OAS1_0022_MR1_mpr-4_anon,blur,high
0.0901955142617225,0.1462913006544113,0.0223182998597621,0.5913431644439697,2.8454630374908447,0.156849980354309,0.0121338106691837,0.156849980354309,153.06574000938264,0.9370931725830404,0.398312733729682,0.5397275450201314,OAS1_0022_MR1_mpr-4_anon,noise,low
0.0919958874583244,0.1453839093446731,0.022044088691473,0.6116489171981812,3.211310386657715,0.1607416719198227,0.0122900251299142,0.1607416719198227,153.936925312117,0.9356331905633296,0.2121678518859863,0.4129756753406496,OAS1_0022_MR1_mpr-4_anon,noise,medium
0.0955973863601684,0.1435328274965286,0.0214916598051786,0.6526175141334534,3.555790901184082,0.1688257604837417,0.0129666393622756,0.1688257604837417,157.87437444948682,0.9310639470668736,0.1144124425505994,0.2905401213797035,OAS1_0022_MR1_mpr-4_anon,noise,high
0.0877697467803955,0.1461263000965118,0.0222508162260055,0.5716507434844971,2.5051050186157227,0.1523956656455993,0.0120191276073455,0.1523956656455993,151.21500220205274,0.937320085478661,0.6114080617383054,0.648340770039947,OAS1_0022_MR1_mpr-4_anon,original,none
0.0870230048894882,0.1449002623558044,0.0218667089939117,0.5718283653259277,2.5018084049224854,0.1515218168497085,0.0119057828560471,0.1515218168497085,149.30137580422797,0.9370497334232872,0.611407935371117,0.6484440561507041,OAS1_0022_MR1_mpr-4_anon,original,none
0.0857394114136695,0.1428932249546051,0.0212446935474872,0.5718715190887451,2.4961886405944824,0.1499114334583282,0.0116959903389215,0.1499114334583282,146.00180089613974,0.9366759485265842,0.6114083731938751,0.648753000956751,OAS1_0022_MR1_mpr-4_anon,original,none
0.4579430818557739,0.0868070796132087,0.0075800837948918,5.292257785797119,3.0037622451782227,0.1061949208378791,0.0041564106941223,0.1061949208378791,53.4276123046875,0.9457431218431928,0.4944430177069758,0.5918609582481702,OAS1_0022_MR1_mpr-4_anon,motion,low
0.4616745114326477,0.0833939909934997,0.0069784456863999,5.553610801696777,2.945059537887573,0.1054491773247718,0.003809998743236,0.1054491773247718,52.02740789675245,0.9430480974108992,0.501139401376638,0.5953917537969962,OAS1_0022_MR1_mpr-4_anon,motion,medium
0.4711555242538452,0.0818543210625648,0.0067326161079108,5.788835525512695,2.93718695640564,0.1138767227530479,0.0037061045877635,0.1138767227530479,56.07201550053616,0.9361946994477894,0.4995004033118954,0.5873133250368093,OAS1_0022_MR1_mpr-4_anon,motion,high
0.076436623930931,0.1486989855766296,0.0224294885993003,0.5012736320495605,2.173154354095459,0.1515518128871917,0.0196081064641475,0.1515518128871917,205.87287310431984,0.9241935732833128,0.6775412065907437,0.7026298185891857,OAS1_0023_MR1_mpr-1_anon,original,none
0.0981394350528717,0.1751599609851837,0.0312265120446681,0.5473781824111938,2.3493595123291016,0.118695467710495,0.0007013129652477,0.118695467710495,53.69917399088542,0.9858246206898122,0.6555513715655874,0.7268403016156504,OAS1_0023_MR1_mpr-1_anon,blur,low
0.1145121902227401,0.1896493881940841,0.0364098437130451,0.5926004648208618,2.4927806854248047,0.0925784781575203,0.0001237509713973,0.0925784781575203,25.854399797028183,0.9945492769571076,0.6338691327060176,0.7226013914191838,OAS1_0023_MR1_mpr-1_anon,blur,medium
0.1432875394821167,0.2176065146923065,0.0478161871433258,0.6477013230323792,2.70747447013855,0.0771957784891128,2.6007566702901382e-05,0.0771957784891128,14.028088139552697,0.9978036217941728,0.5980416372479584,0.7050253303938928,OAS1_0023_MR1_mpr-1_anon,blur,high
0.0780252069234848,0.1478362679481506,0.022170839831233,0.5153861045837402,2.4176416397094727,0.1549586653709411,0.0195727460086345,0.1549586653709411,205.7623296999464,0.923997841662338,0.5346869984167377,0.6310863309915984,OAS1_0023_MR1_mpr-1_anon,noise,low
0.0796118453145027,0.1469787657260894,0.021914467215538,0.5296361446380615,2.83804702758789,0.1583909094333648,0.0196190197020769,0.1583909094333648,205.87641553691788,0.9231454233287362,0.2723764444243515,0.4777850937087164,OAS1_0023_MR1_mpr-1_anon,noise,medium
0.0828213989734649,0.1453052163124084,0.0214263349771499,0.5586702823638916,3.2337121963500977,0.1653712689876556,0.0199458338320255,0.1653712689876556,207.4138963886336,0.9209349842090632,0.1500893966199635,0.3433321073965473,OAS1_0023_MR1_mpr-1_anon,noise,high
0.0760666653513908,0.1484418213367462,0.0223524272441864,0.4998281598091125,2.171229124069214,0.1511990875005722,0.0196491032838821,0.1511990875005722,205.50817799287688,0.9240413628325544,0.6775402470429152,0.7027506435103822,OAS1_0023_MR1_mpr-1_anon,original,none
0.0754038393497467,0.1476840078830719,0.0221169330179691,0.4983276724815368,2.168085813522339,0.1502666175365448,0.0195456147193908,0.1502666175365448,203.68248075597432,0.9239101571415176,0.677540903501896,0.7029911882061421,OAS1_0023_MR1_mpr-1_anon,original,none
0.0738238543272018,0.1455379128456115,0.0214537158608436,0.4960117936134338,2.1609408855438232,0.147676408290863,0.0190975964069366,0.147676408290863,197.9591674804688,0.92374121722194,0.6775421845136327,0.7035198496834867,OAS1_0023_MR1_mpr-1_anon,original,none
0.4473282694816589,0.0835132896900177,0.0070062587037682,5.392523765563965,2.6899514198303223,0.104098342359066,0.0063400045037269,0.104098342359066,67.68455020680148,0.9255406495257664,0.5667412043874933,0.6384417045017168,OAS1_0023_MR1_mpr-1_anon,motion,low
0.4569971561431885,0.0799339264631271,0.0064325686544179,5.765654563903809,2.6295833587646484,0.1002401113510131,0.0057530957274138,0.1002401113510131,63.63892319623161,0.924041528048254,0.5706504345881576,0.6450243831448051,OAS1_0023_MR1_mpr-1_anon,motion,medium
0.4616864025592804,0.0778575986623764,0.0060873394832015,5.973660469055176,2.6237235069274902,0.1062744185328483,0.0054901307448744,0.1062744185328483,64.82135368795954,0.9180887548401744,0.5703961541445097,0.6371046551726152,OAS1_0023_MR1_mpr-1_anon,motion,high
0.0767005831003189,0.1487721353769302,0.0224469900131225,0.5025534629821777,2.17880654335022,0.1508315801620483,0.0189083591103553,0.1508315801620483,201.30948438457415,0.9258034184389642,0.6767341599951164,0.7017578535684992,OAS1_0023_MR1_mpr-2_anon,original,none
0.097907580435276,0.1745937764644622,0.0310196913778781,0.5476992130279541,2.353621482849121,0.117812342941761,0.00068037037272,0.117812342941761,52.7993558995864,0.9860123960964008,0.6546809825717621,0.7261144609626738,OAS1_0023_MR1_mpr-2_anon,blur,low
0.1141392439603805,0.1891287565231323,0.0362038761377334,0.5926806926727295,2.4963202476501465,0.0921162217855453,0.0001211603739648,0.0921162217855453,25.56223551432292,0.994567494818856,0.633031445700923,0.7218663923427672,OAS1_0023_MR1_mpr-2_anon,blur,medium
0.1426367759704589,0.2167785167694091,0.0474141016602516,0.6479803919792175,2.71090030670166,0.0770422518253326,2.574709287728183e-05,0.0770422518253326,13.960223747702203,0.9977899141647542,0.5972572829624425,0.7044920192513502,OAS1_0023_MR1_mpr-2_anon,blur,high
0.078295461833477,0.1479028165340423,0.022187640890479,0.5167028903961182,2.425823211669922,0.1542508155107498,0.0188760552555322,0.1542508155107498,201.2224070829504,0.9256052266535072,0.5322716938448728,0.6294456643249078,OAS1_0023_MR1_mpr-2_anon,noise,low
0.0799060389399528,0.1470731049776077,0.0219406113028526,0.5309959650039673,2.8460254669189453,0.1577336490154266,0.0189319476485252,0.1577336490154266,201.4137958601409,0.9247718798063044,0.2712032397563451,0.4765279227846641,OAS1_0023_MR1_mpr-2_anon,noise,medium
0.0830690190196037,0.1453097760677337,0.0214196667075157,0.5601021647453308,3.2413666248321533,0.1646134853363037,0.0192347727715969,0.1646134853363037,202.69516697303925,0.9225954620086932,0.1494892006705373,0.3423999315844266,OAS1_0023_MR1_mpr-2_anon,noise,high
0.0762035176157951,0.14833365380764,0.0223088767379522,0.5010330677032471,2.176424741744995,0.150228276848793,0.0188989341259002,0.150228276848793,200.37547846775436,0.9256828884537448,0.6767333841762253,0.7019531114703689,OAS1_0023_MR1_mpr-2_anon,original,none
0.0754430592060089,0.1474350988864898,0.0220312885940074,0.499459445476532,2.172830820083618,0.149088054895401,0.018763430416584,0.149088054895401,198.1601002412684,0.9255794613210804,0.6767339580316942,0.7021968878730723,OAS1_0023_MR1_mpr-2_anon,original,none
0.0739050582051277,0.1453932374715805,0.0214026700705289,0.4970385134220123,2.165975570678711,0.1465714126825332,0.0183634553104639,0.1465714126825332,192.8123188093597,0.9254522364696736,0.6767349901495652,0.7027303434559895,OAS1_0023_MR1_mpr-2_anon,original,none
0.4459800720214844,0.0839116871356964,0.0070730452425777,5.356257438659668,2.6993024349212646,0.1039662733674049,0.0061516696587204,0.1039662733674049,66.57566971124388,0.9274689959724244,0.5653241288476618,0.6368517396000559,OAS1_0023_MR1_mpr-2_anon,motion,low
0.4579622745513916,0.0802704244852066,0.0064927232451736,5.762767791748047,2.6405892372131348,0.1003937423229217,0.0056030345149338,0.1003937423229217,62.92848881740196,0.9256947241277788,0.569030231745143,0.6434914341881771,OAS1_0023_MR1_mpr-2_anon,motion,medium
0.4628191590309143,0.0781120583415031,0.0061286278069019,5.971442699432373,2.635651111602783,0.1062299683690071,0.0053395004943013,0.1062299683690071,64.00198783126532,0.919913074892061,0.5680539299956988,0.6354099303980103,OAS1_0023_MR1_mpr-2_anon,motion,high
0.0767907053232193,0.1467127948999405,0.0218705050647258,0.5093181729316711,2.1945271492004395,0.147043377161026,0.0172601826488971,0.147043377161026,186.2125780292586,0.9295229917805647,0.6735169929573083,0.6991135351249566,OAS1_0023_MR1_mpr-3_anon,original,none
0.0983425974845886,0.1739799231290817,0.030765276402235,0.5526678562164307,2.3717575073242188,0.1164220124483108,0.0006298241205513,0.1164220124483108,51.439888030407474,0.98631902648412,0.6513336707682713,0.7239122460765265,OAS1_0023_MR1_mpr-3_anon,blur,low
0.1155375838279724,0.1901366412639618,0.0365776903927326,0.5969969034194946,2.5170912742614746,0.0923083275556564,0.0001186095105367,0.0923083275556564,25.637033260569854,0.9946188366161622,0.6295812324630868,0.7199361098451947,OAS1_0023_MR1_mpr-3_anon,blur,medium
0.1436830461025238,0.2166830152273178,0.047453224658966,0.6519176959991455,2.7299718856811523,0.0768576934933662,2.544195740483701e-05,0.0768576934933662,13.88964604396446,0.99780884001121,0.5938232659755835,0.7034565864286637,OAS1_0023_MR1_mpr-3_anon,blur,high
0.0783850252628326,0.1458914875984192,0.0216263718903064,0.5235893726348877,2.435946464538574,0.1504611074924469,0.01724374294281,0.1504611074924469,186.2665229348576,0.9293260588764408,0.5327237805142446,0.6286094306532545,OAS1_0023_MR1_mpr-3_anon,noise,low
0.0799920484423637,0.1450801193714141,0.0213868599385023,0.5380057096481323,2.8545620441436768,0.1539502143859863,0.0173104181885719,0.1539502143859863,186.59128334195003,0.9285062003474016,0.2714852327625124,0.4760510713330571,OAS1_0023_MR1_mpr-3_anon,noise,medium
0.0831457078456878,0.1433542072772979,0.0208842549473047,0.5673447251319885,3.248539447784424,0.1608614325523376,0.0176447387784719,0.1608614325523376,188.18353343290443,0.9263213147950244,0.1496634973033429,0.3425452477710853,OAS1_0023_MR1_mpr-3_anon,noise,high
0.0763014256954193,0.1462125778198242,0.0217207483947277,0.5079377889633179,2.192209482192993,0.1464800089597702,0.0172494426369667,0.1464800089597702,185.3514638863358,0.9293694488892942,0.6735166669738906,0.6992944301658256,OAS1_0023_MR1_mpr-3_anon,original,none
0.075640894472599,0.1454339325428009,0.021485099568963,0.5065032243728638,2.1890316009521484,0.145570158958435,0.0171620175242424,0.145570158958435,183.68880663105088,0.9292351626848068,0.673517078076636,0.6995248200236932,OAS1_0023_MR1_mpr-3_anon,original,none
0.0743663609027862,0.1437675952911377,0.0209851823747158,0.5042858719825745,2.1832056045532227,0.1436107456684112,0.0168961528688669,0.1436107456684112,179.83560144761032,0.9290674009384328,0.673518111096784,0.699976301439113,OAS1_0023_MR1_mpr-3_anon,original,none
0.4425312280654907,0.0837145373225212,0.0070456056855618,5.325911998748779,2.705824613571167,0.1021959856152534,0.0057744747027754,0.1021959856152534,63.37677360983456,0.93069356102754,0.5643156385825197,0.6359555300619588,OAS1_0023_MR1_mpr-3_anon,motion,low
0.4559378623962402,0.0809071660041809,0.0065907444804906,5.686351776123047,2.65395736694336,0.1000306904315948,0.0053715845569968,0.1000306904315948,61.20014480890013,0.9286748220350242,0.5685805524714148,0.6414907028559518,OAS1_0023_MR1_mpr-3_anon,motion,medium
0.4585689902305603,0.0782503113150596,0.0061522340402007,5.902885913848877,2.648552417755127,0.104900948703289,0.0050348630174994,0.104900948703289,61.49477156096813,0.9230819874718872,0.5656379090498708,0.6337339425724929,OAS1_0023_MR1_mpr-3_anon,motion,high
0.076135441660881,0.145703375339508,0.0215072352439165,0.511049211025238,2.2104363441467285,0.1473495662212371,0.0176946520805358,0.1473495662212371,188.48154631969976,0.9279934878148822,0.6693345382312863,0.6956933140420175,OAS1_0023_MR1_mpr-4_anon,original,none
0.0992189869284629,0.174792468547821,0.0310286544263362,0.5558726787567139,2.395339012145996,0.1176387518644332,0.0006500228773802,0.1176387518644332,51.63121122472427,0.98631607988869,0.6470234603363276,0.7206754157696901,OAS1_0023_MR1_mpr-4_anon,blur,low
0.116566002368927,0.1905139982700348,0.0367171540856361,0.6007338762283325,2.5419411659240723,0.0928389579057693,0.0001205038570333,0.0928389579057693,25.611243633195468,0.9946485759667996,0.625133085949461,0.7175712455188118,OAS1_0023_MR1_mpr-4_anon,blur,medium
0.1436411142349243,0.2148526906967163,0.0466806441545486,0.6559572219848633,2.751249074935913,0.0765748471021652,2.528541699575726e-05,0.0765748471021652,13.649586875765932,0.9978258424942004,0.5894374156549518,0.7022942072058485,OAS1_0023_MR1_mpr-4_anon,blur,high
0.0777268186211586,0.144886702299118,0.0212680157274007,0.525283694267273,2.4510083198547363,0.1507575958967209,0.0176813248544931,0.1507575958967209,188.5481871361826,0.9277917317341542,0.5285944387642587,0.6251707990109481,OAS1_0023_MR1_mpr-4_anon,noise,low
0.0793024450540542,0.1440540999174118,0.0210229977965354,0.5396833419799805,2.8667097091674805,0.1541586965322494,0.0177344735711812,0.1541586965322494,188.74050939223343,0.9269598907328086,0.2694914675737085,0.4738406923613595,OAS1_0023_MR1_mpr-4_anon,noise,medium
0.0824389085173606,0.1423413753509521,0.0205272398889064,0.5689632892608643,3.2572007179260254,0.1610322594642639,0.0180620700120925,0.1610322594642639,190.2310631845512,0.9247388102529912,0.1485813084039486,0.3410885316445465,OAS1_0023_MR1_mpr-4_anon,noise,high
0.0757538229227066,0.1453664898872375,0.0214081592857837,0.5097036361694336,2.208415985107422,0.1469945758581161,0.0177269019186496,0.1469945758581161,188.0378891888787,0.9278057732752256,0.669334197760973,0.6958147590876566,OAS1_0023_MR1_mpr-4_anon,original,none
0.0752973407506942,0.144913375377655,0.0212740153074264,0.5083001852035522,2.206017255783081,0.1464774012565612,0.017721738666296,0.1464774012565612,187.24567248774517,0.927639602556156,0.669334528697625,0.6959770125885225,OAS1_0023_MR1_mpr-4_anon,original,none
0.0743003785610199,0.1437013745307922,0.0209114849567413,0.506123423576355,2.2013299465179443,0.1450649201869964,0.0175640489906072,0.1450649201869964,184.5389509612439,0.9274270090248188,0.6693348370872163,0.69634469091607,OAS1_0023_MR1_mpr-4_anon,original,none
0.4434282183647156,0.0839147642254829,0.0070867659524083,5.328337669372559,2.7526230812072754,0.1039469912648201,0.0060195070691406,0.1039469912648201,65.19892554189646,0.9290031528410058,0.5537170742371771,0.6278194793939016,OAS1_0023_MR1_mpr-4_anon,motion,low
0.4562970995903015,0.0797591507434845,0.0064018629491329,5.76385498046875,2.6835687160491943,0.1002950221300125,0.0054127508774399,0.1002950221300125,60.77389969171262,0.9270435596051624,0.5603485429150001,0.6357466940886232,OAS1_0023_MR1_mpr-4_anon,motion,medium
0.4580949246883392,0.0785811096429824,0.0062044956721365,5.871728897094727,2.68862533569336,0.1067398190498352,0.0052660219371318,0.1067398190498352,63.3131103515625,0.9216383607208622,0.5566003322366745,0.626647517222469,OAS1_0023_MR1_mpr-4_anon,motion,high
0.0728839859366417,0.1319682896137237,0.0186752118170261,0.5193002223968506,2.2943735122680664,0.1227266862988472,0.009496564976871,0.1227266862988472,121.81174938725492,0.9303006368861008,0.6425851302546208,0.6804589850715379,OAS1_0025_MR1_mpr-1_anon,original,none
0.0979378223419189,0.1641099452972412,0.0288500450551509,0.5635480284690857,2.458693504333496,0.0990465730428695,0.0005083243595436,0.0990465730428695,36.289438285079655,0.9874328727289444,0.6221962673189307,0.7281054861205494,OAS1_0025_MR1_mpr-1_anon,blur,low
0.1239563673734664,0.1943254321813583,0.0404648445546627,0.6051924824714661,2.6453895568847656,0.0826141238212585,0.0001011163840303,0.0826141238212585,19.210485121783087,0.99613337641173,0.6013261686511959,0.7225407067414353,OAS1_0025_MR1_mpr-1_anon,blur,medium
0.1541683673858642,0.2280940115451812,0.0547513626515865,0.6477789282798767,2.881744623184204,0.0671608299016952,1.8712809833232317e-05,0.0671608299016952,9.640825578278186,0.9987097287182845,0.567638863749403,0.7046508861275431,OAS1_0025_MR1_mpr-1_anon,blur,high
0.0744077190756797,0.1311752051115036,0.0184582658112049,0.5400987267494202,2.5285515785217285,0.1259944438934326,0.0095115546137094,0.1259944438934326,121.93829752604168,0.929832649031815,0.5057180315361332,0.6117145905904706,OAS1_0025_MR1_mpr-1_anon,noise,low
0.0759243220090866,0.1303955763578415,0.0182421598583459,0.5611383318901062,2.9276585578918457,0.1293355375528335,0.0096087856218218,0.1293355375528335,122.49186209884344,0.9282093565609008,0.2589677500523488,0.4668075059243841,OAS1_0025_MR1_mpr-1_anon,noise,medium
0.0789304673671722,0.1287839859724044,0.0177948251366615,0.6037420034408569,3.2872984409332275,0.1361327767372131,0.0100288446992635,0.1361327767372131,124.73414163028494,0.9234908974437518,0.1431719261344785,0.3390742158344308,OAS1_0025_MR1_mpr-1_anon,noise,high
0.0729890689253807,0.1320506334304809,0.0187083426862955,0.519323468208313,2.295118808746338,0.1233221590518951,0.0095884371548891,0.1233221590518951,122.78599805644916,0.9300571274415448,0.6425833034373047,0.6801754337839807,OAS1_0025_MR1_mpr-1_anon,original,none
0.072968304157257,0.1319669783115387,0.0186956822872161,0.5192263722419739,2.295299530029297,0.1236936748027801,0.0096520446240901,0.1236936748027801,123.3927205403646,0.929837684932288,0.6425824911236142,0.6800230340204954,OAS1_0025_MR1_mpr-1_anon,original,none
0.0724556073546409,0.1311304122209549,0.0184666477143764,0.5188920497894287,2.2934532165527344,0.1234159171581268,0.0096247736364603,0.1234159171581268,122.70860763250614,0.9295265786588074,0.6425821065152072,0.6800370374950897,OAS1_0025_MR1_mpr-1_anon,original,none
0.4101654291152954,0.0816757231950759,0.006716436240822,5.054996490478516,2.836663722991944,0.0920543074607849,0.0036128091160207,0.0920543074607849,47.44175283394608,0.944380802881628,0.5210963033628845,0.6195943151348036,OAS1_0025_MR1_mpr-1_anon,motion,low
0.4516748785972595,0.0758058875799179,0.005781459622085,6.024774551391602,2.761948585510254,0.0885076969861984,0.0031344811432063,0.0885076969861984,43.1224879844516,0.9426092601568123,0.5270758114150798,0.6271789698164129,OAS1_0025_MR1_mpr-1_anon,motion,medium
0.4521779417991638,0.0774303004145622,0.0060179349966347,5.874411582946777,2.7687950134277344,0.0996185466647148,0.0032234992831945,0.0996185466647148,49.17352366727941,0.9368206553935988,0.5285138451713447,0.6174467855754128,OAS1_0025_MR1_mpr-1_anon,motion,high
0.0747926607728004,0.134046733379364,0.0191993303596973,0.526961088180542,2.349099636077881,0.1256619989871978,0.0097532272338867,0.1256619989871978,124.5763413373162,0.930425142577944,0.6323008098013209,0.6712895767355527,OAS1_0025_MR1_mpr-2_anon,original,none
0.1003698781132698,0.1663518399000167,0.0295644104480743,0.5719686150550842,2.513644218444824,0.1010612249374389,0.0005161933368071,0.1010612249374389,36.8819211473652,0.987384677516114,0.6115423083268345,0.7214624127357177,OAS1_0025_MR1_mpr-2_anon,blur,low
0.1268744170665741,0.1963996440172195,0.0412422716617584,0.6144495606422424,2.702509880065918,0.0842797681689262,0.0001034099550452,0.0842797681689262,19.648233092064952,0.996114387644353,0.5906963676350284,0.7170608412767976,OAS1_0025_MR1_mpr-2_anon,blur,medium
0.1575833112001419,0.2302223145961761,0.0556011125445365,0.6579641103744507,2.9426636695861816,0.0684630125761032,1.9214328858652152e-05,0.0684630125761032,9.876640289905026,0.9986844622984408,0.556946665713508,0.6988908379017137,OAS1_0025_MR1_mpr-2_anon,blur,high
0.0763266757130622,0.1332345008850097,0.0189737677574157,0.5472536087036133,2.5949385166168213,0.1289399266242981,0.0097686601802706,0.1289399266242981,124.702815396178,0.9299462470155536,0.4861543826714883,0.5978546342135463,OAS1_0025_MR1_mpr-2_anon,noise,low
0.0778519958257675,0.1324160546064376,0.0187475904822349,0.5677566528320312,2.984469413757324,0.1322754025459289,0.0098691107705235,0.1322754025459289,125.25386388442094,0.9284002392665236,0.2498650725338966,0.4567608019444398,OAS1_0025_MR1_mpr-2_anon,noise,medium
0.0808918625116348,0.1307697892189026,0.0182809028774499,0.6095873117446899,3.3366012573242188,0.1391479671001434,0.0103158019483089,0.1391479671001434,127.6450464585248,0.923842804520485,0.1375577884005934,0.3308280871735232,OAS1_0025_MR1_mpr-2_anon,noise,high
0.0748727396130561,0.1340999156236648,0.0192229188978672,0.526991605758667,2.3497118949890137,0.1262084543704986,0.009840290993452,0.1262084543704986,125.46635694316792,0.930172801636276,0.632299538888001,0.6710474945607596,OAS1_0025_MR1_mpr-2_anon,original,none
0.0748130083084106,0.1339589804410934,0.0191921107470989,0.5269001722335815,2.349754810333252,0.1265081614255905,0.0098955240100622,0.1265081614255905,125.93424287683824,0.9299430368277336,0.6322983939578317,0.6708584676084786,OAS1_0025_MR1_mpr-2_anon,original,none
0.0743135586380958,0.1331619620323181,0.0189719945192337,0.5265717506408691,2.348060131072998,0.1262590289115905,0.0098781185224652,0.1262590289115905,125.34574644799326,0.929634122912786,0.6322976417521565,0.6708812692303998,OAS1_0025_MR1_mpr-2_anon,original,none
0.4151715338230133,0.0825327634811401,0.006861513480544,5.070158958435059,2.8704376220703125,0.0934746265411377,0.0036791418679058,0.0934746265411377,48.11008611940871,0.9448017434247424,0.5151501190699126,0.6135433047840999,OAS1_0025_MR1_mpr-2_anon,motion,low
0.4540422558784485,0.0763986110687255,0.0058728363364934,6.012062072753906,2.7896876335144043,0.0895036309957504,0.0031674508936703,0.0895036309957504,43.44412985409007,0.9430852048237448,0.521963305300944,0.6224004329285531,OAS1_0025_MR1_mpr-2_anon,motion,medium
0.454477846622467,0.0780346989631652,0.0061132553964853,5.861139297485352,2.798731803894043,0.1008529216051101,0.003259340301156,0.1008529216051101,49.65191817938113,0.9372494213115052,0.5230110309749607,0.6125405725669368,OAS1_0025_MR1_mpr-2_anon,motion,high
0.0729573518037796,0.1318074017763137,0.0186033230274915,0.5200647115707397,2.296924829483032,0.1227185279130935,0.0095413252711296,0.1227185279130935,121.6229872759651,0.9312674686991228,0.6421761645021637,0.6798293833554998,OAS1_0025_MR1_mpr-3_anon,original,none
0.0979312881827354,0.1638997793197631,0.0287358574569225,0.5638518333435059,2.4614057540893555,0.0989152193069458,0.0005027411389164,0.0989152193069458,35.955158308440566,0.9876534826955218,0.6217327767697409,0.727475378823057,OAS1_0025_MR1_mpr-3_anon,blur,low
0.1250520944595337,0.1955666095018386,0.0409710519015789,0.6052800416946411,2.6528849601745605,0.0832660049200058,0.0001018906041281,0.0832660049200058,19.40506735409007,0.996188513933785,0.6006874265971862,0.7212505356745293,OAS1_0025_MR1_mpr-3_anon,blur,medium
0.1554002314805984,0.2295343428850174,0.0554533377289772,0.6479350924491882,2.889873504638672,0.067718282341957,1.8862638171412985e-05,0.067718282341957,9.752168064491425,0.9987108176421466,0.5668301249202369,0.7031778009081102,OAS1_0025_MR1_mpr-3_anon,blur,high
0.07447050511837,0.1310174018144607,0.0183866322040557,0.5404493808746338,2.529242992401123,0.1259700059890747,0.009555896744132,0.1259700059890747,121.739698342716,0.9308322841784112,0.5065296880104784,0.6116901609113086,OAS1_0025_MR1_mpr-3_anon,noise,low
0.0759845972061157,0.1302242875099182,0.01817012950778,0.5611215829849243,2.929227352142334,0.1292950958013534,0.0096514336764812,0.1292950958013534,122.28278054630056,0.9292767552493796,0.2589130078204963,0.4663995737142472,OAS1_0025_MR1_mpr-3_anon,noise,medium
0.0790266171097755,0.1287095844745636,0.017749261111021,0.6029024124145508,3.289576530456543,0.1361818611621856,0.010085767135024,0.1361818611621856,124.71697208180149,0.9247503916796976,0.1431439382664613,0.3389388080721648,OAS1_0025_MR1_mpr-3_anon,noise,high
0.0731305032968521,0.1320027410984039,0.018666448071599,0.5201278924942017,2.297987937927246,0.1234293729066848,0.0096511431038379,0.1234293729066848,122.81580571193322,0.931020125185935,0.642174849225609,0.6795425294286064,OAS1_0025_MR1_mpr-3_anon,original,none
0.0731077566742897,0.1319147944450378,0.0186495073139667,0.5200674533843994,2.298185348510742,0.1237959563732147,0.0097133675590157,0.1237959563732147,123.400197466682,0.9307894285668454,0.6421739500360337,0.6793877883260168,OAS1_0025_MR1_mpr-3_anon,original,none
0.0726862475275993,0.1312368810176849,0.0184661746025085,0.5197826623916626,2.296694278717041,0.1236584931612014,0.0097055602818727,0.1236584931612014,122.99615478515626,0.930468830104007,0.6421735738419068,0.6793490333096401,OAS1_0025_MR1_mpr-3_anon,original,none
0.4123051166534424,0.0813286751508712,0.0066636926494538,5.113833427429199,2.8390464782714844,0.0917633548378944,0.0036093615926802,0.0917633548378944,47.116489784390325,0.9443165070974257,0.5201331904081352,0.618400891828381,OAS1_0025_MR1_mpr-3_anon,motion,low
0.452609121799469,0.0757473409175872,0.0057761343196034,6.049196243286133,2.767152786254883,0.0884252041578292,0.0031475741416215,0.0884252041578292,43.08206092984069,0.9425855244439868,0.5258887989642478,0.6255980103687018,OAS1_0025_MR1_mpr-3_anon,motion,medium
0.4516534507274627,0.0776695311069488,0.0060547138564288,5.8464131355285645,2.774009704589844,0.0999744087457656,0.0032596951350569,0.0999744087457656,49.46241694431679,0.9366960224807316,0.5279080394273269,0.6158893833527813,OAS1_0025_MR1_mpr-3_anon,motion,high
0.0737219527363777,0.1322787404060363,0.0187141150236129,0.5259994268417358,2.336085319519043,0.1244225427508354,0.0096330475062131,0.1244225427508354,122.6225030637255,0.930002277598052,0.6342328299039302,0.6729493495304527,OAS1_0025_MR1_mpr-4_anon,original,none
0.0988143980503082,0.1640496999025344,0.0287545714527368,0.5712841749191284,2.5003597736358643,0.0999297499656677,0.0005078387330286,0.0999297499656677,36.17643875421263,0.987444613903068,0.6135892230822675,0.7228106433006998,OAS1_0025_MR1_mpr-4_anon,blur,low
0.1256274878978729,0.1946992874145507,0.0404770113527774,0.6138027906417847,2.6912143230438232,0.0837267562747001,0.0001022020660457,0.0837267562747001,19.43212244370405,0.9961225966893916,0.5927078115974816,0.7175987776150367,OAS1_0025_MR1_mpr-4_anon,blur,medium
0.1575352400541305,0.2302687764167785,0.055653303861618,0.6572551727294922,2.932652950286865,0.0686484277248382,1.9411801986279897e-05,0.0686484277248382,9.969683478860292,0.9986794733344824,0.5588735460218508,0.6990001946111606,OAS1_0025_MR1_mpr-4_anon,blur,high
0.0752274841070175,0.131477415561676,0.0184951592236757,0.5463317036628723,2.568817615509033,0.1276376396417617,0.0096481163054704,0.1276376396417617,122.73901702282475,0.9295419701622476,0.4979832514369624,0.6045374876262319,OAS1_0025_MR1_mpr-4_anon,noise,low
0.076708048582077,0.130638912320137,0.0182634852826595,0.5669662952423096,2.962754249572754,0.1308994889259338,0.0097383353859186,0.1308994889259338,123.2089978984758,0.9279759213060838,0.254667501405487,0.4613768127079108,OAS1_0025_MR1_mpr-4_anon,noise,medium
0.0797818973660469,0.1291680335998535,0.0178601145744323,0.6086757183074951,3.3165907859802246,0.1378139853477478,0.0101969195529818,0.1378139853477478,125.86726313572304,0.9233514953945202,0.1407202973023855,0.3353167805996114,OAS1_0025_MR1_mpr-4_anon,noise,high
0.0738236606121063,0.1323798298835754,0.0187502559274435,0.526016354560852,2.3368687629699707,0.1250042617321014,0.009723437950015,0.1250042617321014,123.55827421300552,0.9297600077252404,0.6342315321044233,0.6727071795825386,OAS1_0025_MR1_mpr-4_anon,original,none
0.0737687721848487,0.1322622895240783,0.0187261179089546,0.5259117484092712,2.336935043334961,0.1253049373626709,0.0097758751362562,0.1253049373626709,124.01030345243568,0.9295360037283078,0.6342305265836646,0.6725757421633504,OAS1_0025_MR1_mpr-4_anon,original,none
0.0734016820788383,0.1316906213760376,0.0185805335640907,0.5255643129348755,2.33572006225586,0.125243604183197,0.0097855124622583,0.125243604183197,123.8139607747396,0.9292175577443688,0.6342295712165371,0.6725075825009221,OAS1_0025_MR1_mpr-4_anon,original,none
0.4112759232521057,0.0814277231693267,0.0066821491345763,5.094755172729492,2.849773406982422,0.0924006551504135,0.003628552192822,0.0924006551504135,47.273944211473655,0.9442689660068456,0.5184769163929166,0.6160000660006604,OAS1_0025_MR1_mpr-4_anon,motion,low
0.4525913596153259,0.0759121179580688,0.0058044027537107,6.03772497177124,2.7752010822296143,0.0891334787011146,0.0031766518950462,0.0891334787011146,43.390964882046575,0.9424851973035352,0.5248332348046161,0.6239593193939124,OAS1_0025_MR1_mpr-4_anon,motion,medium
0.4552740454673767,0.0773104652762413,0.0060009243898093,5.924407958984375,2.785849332809448,0.099994882941246,0.0032369615510106,0.099994882941246,49.05703771254596,0.9367116860502704,0.5250996886228505,0.6144170629585461,OAS1_0025_MR1_mpr-4_anon,motion,high
0.072773776948452,0.1376104056835174,0.0199839770793914,0.5029338598251343,2.281342029571533,0.1309586018323898,0.0097997868433594,0.1309586018323898,139.12426470588238,0.9311355653999396,0.6473415401861506,0.6877289684523163,OAS1_0026_MR1_mpr-1_anon,original,none
0.0943261086940765,0.165883406996727,0.0287124849855899,0.5477970838546753,2.4396815299987797,0.1058700829744339,0.0006031597731634,0.1058700829744339,47.04946193321079,0.986286290848102,0.6276403242262627,0.7328283289525415,OAS1_0026_MR1_mpr-1_anon,blur,low
0.1187133938074112,0.1942156553268432,0.038878433406353,0.5918151140213013,2.619760036468506,0.0867317914962768,0.0001271511428058,0.0867317914962768,24.445135139016543,0.9954396361397388,0.6077087748348687,0.7242695171179405,OAS1_0026_MR1_mpr-1_anon,blur,medium
0.1575416922569275,0.2386016845703125,0.0589001178741455,0.6364350318908691,2.867487907409668,0.0734312608838081,2.657939330674708e-05,0.0734312608838081,13.22801633348652,0.9984444910678804,0.5745509800951749,0.7004231041252382,OAS1_0026_MR1_mpr-1_anon,blur,high
0.0749216675758361,0.1367517113685608,0.0197567678987979,0.5305236577987671,2.5768356323242188,0.1354523450136184,0.0098760612308979,0.1354523450136184,139.48614525888482,0.9295197549242245,0.4938448104179016,0.6005732309845853,OAS1_0026_MR1_mpr-1_anon,noise,low
0.0771223604679107,0.1360319852828979,0.019565736874938,0.558580756187439,2.980585813522339,0.1401208639144897,0.0101916482672095,0.1401208639144897,141.31266060623466,0.9258727755339056,0.2509682402740207,0.4554325236713029,OAS1_0026_MR1_mpr-1_anon,noise,medium
0.081227421760559,0.1344147473573684,0.0191121939569711,0.6130468845367432,3.3329052925109863,0.1490362882614135,0.011259295977652,0.1490362882614135,147.20337213254442,0.9148536363430742,0.1393938319216094,0.3319094907315142,OAS1_0026_MR1_mpr-1_anon,noise,high
0.0723306611180305,0.1369072943925857,0.0197752378880977,0.5022727847099304,2.279752731323242,0.1306148767471313,0.0097427945584058,0.1306148767471313,137.86251771216303,0.9311818977987176,0.6473416141583157,0.6877745900036573,OAS1_0026_MR1_mpr-1_anon,original,none
0.0715733468532562,0.135703831911087,0.0194200351834297,0.501477062702179,2.276644229888916,0.1296855807304382,0.0096135968342423,0.1296855807304382,135.5202430874694,0.9312316198977156,0.647342181034911,0.6880474557907128,OAS1_0026_MR1_mpr-1_anon,original,none
0.0697240456938743,0.1327831149101257,0.0185570009052753,0.5000879764556885,2.268866777420044,0.1269747912883758,0.0092396866530179,0.1269747912883758,129.41869949640014,0.9313204641133512,0.6473440743070867,0.688842727091955,OAS1_0026_MR1_mpr-1_anon,original,none
0.459996223449707,0.0864131301641464,0.0075867064297199,5.328781127929688,2.7631022930145264,0.0971883833408355,0.0033283303491771,0.0971883833408355,52.30778521369486,0.9467478490576212,0.5424380795785543,0.6354933705614499,OAS1_0026_MR1_mpr-1_anon,motion,low
0.4751721024513244,0.0812985450029373,0.0067480616271495,5.844822883605957,2.6903076171875,0.0947683602571487,0.0029067394789308,0.0947683602571487,47.297729731541054,0.9445461588079718,0.5517126054600565,0.6425160913988965,OAS1_0026_MR1_mpr-1_anon,motion,medium
0.4761461019515991,0.0800611823797226,0.006591941229999,5.977497577667236,2.68464994430542,0.1009578332304954,0.0028123008087277,0.1009578332304954,50.43105971392464,0.9389319965822428,0.548134276018863,0.6339899988558964,OAS1_0026_MR1_mpr-1_anon,motion,high
0.072984904050827,0.1367198824882507,0.0196959655731916,0.5089653134346008,2.3089938163757324,0.1311081349849701,0.0095757069066166,0.1311081349849701,135.4923268037684,0.9313911597664736,0.6414865916749372,0.6827244557980872,OAS1_0026_MR1_mpr-2_anon,original,none
0.0956273525953292,0.1666864603757858,0.028935395181179,0.5540680289268494,2.474405288696289,0.1074444875121116,0.0006145454244688,0.1074444875121116,47.69115157781863,0.9863994637124792,0.6214879911416813,0.7282828645298052,OAS1_0026_MR1_mpr-2_anon,blur,low
0.1206356883049011,0.1955848485231399,0.0393184125423431,0.5984516143798828,2.655952453613281,0.0879478231072425,0.0001291306398343,0.0879478231072425,24.737825042126225,0.9954547015129568,0.601478798850982,0.7207029123026814,OAS1_0026_MR1_mpr-2_anon,blur,medium
0.1597053408622741,0.2397540807723999,0.059287492185831,0.6436100006103516,2.903728008270264,0.0741888135671615,2.6758943931781687e-05,0.0741888135671615,13.274314730775124,0.9984452168295692,0.5681973709174255,0.6965909946250127,OAS1_0026_MR1_mpr-2_anon,blur,high
0.0750866532325744,0.1357701867818832,0.0194467604160308,0.5364899635314941,2.603139877319336,0.1354422718286514,0.0095751881599426,0.1354422718286514,135.16146910424328,0.9297618524777014,0.4887981780834047,0.5958716286259333,OAS1_0026_MR1_mpr-2_anon,noise,low
0.0772026032209396,0.1349192857742309,0.0192171894013881,0.5644134879112244,3.001940965652466,0.1399469673633575,0.0098646227270364,0.1399469673633575,136.7077974207261,0.92610251360573,0.2484928941427096,0.4521765338548809,OAS1_0026_MR1_mpr-2_anon,noise,medium
0.0815348774194717,0.1335354745388031,0.0188137143850326,0.6187553405761719,3.352941036224365,0.14943528175354,0.0112806968390941,0.14943528175354,145.27830966126686,0.915077451754424,0.1378395926924134,0.3293254684847876,OAS1_0026_MR1_mpr-2_anon,noise,high
0.0725092366337776,0.1359855681657791,0.0194886401295661,0.5083344578742981,2.3070549964904785,0.1306796073913574,0.0095047932118177,0.1306796073913574,134.0836224724265,0.9314136352185154,0.6414864797562101,0.6828262583179536,OAS1_0026_MR1_mpr-2_anon,original,none
0.071474090218544,0.1343750357627868,0.0190138667821884,0.5075644254684448,2.302454948425293,0.1292506903409958,0.0093129593878984,0.1292506903409958,130.7880653530944,0.931437492167288,0.6414871797784414,0.6832294974217223,OAS1_0026_MR1_mpr-2_anon,original,none
0.0694802924990654,0.1312527954578399,0.0181030668318271,0.5062070488929749,2.2936782836914062,0.1262840032577514,0.0089358454570174,0.1262840032577514,124.49391754748775,0.9314984313998036,0.6414894222139154,0.6841216829911896,OAS1_0026_MR1_mpr-2_anon,original,none
0.4594168663024902,0.086390420794487,0.0075913500040769,5.325201034545898,2.7869343757629395,0.0973007231950759,0.0032358849421143,0.0973007231950759,51.09701502182905,0.9480111979003096,0.5377400293826058,0.6314614579200957,OAS1_0026_MR1_mpr-2_anon,motion,low
0.4723005294799804,0.0812449008226394,0.0067547559738159,5.817132472991943,2.716707706451416,0.0950594022870063,0.0028284525033086,0.0950594022870063,46.28111500459559,0.9456016970437996,0.5462706205844094,0.6383961022862743,OAS1_0026_MR1_mpr-2_anon,motion,medium
0.4751491546630859,0.0801564157009124,0.0066065764985978,5.963418960571289,2.7060954570770264,0.1015338972210884,0.0027524512261152,0.1015338972210884,49.83041537415748,0.9400149256743606,0.5442177303701428,0.6301242519542788,OAS1_0026_MR1_mpr-2_anon,motion,high
0.0739558190107345,0.1386001259088516,0.0202664323151111,0.5076190233230591,2.2992348670959477,0.1325801014900207,0.0099935894832015,0.1325801014900207,140.22133047066484,0.9311435513698304,0.6447267550245139,0.68475593240169,OAS1_0026_MR1_mpr-3_anon,original,none
0.0964904576539993,0.168105810880661,0.029532141983509,0.5525820851325989,2.459528923034668,0.1076147183775901,0.0006178342737257,0.1076147183775901,47.69631012561275,0.9865281110896004,0.6248420137349906,0.7298439729421897,OAS1_0026_MR1_mpr-3_anon,blur,low
0.1208584904670715,0.1960228085517883,0.0396022424101829,0.5965825319290161,2.640278577804565,0.0876905173063278,0.0001271283399546,0.0876905173063278,24.4927827722886,0.9955044226096958,0.6047149029294847,0.7215430565130562,OAS1_0026_MR1_mpr-3_anon,blur,medium
0.1605368852615356,0.2417951375246048,0.0603178553283214,0.6413297653198242,2.889953851699829,0.0743703171610832,2.6906960556516424e-05,0.0743703171610832,13.363658710554535,0.9984625412425312,0.5712568105343084,0.697256555349596,OAS1_0026_MR1_mpr-3_anon,blur,high
0.0760909542441368,0.1377020329236984,0.020025860518217,0.5349096059799194,2.6003317832946777,0.1370562463998794,0.0100582595914602,0.1370562463998794,140.50655996285232,0.9295426913343828,0.4867762174264176,0.5955579720015443,OAS1_0026_MR1_mpr-3_anon,noise,low
0.0781976878643035,0.1368332803249359,0.0197943095117807,0.5627419948577881,3.00009822845459,0.14152193069458,0.010313244536519,0.14152193069458,141.7761151482077,0.9259316993703484,0.2478179748703219,0.45183769238558,OAS1_0026_MR1_mpr-3_anon,noise,medium
0.0825804993510246,0.1354633569717407,0.0193895287811756,0.6171203851699829,3.3551173210144043,0.1510995477437973,0.0117483548820018,0.1510995477437973,150.43956873276656,0.9150073598649584,0.1371663547473798,0.3280805748321429,OAS1_0026_MR1_mpr-3_anon,noise,high
0.0735406056046485,0.1379521936178207,0.020078333094716,0.506985604763031,2.297591209411621,0.1322675794363021,0.0099215470254421,0.1322675794363021,138.9108273973652,0.9311516111880236,0.6447266014267068,0.6848112889587166,OAS1_0026_MR1_mpr-3_anon,original,none
0.0726468414068222,0.136531114578247,0.0196555778384208,0.506212055683136,2.293733835220337,0.1310931742191314,0.0097438506782054,0.1310931742191314,135.98403583601413,0.9311653959315824,0.6447270303743335,0.6851428385003566,OAS1_0026_MR1_mpr-3_anon,original,none
0.0707178860902786,0.1334957182407379,0.0187583845108747,0.5048478245735168,2.2854700088500977,0.1282483041286468,0.0093507887795567,0.1282483041286468,129.66866096047795,0.9312153600308056,0.6447286371801771,0.6859594524309074,OAS1_0026_MR1_mpr-3_anon,original,none
0.4571609497070312,0.0866073966026306,0.0076273549348115,5.280402183532715,2.7751946449279785,0.0976281017065048,0.0033634779974818,0.0976281017065048,52.11457950367648,0.9472138715549804,0.5407963482526705,0.633032745802347,OAS1_0026_MR1_mpr-3_anon,motion,low
0.4728434085845947,0.0817988216876983,0.0068303551524877,5.785143852233887,2.704493999481201,0.0955331847071647,0.0029648202471435,0.0955331847071647,47.59005868949142,0.9449602587512128,0.5496850125025305,0.6400708762660992,OAS1_0026_MR1_mpr-3_anon,motion,medium
0.4733261168003082,0.0805991888046264,0.0066610462963581,5.9002790451049805,2.699037313461304,0.1022140979766845,0.0028795432299375,0.1022140979766845,51.02194752412684,0.9392986115236146,0.5470010314443114,0.6312612774512948,OAS1_0026_MR1_mpr-3_anon,motion,high
0.0750120878219604,0.1455377638339996,0.0223535392433404,0.4942871332168579,2.27839994430542,0.1296842992305755,0.0099754426628351,0.1296842992305755,143.32868951535693,0.933879827111632,0.6507965837645282,0.6903230108459524,OAS1_0027_MR1_mpr-1_anon,original,none
0.0941377505660057,0.1704616397619247,0.0304777659475803,0.5359724760055542,2.435678482055664,0.1031051576137542,0.0005321463104337,0.1031051576137542,45.79307406556373,0.9863336524165044,0.6305737898458059,0.734182646519302,OAS1_0027_MR1_mpr-1_anon,blur,low
0.1114146411418914,0.1861336231231689,0.0358741134405136,0.5801326036453247,2.598937511444092,0.0831503197550773,0.0001085656549548,0.0831503197550773,23.27390771005668,0.9950218653416628,0.6108599139371653,0.7293332083938396,OAS1_0027_MR1_mpr-1_anon,blur,medium
0.1398617029190063,0.2132848650217056,0.0471423864364624,0.6298978328704834,2.81272292137146,0.0696098431944847,2.472913911333308e-05,0.0696098431944847,12.757294778262867,0.9981158347763758,0.5793417413278522,0.7143750666069835,OAS1_0027_MR1_mpr-1_anon,blur,high
0.0770834237337112,0.144720196723938,0.0221224576234817,0.521050214767456,2.585193157196045,0.1340600401163101,0.0100259091705083,0.1340600401163101,143.56468661439186,0.9324770544092708,0.4835773050282722,0.5984390599103523,OAS1_0027_MR1_mpr-1_anon,noise,low
0.0791575759649276,0.1439319401979446,0.0218915324658155,0.5480373501777649,2.9864797592163086,0.1385265886783599,0.0102873854339122,0.1385265886783599,145.0346382889093,0.9290138317149764,0.2472057816103985,0.4543667273720709,OAS1_0027_MR1_mpr-1_anon,noise,medium
0.0832464396953582,0.1426178961992263,0.0214769262820482,0.5987908840179443,3.3460679054260254,0.1474942564964294,0.0112986490130424,0.1474942564964294,150.8116347369026,0.9191855254979184,0.1362604407672875,0.3281323210440149,OAS1_0027_MR1_mpr-1_anon,noise,high
0.0751367434859275,0.1457955092191696,0.0224348604679107,0.4942973852157593,2.2781081199646,0.1301946640014648,0.0100784618407487,0.1301946640014648,143.73825779335172,0.933906338565262,0.6507955716223166,0.6900892197905515,OAS1_0027_MR1_mpr-1_anon,original,none
0.0749749168753624,0.1455810666084289,0.0223647095263004,0.4941906034946441,2.2766361236572266,0.1301950216293335,0.0101071875542402,0.1301950216293335,143.09128573548563,0.9339419748792438,0.6507949243876925,0.6900101109032426,OAS1_0027_MR1_mpr-1_anon,original,none
0.0742716640233993,0.1445271074771881,0.0220327004790306,0.4938500523567199,2.2726528644561768,0.1293569803237915,0.0100292321294546,0.1293569803237915,140.4113740808824,0.9340033128962112,0.6507953036787597,0.6901406645036332,OAS1_0027_MR1_mpr-1_anon,original,none
0.4667100310325622,0.0906332582235336,0.0083350371569395,5.134941101074219,2.832691431045532,0.0967368707060813,0.0036355704069137,0.0967368707060813,54.49712153416055,0.9494206794724844,0.5306095936209052,0.6323146344641697,OAS1_0027_MR1_mpr-1_anon,motion,low
0.4727140665054321,0.0853730291128158,0.0074143931269645,5.5252299308776855,2.784517288208008,0.0963159799575805,0.0031847269274294,0.0963159799575805,50.60387680951287,0.9453102324714272,0.53407861644781,0.6325442288076755,OAS1_0027_MR1_mpr-1_anon,motion,medium
0.4799053072929382,0.0827216655015945,0.0069323019124567,5.81070613861084,2.7601912021636963,0.1016841009259224,0.0030268772970885,0.1016841009259224,52.290202181947,0.9404252645625708,0.5347868000585767,0.6261481845027197,OAS1_0027_MR1_mpr-1_anon,motion,high
0.0760203450918197,0.1459562480449676,0.0224788151681423,0.5002713203430176,2.308600902557373,0.1310067921876907,0.0099369687959551,0.1310067921876907,142.45362237668508,0.9333684641172556,0.6451328579403692,0.6852094725903214,OAS1_0027_MR1_mpr-2_anon,original,none
0.0962842479348182,0.1726620942354202,0.0312779769301414,0.5424648523330688,2.4716427326202397,0.1048669591546058,0.0005423646653071,0.1048669591546058,46.43467036228554,0.9862392853710066,0.6245637314319259,0.7292168927023424,OAS1_0027_MR1_mpr-2_anon,blur,low
0.1141663938760757,0.1886726915836334,0.0369027778506279,0.5869137048721313,2.6363391876220703,0.0847271531820297,0.0001115790946641,0.0847271531820297,23.889753035003064,0.9950076086721568,0.6047898561393863,0.7246413497483868,OAS1_0027_MR1_mpr-2_anon,blur,medium
0.1412644386291504,0.2135000526905059,0.0471331737935543,0.6368594169616699,2.845625162124634,0.0700132697820663,2.494060026947409e-05,0.0700132697820663,12.799996768727024,0.9981103504552846,0.5733237688252548,0.7111959556593418,OAS1_0027_MR1_mpr-2_anon,blur,high
0.0780878588557243,0.1451353728771209,0.0222458578646183,0.5272890329360962,2.621033191680908,0.1353779435157776,0.009987324476242,0.1353779435157776,142.74299771178002,0.9319351427931184,0.4729602287861557,0.5908892561374537,OAS1_0027_MR1_mpr-2_anon,noise,low
0.0801416337490081,0.14435675740242,0.0220071896910667,0.5545018911361694,3.0174131393432617,0.1398193091154098,0.0102518461644649,0.1398193091154098,144.17478865081188,0.9285165704467292,0.2423545371461272,0.4489678779650823,OAS1_0027_MR1_mpr-2_anon,noise,medium
0.0843196064233779,0.1430907994508743,0.021615769714117,0.6054377555847168,3.3726701736450195,0.1489211618900299,0.0113127455115318,0.1489211618900299,150.52592857211243,0.918507805580638,0.1334607891399693,0.3238119230570535,OAS1_0027_MR1_mpr-2_anon,noise,high
0.0760527551174163,0.1460448801517486,0.0225050095468759,0.5002832412719727,2.3078832626342773,0.1313631236553192,0.0100188199430704,0.1313631236553192,142.54974556717218,0.933377068637597,0.6451314257827412,0.6850217283504274,OAS1_0027_MR1_mpr-2_anon,original,none
0.0758361667394638,0.1457404941320419,0.0224076062440872,0.5001755952835083,2.3061563968658447,0.1312712579965591,0.0100376531481742,0.1312712579965591,141.7539043351716,0.9333963545919416,0.645131327131701,0.6849446948046314,OAS1_0027_MR1_mpr-2_anon,original,none
0.0750559642910957,0.1445611417293548,0.0220370218157768,0.4998299479484558,2.301830291748047,0.1302948892116546,0.0099424570798873,0.1302948892116546,138.85139519186583,0.933439347841212,0.6451314967579508,0.6851640514347994,OAS1_0027_MR1_mpr-2_anon,original,none
0.4682458639144897,0.0900339409708976,0.0082408990710973,5.183584213256836,2.826953411102295,0.0962000042200088,0.0035829963162541,0.0962000042200088,53.25811025582108,0.9497582604532367,0.531670342550973,0.6312973285300474,OAS1_0027_MR1_mpr-2_anon,motion,low
0.4755909740924835,0.0851535201072692,0.0073779243975877,5.570989608764648,2.7876551151275635,0.0964099913835525,0.0031693314667791,0.0964099913835525,50.03250768324908,0.9456569249427628,0.5340552156144847,0.6308439395327803,OAS1_0027_MR1_mpr-2_anon,motion,medium
0.4808681011199951,0.0825881585478782,0.0069271484389901,5.82608699798584,2.7628183364868164,0.1018541008234024,0.0030061984434723,0.1018541008234024,51.7130610447304,0.9406672983588074,0.5347542085728363,0.6244706998847513,OAS1_0027_MR1_mpr-2_anon,motion,high
0.0748863369226455,0.1448560357093811,0.0221546553075313,0.495307981967926,2.2775278091430664,0.1290686130523681,0.0098058022558689,0.1290686130523681,140.24898920994184,0.9345387071370508,0.651020893126139,0.6902460395839319,OAS1_0027_MR1_mpr-3_anon,original,none
0.094171792268753,0.1701484769582748,0.0303453430533409,0.5365827083587646,2.437880277633667,0.1027408018708229,0.0005236932775005,0.1027408018708229,45.11117840935202,0.9866746265072284,0.6307753397918774,0.7332530716155994,OAS1_0027_MR1_mpr-3_anon,blur,low
0.1123322620987892,0.1871486604213714,0.0363481119275093,0.5802550315856934,2.6029276847839355,0.0834979116916656,0.0001091666636057,0.0834979116916656,23.51432195925245,0.9950550996766224,0.61094107660431,0.7283587356956733,OAS1_0027_MR1_mpr-3_anon,blur,medium
0.1412089318037033,0.2149159759283065,0.0479687303304672,0.6299980878829956,2.816598892211914,0.0700060352683067,2.4934866814874116e-05,0.0700060352683067,12.948812686695774,0.9981143342004736,0.5792529679106813,0.7134837749076117,OAS1_0027_MR1_mpr-3_anon,blur,high
0.0769265592098236,0.1440543830394745,0.0219330862164497,0.5219707489013672,2.580419540405273,0.1333614885807037,0.0098446952179074,0.1333614885807037,140.40800865023743,0.9331465751515068,0.4852119410541808,0.5995552820220501,OAS1_0027_MR1_mpr-3_anon,noise,low
0.0789701789617538,0.1433064937591552,0.0217073950916528,0.5488326549530029,2.9824533462524414,0.1377905756235122,0.0100831631571054,0.1377905756235122,141.8039769789752,0.9297608241190748,0.2480437448677334,0.4551505928661348,OAS1_0027_MR1_mpr-3_anon,noise,medium
0.0830968767404556,0.1421073973178863,0.0213280953466892,0.5992356538772583,3.3443851470947266,0.1468404084444046,0.0110948579385876,0.1468404084444046,147.81889181698074,0.9201332647838256,0.1366003632287716,0.3286089023669596,OAS1_0027_MR1_mpr-3_anon,noise,high
0.0750461667776107,0.1451338529586792,0.0222401320934295,0.4953585267066955,2.277429580688477,0.1296470314264297,0.0099192392081022,0.1296470314264297,140.84931652592678,0.9345555952257047,0.6510193112282814,0.6899774520223223,OAS1_0027_MR1_mpr-3_anon,original,none
0.0749872922897338,0.1450629532337188,0.0222162269055843,0.4952894449234009,2.2764620780944824,0.1298322677612304,0.0099777020514011,0.1298322677612304,140.67007553998167,0.9345766816299244,0.6510186220861457,0.6898778196783735,OAS1_0027_MR1_mpr-3_anon,original,none
0.0744502395391464,0.1442411094903946,0.0219598375260829,0.4950004816055298,2.2732937335968018,0.1292858272790908,0.0099452370777726,0.1292858272790908,138.73383872836246,0.934617065815838,0.6510187087621344,0.6899303848293559,OAS1_0027_MR1_mpr-3_anon,original,none
0.4654253721237182,0.09026750177145,0.0082813389599323,5.150651931762695,2.822314977645874,0.0963281095027923,0.0036056821700185,0.0963281095027923,53.664892578125,0.9497162106767478,0.5329659151036301,0.632471334459198,OAS1_0027_MR1_mpr-3_anon,motion,low
0.4737744331359863,0.0847488045692443,0.0073031596839427,5.581469535827637,2.7727508544921875,0.0956953167915344,0.0031468686647713,0.0956953167915344,49.63781092026655,0.9456081566063934,0.5363274517702066,0.6332937124210694,OAS1_0027_MR1_mpr-3_anon,motion,medium
0.4794366657733917,0.0822998136281967,0.0068801678717136,5.835106372833252,2.7555880546569824,0.1011046469211578,0.0029879617504775,0.1011046469211578,51.37036096909467,0.9406366184321356,0.5353539271424648,0.6264484542504023,OAS1_0027_MR1_mpr-3_anon,motion,high
0.0739582106471061,0.1438837945461273,0.0218710079789161,0.4912313222885132,2.244159698486328,0.1277939677238464,0.0098342970013618,0.1277939677238464,140.4455098470052,0.9348223823042534,0.6573110729296079,0.6953702299442913,OAS1_0027_MR1_mpr-4_anon,original,none
0.0936033427715301,0.1698237359523773,0.0303111597895622,0.5321829319000244,2.406511068344116,0.1023334115743637,0.0005209027440287,0.1023334115743637,45.30267094630821,0.986708794402094,0.6371715788267234,0.7360288105020525,OAS1_0027_MR1_mpr-4_anon,blur,low
0.1128213703632354,0.1886912584304809,0.0370352640748024,0.5757608413696289,2.5741076469421387,0.0841544196009635,0.0001116729981731,0.0841544196009635,24.2805586272595,0.9949924080073016,0.6171486443069346,0.7302996417324874,OAS1_0027_MR1_mpr-4_anon,blur,medium
0.1424279510974884,0.2177208960056305,0.0493714101612567,0.6251760721206665,2.7892374992370605,0.0706575140357017,2.55202321568504e-05,0.0706575140357017,13.38934050915288,0.9981017377178942,0.5851644180834085,0.7152411399937544,OAS1_0027_MR1_mpr-4_anon,blur,high
0.0759937614202499,0.1430847346782684,0.021647360175848,0.5180486440658569,2.5422143936157227,0.1321163177490234,0.0098772924393415,0.1321163177490234,140.69493886910232,0.9334146442343516,0.4958164405477269,0.606785571181568,OAS1_0027_MR1_mpr-4_anon,noise,low
0.078057937324047,0.1423943042755127,0.0214448273181915,0.5450831651687622,2.9505982398986816,0.1365636140108108,0.0101287877187132,0.1365636140108108,142.1831345502068,0.9299109046901568,0.2528614758318883,0.460289946408471,OAS1_0027_MR1_mpr-4_anon,noise,medium
0.0820789039134979,0.1410543322563171,0.0210208166390657,0.5956282615661621,3.3177170753479004,0.1454750895500183,0.0110959159210324,0.1454750895500183,147.87952533796724,0.9199653430182604,0.1396512468492017,0.3329259872730294,OAS1_0027_MR1_mpr-4_anon,noise,high
0.0739409327507019,0.1438271701335907,0.0218569003045558,0.4913127720355987,2.2433183193206787,0.128054141998291,0.0098975971341133,0.128054141998291,140.3594898897059,0.9348289021146622,0.6573104565986259,0.6952263484666308,OAS1_0027_MR1_mpr-4_anon,original,none
0.0737073495984077,0.1434279978275299,0.0217366851866245,0.4912747144699096,2.241523265838623,0.1279182881116867,0.0099055729806423,0.1279182881116867,139.49247783586094,0.9348381918245404,0.6573101648966367,0.6951990740444224,OAS1_0027_MR1_mpr-4_anon,original,none
0.073063276708126,0.1423926800489425,0.0214198324829339,0.4910318851470947,2.237844944000244,0.1271814256906509,0.0098392246291041,0.1271814256906509,137.12409380744486,0.9348664502681794,0.6573100489232879,0.6953137450690752,OAS1_0027_MR1_mpr-4_anon,original,none
0.4646726548671722,0.0895244628190994,0.0081515442579984,5.186766624450684,2.7909603118896484,0.0954242050647735,0.0036158543080091,0.0954242050647735,53.83269892673867,0.9486969475916156,0.5386151377874119,0.6365368930812676,OAS1_0027_MR1_mpr-4_anon,motion,low
0.4711394011974334,0.0839817523956298,0.0071823829784989,5.5995683670043945,2.7490994930267334,0.0946923941373825,0.0031541842035949,0.0946923941373825,49.65922360887715,0.9445849759184975,0.5399872504103593,0.6369916005529364,OAS1_0027_MR1_mpr-4_anon,motion,medium
0.4767476618289947,0.0818064212799072,0.0067994897253811,5.843822479248047,2.729156017303467,0.1004329323768615,0.0030181552283465,0.1004329323768615,51.71894543217678,0.9396775487379464,0.5406181908680987,0.6301902587726935,OAS1_0027_MR1_mpr-4_anon,motion,high
0.0823476910591125,0.1471741795539856,0.0229689832776784,0.5279942750930786,2.3352417945861816,0.1527547836303711,0.0123880608007311,0.1527547836303711,171.28056640625002,0.927162208271094,0.6458542008278005,0.6770288315486062,OAS1_0028_MR1_mpr-1_anon,original,none
0.0996599644422531,0.1652549505233764,0.0286344625055789,0.5785003900527954,2.482931613922119,0.1085841506719589,0.0006759791867807,0.1085841506719589,39.45842380897672,0.9868485512582478,0.6244953955842876,0.7133605176820123,OAS1_0028_MR1_mpr-1_anon,blur,low
0.120776891708374,0.1875497102737426,0.0364055633544921,0.622349739074707,2.6419527530670166,0.0843608602881431,9.423076699022204e-05,0.0843608602881431,16.93237974877451,0.9963164804010392,0.603225718547571,0.7093318301307239,OAS1_0028_MR1_mpr-1_anon,blur,medium
0.1524425446987152,0.2212204188108444,0.0502410307526588,0.6679601669311523,2.86054801940918,0.0709787756204605,1.825602521421388e-05,0.0709787756204605,10.055884985830271,0.9985388786713888,0.568669444674802,0.6958013092663369,OAS1_0028_MR1_mpr-1_anon,blur,high
0.0839124917984008,0.1460006237030029,0.0226084366440773,0.5490844249725342,2.644505262374878,0.1561392396688461,0.0123584391549229,0.1561392396688461,170.7559865914139,0.926533315244456,0.4566170141627785,0.5812068215530223,OAS1_0028_MR1_mpr-1_anon,noise,low
0.0853992328047752,0.1447485983371734,0.0222212709486484,0.5703743696212769,3.038186550140381,0.1594553142786026,0.0124164912849664,0.1594553142786026,170.4317866306679,0.924774711109498,0.2385273420120053,0.4429039081502315,OAS1_0028_MR1_mpr-1_anon,noise,medium
0.0884180665016174,0.1423608660697937,0.0214868672192096,0.6132006645202637,3.409546136856079,0.1663310676813125,0.0128433918580412,0.1663310676813125,171.753364832261,0.9196278548871248,0.1301469149177069,0.3147656196991516,OAS1_0028_MR1_mpr-1_anon,noise,high
0.0805603340268135,0.144435167312622,0.0220829378813505,0.527044415473938,2.327834129333496,0.1499702334403991,0.0119672818109393,0.1499702334403991,164.91743714575676,0.9270714712643672,0.6458549517278434,0.6775346805274106,OAS1_0028_MR1_mpr-1_anon,original,none
0.0787950605154037,0.1417599320411682,0.0212358236312866,0.5260106325149536,2.3203461170196533,0.1471780240535736,0.0115548307076096,0.1471780240535736,158.71939888748472,0.9269981150135976,0.6458560016926504,0.6780982167642108,OAS1_0028_MR1_mpr-1_anon,original,none
0.0763854458928108,0.1381579786539077,0.0201244466006755,0.5243436098098755,2.309938430786133,0.1433483213186264,0.0110073052346706,0.1433483213186264,150.51039871515013,0.9269111558771272,0.6458577249915123,0.6788836133554249,OAS1_0028_MR1_mpr-1_anon,original,none
0.4455962181091308,0.0831701159477233,0.0069530019536614,5.394547462463379,2.8215408325195312,0.1034220308065414,0.0039053261280059,0.1034220308065414,54.967418715533086,0.9389004395380344,0.534968465377474,0.6194877921529331,OAS1_0028_MR1_mpr-1_anon,motion,low
0.4578617513179779,0.0802476704120636,0.0064636338502168,5.733043193817139,2.754590511322021,0.101033791899681,0.0035726204514503,0.101033791899681,52.66438179764093,0.9371017036104548,0.5420249926686869,0.6259946976364648,OAS1_0028_MR1_mpr-1_anon,motion,medium
0.472710371017456,0.0781421139836311,0.0061412490904331,6.097378253936768,2.74943208694458,0.1073082983493805,0.0033966652117669,0.1073082983493805,54.352883970971206,0.932178843663822,0.5407523029442025,0.6176171246626971,OAS1_0028_MR1_mpr-1_anon,motion,high
0.0875172019004821,0.1473542898893356,0.0229188501834869,0.5633834600448608,2.4512617588043213,0.1578263640403747,0.0118647720664739,0.1578263640403747,148.96842950559133,0.9336413232713432,0.6242872447183193,0.6550026917886083,OAS1_0028_MR1_mpr-2_anon,original,none
0.1057752892374992,0.1659852117300033,0.0288181826472282,0.6134085059165955,2.6150689125061035,0.1090431213378906,0.0005925506702624,0.1090431213378906,33.771343395756745,0.9883125652946404,0.6009773652369924,0.6901241874695487,OAS1_0028_MR1_mpr-2_anon,blur,low
0.1294237822294235,0.1906612366437912,0.0376588031649589,0.6560214757919312,2.782417297363281,0.0854722410440445,8.612894453108311e-05,0.0854722410440445,15.805101821001838,0.996647456688847,0.5786826284121074,0.6907583868700629,OAS1_0028_MR1_mpr-2_anon,blur,medium
0.1622892022132873,0.2241139858961105,0.0517355129122734,0.7006111145019531,3.006098747253418,0.0721104443073272,1.6705660527804866e-05,0.0721104443073272,9.525531125536151,0.9986610906956914,0.5424956990518389,0.6786142328703004,OAS1_0028_MR1_mpr-2_anon,blur,high
0.0891884863376617,0.1461595296859741,0.0225554816424846,0.5855801105499268,2.794271469116211,0.1614161133766174,0.011856060475111,0.1614161133766174,148.74321588254443,0.9329222959339918,0.4104560947029465,0.5458512903824064,OAS1_0028_MR1_mpr-2_anon,noise,low
0.0908020213246345,0.1448951959609985,0.0221745651215314,0.6081179976463318,3.17218279838562,0.1649602353572845,0.0119523480534553,0.1649602353572845,148.864580820121,0.9310733923353716,0.2181502854952332,0.416560548362636,OAS1_0028_MR1_mpr-2_anon,noise,medium
0.094049260020256,0.1425080150365829,0.0214420780539512,0.6532728672027588,3.5374701023101807,0.1722936630249023,0.0125224338844418,0.1722936630249023,151.47731490789675,0.9254014115828972,0.1178561991052099,0.2923437994378512,OAS1_0028_MR1_mpr-2_anon,noise,high
0.0856644585728645,0.1446179449558258,0.0220347680151462,0.5626304149627686,2.4434714317321777,0.155063509941101,0.0114821754395961,0.155063509941101,143.75640653722428,0.9334887134124265,0.6242879241354141,0.6554924126543608,OAS1_0028_MR1_mpr-2_anon,original,none
0.0838609039783477,0.1419941782951355,0.0212076790630817,0.561764121055603,2.435692310333252,0.1523276418447494,0.0111124496906995,0.1523276418447494,138.74879653033088,0.9333633563318308,0.6242889235982134,0.656061949264821,OAS1_0028_MR1_mpr-2_anon,original,none
0.0813101083040237,0.1383320242166519,0.0200864803045988,0.5603018999099731,2.424433946609497,0.1483966708183288,0.0105953738093376,0.1483966708183288,131.79752005782782,0.933189728572538,0.6242905153918021,0.6568586743992957,OAS1_0028_MR1_mpr-2_anon,original,none
0.4392839670181274,0.0850845351815223,0.0072756940498948,5.182124137878418,2.9464242458343506,0.1060856431722641,0.0038435407914221,0.1060856431722641,49.09875584022672,0.9475321699352246,0.511316730232031,0.593956214745731,OAS1_0028_MR1_mpr-2_anon,motion,low
0.4566703140735626,0.0815845355391502,0.0066830441355705,5.616794586181641,2.8739140033721924,0.1038587838411331,0.0034945476800203,0.1038587838411331,47.28355521407782,0.9452254932908432,0.5178119403757786,0.6032159978876437,OAS1_0028_MR1_mpr-2_anon,motion,medium
0.4646961092948913,0.0803282856941223,0.0064876554533839,5.830368518829346,2.879523754119873,0.1119162589311599,0.0034019299782812,0.1119162589311599,50.91664009842218,0.9400253408176952,0.5162342212362825,0.5926907877698815,OAS1_0028_MR1_mpr-2_anon,motion,high
0.0834460109472274,0.1480063796043396,0.0231476202607154,0.5339770317077637,2.363816738128662,0.1519379615783691,0.0119716692715883,0.1519379615783691,166.64524069393383,0.92944906705538,0.6404590495206075,0.6725853580265948,OAS1_0028_MR1_mpr-3_anon,original,none
0.1011920869350433,0.1670578271150589,0.0291501842439174,0.5834977626800537,2.510035753250122,0.1084053218364715,0.0006516650319099,0.1084053218364715,39.62877245136336,0.9870203515081448,0.618836091058435,0.712509477025592,OAS1_0028_MR1_mpr-3_anon,blur,low
0.1234471723437309,0.19063401222229,0.0375508517026901,0.6271662712097168,2.673901081085205,0.0852703750133514,9.57361189648509e-05,0.0852703750133514,17.414218079810052,0.9963265359736652,0.5973996693216337,0.707930059170301,OAS1_0028_MR1_mpr-3_anon,blur,medium
0.1551395058631897,0.2234825044870376,0.051374178379774,0.6727705001831055,2.8931570053100586,0.0715239867568016,1.852607965702191e-05,0.0715239867568016,10.197006644454657,0.9985530716745884,0.5628032852020879,0.6940582823469907,OAS1_0028_MR1_mpr-3_anon,blur,high
0.0850199684500694,0.1468202471733093,0.022780779749155,0.5546947717666626,2.679385185241699,0.1553491055965423,0.0119476579129695,0.1553491055965423,166.1553181966146,0.9288336221503496,0.446226123803873,0.574189884731889,OAS1_0028_MR1_mpr-3_anon,noise,low
0.0865674614906311,0.1456254124641418,0.0224090702831745,0.575710117816925,3.069207191467285,0.1588015556335449,0.0120229162275791,0.1588015556335449,166.07136398016235,0.9271589475999782,0.2336102671143796,0.4374497094346004,OAS1_0028_MR1_mpr-3_anon,noise,medium
0.0895664393901825,0.1431323736906051,0.0216412246227264,0.617940366268158,3.4355392456054688,0.1656843423843383,0.0124654248356819,0.1656843423843383,167.3974054074755,0.9222209538854907,0.1272206173704124,0.310484809952782,OAS1_0028_MR1_mpr-3_anon,noise,high
0.0816915109753608,0.1453502923250198,0.0222831349819898,0.5330947637557983,2.35663104057312,0.1492646932601928,0.0115815000608563,0.1492646932601928,160.60395866842833,0.9293591100068554,0.6404599820134802,0.673085476576059,OAS1_0028_MR1_mpr-3_anon,original,none
0.0799866318702697,0.1427768170833587,0.0214667562395334,0.5321222543716431,2.3494632244110107,0.1466286033391952,0.0112066594883799,0.1466286033391952,154.84473015280332,0.9292899550351,0.6404608626060577,0.6736012810642087,OAS1_0028_MR1_mpr-3_anon,original,none
0.0776412710547447,0.1392836272716522,0.0203873142600059,0.5305365324020386,2.33940863609314,0.142979085445404,0.010703383013606,0.142979085445404,147.1462005016851,0.9292058193875148,0.6404626109555069,0.6743797909233062,OAS1_0028_MR1_mpr-3_anon,original,none
0.443054735660553,0.0840303003787994,0.0070968600921332,5.304737091064453,2.8318450450897217,0.1036151647567749,0.0038514458574354,0.1036151647567749,54.58621874042586,0.9405729962966448,0.5342496594158891,0.6181540180499838,OAS1_0028_MR1_mpr-3_anon,motion,low
0.4543794989585876,0.080559954047203,0.006513622123748,5.673428058624268,2.7632761001586914,0.1005550250411033,0.0034737815149128,0.1005550250411033,51.73869987936581,0.9389994200514562,0.540989487371027,0.6259610100751297,OAS1_0028_MR1_mpr-3_anon,motion,medium
0.4692937731742859,0.0789320170879364,0.0062608420848846,5.987225532531738,2.7625575065612797,0.1077338010072708,0.0033256572205573,0.1077338010072708,53.99864549823836,0.9339606027354964,0.5399099692282298,0.6161740484995619,OAS1_0028_MR1_mpr-3_anon,motion,high
0.0870006382465362,0.1480119973421096,0.023101445287466,0.5580435395240784,2.446609735488892,0.1576125472784042,0.0113917114213109,0.1576125472784042,154.49318129595594,0.9321186251691008,0.6256818871856078,0.6566575369890209,OAS1_0028_MR1_mpr-4_anon,original,none
0.1051117330789566,0.1668820530176162,0.0291015189141035,0.6067586541175842,2.607147216796875,0.1097884625196456,0.0006039635045453,0.1097884625196456,36.69923670151654,0.9876097948879315,0.6027978863069671,0.6933577449095474,OAS1_0028_MR1_mpr-4_anon,blur,low
0.1282220333814621,0.1912623643875122,0.037870492786169,0.6491453647613525,2.770376682281494,0.0854400992393493,8.870796591509134e-05,0.0854400992393493,16.362843232996326,0.9965114057928112,0.581023018775257,0.6945477975800108,OAS1_0028_MR1_mpr-4_anon,blur,medium
0.1610957086086273,0.2249801754951477,0.0522172972559928,0.693418562412262,2.9904727935791016,0.0719864815473556,1.7128819308709353e-05,0.0719864815473556,9.74236390356924,0.9986300529769112,0.5457115966519854,0.6824534637018629,OAS1_0028_MR1_mpr-4_anon,blur,high
0.0887100994586944,0.1469060480594635,0.0227652266621589,0.5796252489089966,2.78643012046814,0.1612560003995895,0.0113924602046608,0.1612560003995895,154.39053021599264,0.9314466241733522,0.4138998757828677,0.5486360158926049,OAS1_0028_MR1_mpr-4_anon,noise,low
0.0903890877962112,0.1457787305116653,0.022416815161705,0.6015520691871643,3.1661593914031982,0.1649211645126342,0.0115152718499302,0.1649211645126342,154.80667353611364,0.9296149027858696,0.2193417872737244,0.4183036751096868,OAS1_0028_MR1_mpr-4_anon,noise,medium
0.0936928689479827,0.143504112958908,0.0217199139297008,0.645681619644165,3.5305428504943848,0.1723585575819015,0.0120887923985719,0.1723585575819015,157.402132879519,0.9241899859585894,0.1185006656894287,0.2937791665247459,OAS1_0028_MR1_mpr-4_anon,noise,high
0.0853334814310073,0.1455446779727935,0.0222968608140945,0.5573726892471313,2.439765453338623,0.1551322191953659,0.0110606048256158,0.1551322191953659,149.5863972981771,0.9319826569166204,0.6256826111887956,0.6570894501437203,OAS1_0028_MR1_mpr-4_anon,original,none
0.0837014466524124,0.1431523561477661,0.021535187959671,0.5565845966339111,2.432889461517334,0.1526688337326049,0.0107406629249453,0.1526688337326049,144.8635105507047,0.9318691945761226,0.6256835587172087,0.657519323655943,OAS1_0028_MR1_mpr-4_anon,original,none
0.0813876539468765,0.1398026198148727,0.020496042445302,0.5552325248718262,2.422949314117432,0.1491321921348571,0.0102952439337968,0.1491321921348571,138.3158437691483,0.9317226290528804,0.6256848471322299,0.6582360651160672,OAS1_0028_MR1_mpr-4_anon,original,none
0.4395275115966797,0.0851783454418182,0.0072937402874231,5.181118965148926,2.905968189239502,0.1058865711092948,0.0036944262683391,0.1058865711092948,51.19281269148284,0.945350390328688,0.5205496493305518,0.6010245390147342,OAS1_0028_MR1_mpr-4_anon,motion,low
0.4556188583374023,0.0820210948586463,0.0067550921812653,5.583321571350098,2.841641902923584,0.1036849021911621,0.0033904123120009,0.1036849021911621,49.680518535539214,0.9433740506062924,0.5262282319794506,0.6090587684894442,OAS1_0028_MR1_mpr-4_anon,motion,medium
0.4657364785671234,0.0806038454174995,0.0065290899947285,5.817178726196289,2.8408963680267334,0.1113835275173187,0.0032574960496276,0.1113835275173187,52.626056506587005,0.9381559358793156,0.5259380703070561,0.5996470894045369,OAS1_0028_MR1_mpr-4_anon,motion,high
0.0874359905719757,0.1369173526763916,0.0197135303169488,0.6048592329025269,2.582433223724365,0.1466657817363739,0.0172529332339763,0.1466657817363739,166.82731311274512,0.9206675650487104,0.5891462443088739,0.624551798953808,OAS1_0029_MR1_mpr-1_anon,original,none
0.1130429729819297,0.1662780344486236,0.0290799587965011,0.6558445692062378,2.719079971313477,0.103200152516365,0.0005019276868551,0.103200152516365,30.99786592371324,0.9891612030689584,0.5664557334353699,0.6854806587650181,OAS1_0029_MR1_mpr-1_anon,blur,low
0.1461872160434723,0.2032206952571869,0.0434116944670677,0.6931962966918945,2.9320340156555176,0.0836246162652969,8.25537572382018e-05,0.0836246162652969,15.818324070350798,0.9969082138962796,0.5437080243949772,0.6835594875984549,OAS1_0029_MR1_mpr-1_anon,blur,medium
0.181559145450592,0.2408646643161773,0.0602790489792823,0.7298804521560669,3.187343120574951,0.0679781585931778,1.4540836673404556e-05,0.0679781585931778,8.601863846124388,0.9989180699228352,0.508229602272052,0.6695025007636419,OAS1_0029_MR1_mpr-1_anon,blur,high
0.0890127122402191,0.1357874274253845,0.0193924643099308,0.625826895236969,2.89304518699646,0.1500733792781829,0.0172324795275926,0.1500733792781829,166.58676578297334,0.9200905532615992,0.3884384914608937,0.522495071009085,OAS1_0029_MR1_mpr-1_anon,noise,low
0.0905788093805313,0.1346299946308136,0.0190651565790176,0.6471927165985107,3.233617782592773,0.1535097360610962,0.0173170268535614,0.1535097360610962,166.83448737649354,0.9183735624562208,0.2065424523186573,0.4001617867202832,OAS1_0029_MR1_mpr-1_anon,noise,medium
0.0937873721122741,0.1324348300695419,0.0184478871524333,0.6908045411109924,3.553045749664306,0.1607709527015686,0.0178443491458892,0.1607709527015686,169.56282599954045,0.9134868185406396,0.1120780404757559,0.2829560167774621,OAS1_0029_MR1_mpr-1_anon,noise,high
0.0879337340593338,0.1374092549085617,0.0198577493429183,0.6057231426239014,2.585479736328125,0.1480301916599273,0.0175981204956769,0.1480301916599273,169.6490246342678,0.920173401202416,0.5891403821368992,0.6241365032114388,OAS1_0029_MR1_mpr-1_anon,original,none
0.0882992893457412,0.1377540677785873,0.0199638456106185,0.606353223323822,2.587787628173828,0.1491539627313614,0.0179041847586631,0.1491539627313614,172.1133975758272,0.91971399817237,0.5891368131958375,0.6237843776342851,OAS1_0029_MR1_mpr-1_anon,original,none
0.0881933718919754,0.1374530494213104,0.0198746025562286,0.6069287061691284,2.5885162353515625,0.1497101783752441,0.0181060992181301,0.1497101783752441,173.3824544270834,0.91907639695743,0.5891323092617788,0.6235794099805545,OAS1_0029_MR1_mpr-1_anon,original,none
0.4098805785179138,0.0852145627140998,0.0073207775130867,4.818923473358154,3.0984702110290527,0.1048953533172607,0.0063870130106806,0.1048953533172607,62.83340537875307,0.9314533648508806,0.4661249040374747,0.5607003613755921,OAS1_0029_MR1_mpr-1_anon,motion,low
0.4574344158172607,0.078817218542099,0.0062594469636678,5.846096992492676,3.0464959144592285,0.1021269112825393,0.0055028963834047,0.1021269112825393,56.95290910309436,0.9289702094269224,0.4664775078476916,0.5637493235261283,OAS1_0029_MR1_mpr-1_anon,motion,medium
0.4596409797668457,0.0792532041668891,0.0063263671472668,5.852738380432129,3.0490286350250244,0.1126635372638702,0.0055592646822333,0.1126635372638702,63.10005098230698,0.9226252447324786,0.4652924108525748,0.5555453147439252,OAS1_0029_MR1_mpr-1_anon,motion,high
0.0864857733249664,0.13588947057724,0.0194094218313694,0.6031899452209473,2.565121650695801,0.1456608921289444,0.0175216980278491,0.1456608921289444,166.14693579580273,0.9202533326172412,0.5919565685306227,0.6270792288542161,OAS1_0029_MR1_mpr-2_anon,original,none
0.1126673221588134,0.1663641482591629,0.0290805473923683,0.6543825268745422,2.704674243927002,0.1030539274215698,0.0005030053434893,0.1030539274215698,30.79292279411765,0.9894283691956016,0.5694004974099881,0.6866408706546708,OAS1_0029_MR1_mpr-2_anon,blur,low
0.146451324224472,0.2041599005460739,0.0438470989465713,0.6913140416145325,2.917530059814453,0.0836692452430725,8.302414789795876e-05,0.0836692452430725,15.842140826056983,0.9969990552874886,0.546795966968156,0.6846671783356357,OAS1_0029_MR1_mpr-2_anon,blur,medium
0.181068480014801,0.2408080846071243,0.0603150278329849,0.727759599685669,3.1694793701171875,0.0676578283309936,1.4433489923249e-05,0.0676578283309936,8.549222579656863,0.9989286847463656,0.5114643500638152,0.6714780882128302,OAS1_0029_MR1_mpr-2_anon,blur,high
0.0880416110157966,0.1347623169422149,0.0190899968147277,0.6239767074584961,2.871087074279785,0.1490185409784317,0.017493549734354,0.1490185409784317,165.86300359987743,0.9197131596312126,0.3947803104583097,0.5269406665280846,OAS1_0029_MR1_mpr-2_anon,noise,low
0.089569553732872,0.1335782408714294,0.0187565423548221,0.6451880931854248,3.21463680267334,0.1523878574371338,0.017561899498105,0.1523878574371338,165.9786604339001,0.9180314874101908,0.2093384415747153,0.4034492801793053,OAS1_0029_MR1_mpr-2_anon,noise,medium
0.0928435921669006,0.1315562725067138,0.0181904546916484,0.6884715557098389,3.5380067825317383,0.159737080335617,0.0181077532470226,0.159737080335617,168.96086976294424,0.9132146984244413,0.1135318074276528,0.2853094891354011,OAS1_0029_MR1_mpr-2_anon,noise,high
0.0871018171310424,0.1365544199943542,0.0196083504706621,0.6040325164794922,2.568634271621704,0.1472230702638626,0.0179294720292091,0.1472230702638626,169.48267415364586,0.9197440453051252,0.5919514230540502,0.6265879210520755,OAS1_0029_MR1_mpr-2_anon,original,none
0.0875118747353553,0.1369600594043731,0.0197328440845012,0.6046411395072937,2.5711255073547363,0.1484192609786987,0.0182665772736072,0.1484192609786987,172.1510735006894,0.9192681127836952,0.5919480327434601,0.6262830426041905,OAS1_0029_MR1_mpr-2_anon,original,none
0.0875103250145912,0.1367929875850677,0.0196875594556331,0.6051846742630005,2.5722036361694336,0.1491589695215225,0.0185350514948368,0.1491589695215225,173.9221416398591,0.918613328976383,0.5919452487708645,0.6260167343061742,OAS1_0029_MR1_mpr-2_anon,original,none
0.407696783542633,0.0843028575181961,0.0071655781939625,4.839966773986816,3.0912628173828125,0.1040471792221069,0.0064552938565611,0.1040471792221069,62.29642956303616,0.930406686917872,0.4659498809705644,0.5613354903349947,OAS1_0029_MR1_mpr-2_anon,motion,low
0.4622430205345154,0.0777320489287376,0.0060907658189535,5.993584632873535,3.039706230163574,0.1011045053601265,0.0055503789335489,0.1011045053601265,56.329904593673405,0.9278240213681876,0.4654043708147454,0.5648135297497381,OAS1_0029_MR1_mpr-2_anon,motion,medium
0.4555903375148773,0.0788462460041046,0.0062604425475001,5.833632469177246,3.049377918243408,0.1124538034200668,0.0056947246193885,0.1124538034200668,63.311818799785534,0.9216239942259046,0.4642080280575245,0.5551632527470814,OAS1_0029_MR1_mpr-2_anon,motion,high
0.0864425301551818,0.1360517740249633,0.0194506961852312,0.6022355556488037,2.5593419075012207,0.1452976018190384,0.0174210872501134,0.1452976018190384,165.77841629327514,0.919664614810228,0.5934737096314087,0.6284982366991817,OAS1_0029_MR1_mpr-3_anon,original,none
0.1131523102521896,0.167094349861145,0.0293323658406734,0.6533936262130737,2.703918933868408,0.1036468148231506,0.0005081446142867,0.1036468148231506,31.353330844056373,0.989298170596222,0.5706957304399431,0.6866494013668814,OAS1_0029_MR1_mpr-3_anon,blur,low
0.1455792486667633,0.2031505852937698,0.0434522107243537,0.6903210878372192,2.911834239959717,0.0836183279752731,8.265448559541255e-05,0.0836183279752731,15.893448534198836,0.9969281848891214,0.5480769588936658,0.6846122652129125,OAS1_0029_MR1_mpr-3_anon,blur,medium
0.1794573366641998,0.2388727366924286,0.0593502856791019,0.7267923951148987,3.160440683364868,0.0674741268157959,1.4379733329406008e-05,0.0674741268157959,8.538683004940257,0.9989109254442874,0.5129038641515044,0.6712856747916744,OAS1_0029_MR1_mpr-3_anon,blur,high
0.0880017578601837,0.1349000632762909,0.0191260147839784,0.6233874559402466,2.86788272857666,0.1486789435148239,0.0173905100673437,0.1486789435148239,165.4778662588082,0.919087442717434,0.3946079354759028,0.527416901063225,OAS1_0029_MR1_mpr-3_anon,noise,low
0.0896140560507774,0.1338522136211395,0.0188293661922216,0.6449543833732605,3.213230609893799,0.1521936655044555,0.0174882281571626,0.1521936655044555,165.84967256433822,0.917355970964112,0.2092201370996092,0.4034597201891624,OAS1_0029_MR1_mpr-3_anon,noise,medium
0.0929473042488098,0.1318772435188293,0.0182714648544788,0.688861608505249,3.538651466369629,0.1596751511096954,0.0180586799979209,0.1596751511096954,169.0092634612439,0.912421661028426,0.1133309454161273,0.2850574042851486,OAS1_0029_MR1_mpr-3_anon,noise,high
0.0870517715811729,0.1367378234863281,0.0196505952626466,0.6030675172805786,2.5628662109375,0.1468498408794403,0.0178212132304906,0.1468498408794403,169.0430130304075,0.9191666343529804,0.59346779514841,0.6280273980632542,OAS1_0029_MR1_mpr-3_anon,original,none
0.0874782428145408,0.1371996104717254,0.0197897665202617,0.603665828704834,2.565402030944824,0.1480614840984344,0.0181568302214145,0.1480614840984344,171.7117319144455,0.9186941077298008,0.5934644824869868,0.627698396040795,OAS1_0029_MR1_mpr-3_anon,original,none
0.0876015350222587,0.1372568905353546,0.0198091678321361,0.6041945815086365,2.56706166267395,0.1489834189414978,0.0184595920145511,0.1489834189414978,173.8359662224265,0.9180544454645252,0.5934594995164169,0.6273922718380044,OAS1_0029_MR1_mpr-3_anon,original,none
0.408718854188919,0.0849782824516296,0.0072902282699942,4.8145246505737305,3.082620620727539,0.1043722778558731,0.0065111401490867,0.1043722778558731,63.028100825291055,0.9305662292856512,0.4689421992817787,0.5632267979100483,OAS1_0029_MR1_mpr-3_anon,motion,low
0.4587008059024811,0.0783580914139747,0.0061889323405921,5.899008274078369,3.0297646522521973,0.1015767604112625,0.0055900597944855,0.1015767604112625,56.9105349073223,0.9280885161705624,0.4695327043708274,0.5665753432226022,OAS1_0029_MR1_mpr-3_anon,motion,medium
0.4625828862190246,0.0794627517461776,0.0063581615686416,5.877090930938721,3.0373730659484863,0.1130959764122963,0.0057545024901628,0.1130959764122963,64.15597641888787,0.9218366896253384,0.4685923892976242,0.5571395336867414,OAS1_0029_MR1_mpr-3_anon,motion,high
0.0863129943609237,0.1354675143957138,0.0192915014922618,0.6036770343780518,2.5578410625457764,0.1452864110469818,0.0169726777821779,0.1452864110469818,164.94727232689957,0.9203412347716924,0.5935395807391683,0.6283370516580071,OAS1_0029_MR1_mpr-4_anon,original,none
0.1126839816570282,0.1659578680992126,0.0289857573807239,0.6547607779502869,2.700162887573242,0.1032395809888839,0.0005035066278651,0.1032395809888839,31.153658279718137,0.9891787196873512,0.570859813409317,0.6870804384878364,OAS1_0029_MR1_mpr-4_anon,blur,low
0.1465258151292801,0.2034990489482879,0.0436857677996158,0.691839337348938,2.913051128387451,0.0841235071420669,8.378829807043076e-05,0.0841235071420669,16.085387585209865,0.996902892864968,0.5479916244256585,0.6842806142380224,OAS1_0029_MR1_mpr-4_anon,blur,medium
0.1805488020181656,0.2393060624599456,0.0596531704068183,0.7285294532775879,3.161808013916016,0.0678981393575668,1.4575847671949305e-05,0.0678981393575668,8.64844109030331,0.9988996745684916,0.5125423986839974,0.6706329342926488,OAS1_0029_MR1_mpr-4_anon,blur,high
0.0878741592168808,0.1343051195144653,0.018965320661664,0.6250516772270203,2.86697769165039,0.1486657708883285,0.0169438626617193,0.1486657708883285,164.6221275179994,0.9197443669630088,0.3952676699806741,0.5272989853099866,OAS1_0029_MR1_mpr-4_anon,noise,low
0.0895229503512382,0.1332705318927765,0.0186762288212776,0.6467640399932861,3.2130298614501958,0.1522808074951172,0.0170597154647111,0.1522808074951172,165.18364209941788,0.9179691760646402,0.2093053028693229,0.4031822646542635,OAS1_0029_MR1_mpr-4_anon,noise,medium
0.0928152427077293,0.131226897239685,0.0181028060615062,0.6911762356758118,3.5389564037323,0.1596717834472656,0.0176112223416566,0.1596717834472656,168.09443814146752,0.9128197498844044,0.1133827239401153,0.2849444082478897,OAS1_0029_MR1_mpr-4_anon,noise,high
0.0869846194982528,0.1362272202968597,0.0195167772471904,0.6045193672180176,2.561575412750244,0.1469232439994812,0.0173800978809595,0.1469232439994812,168.38494514016548,0.9198615532238176,0.5935336520801356,0.6278966094649863,OAS1_0029_MR1_mpr-4_anon,original,none
0.0874738544225692,0.1367706060409546,0.0196798294782638,0.6051253080368042,2.564427614212036,0.1482381224632263,0.0177265033125877,0.1482381224632263,171.24847053079046,0.9194009399176084,0.5935306449859428,0.6275287535708439,OAS1_0029_MR1_mpr-4_anon,original,none
0.0875734761357307,0.1367701590061187,0.0196813382208347,0.6056616902351379,2.5660476684570312,0.1491105407476425,0.0180001780390739,0.1491105407476425,173.19037918390012,0.9187779119794772,0.5935267442925973,0.6272452251097785,OAS1_0029_MR1_mpr-4_anon,original,none
0.4101593196392059,0.0844185054302215,0.0071924440562725,4.864010810852051,3.083426713943481,0.1041310280561447,0.0063036973588168,0.1041310280561447,62.2658114564185,0.9306862005801296,0.4682980226599844,0.5625219841866931,OAS1_0029_MR1_mpr-4_anon,motion,low
0.459032654762268,0.0782394111156463,0.0061799474060535,5.919306755065918,3.0325145721435547,0.1016070395708084,0.0054426388815045,0.1016070395708084,56.57735954733456,0.9282812645223112,0.4689944166615983,0.565580880747334,OAS1_0029_MR1_mpr-4_anon,motion,medium
0.461582601070404,0.0790862217545509,0.0063000712543725,5.883821487426758,3.0415701866149902,0.1127153486013412,0.0055589936673641,0.1127153486013412,63.32664699180454,0.9219030269285328,0.4670168585032924,0.5561783737613443,OAS1_0029_MR1_mpr-4_anon,motion,high
0.0797554776072502,0.1529600024223327,0.0241850093007087,0.5025410056114197,2.2641751766204834,0.1444613337516784,0.011352315545082,0.1444613337516784,152.37601031135114,0.941857448075942,0.6596891822941628,0.692808740852991,OAS1_0030_MR1_mpr-1_anon,original,none
0.0987464636564254,0.1759568154811859,0.0317951440811157,0.5433077812194824,2.4208033084869385,0.1148684322834014,0.0005945961456745,0.1148684322834014,46.15604918236826,0.9879780604294012,0.6392648171520676,0.7252141253485243,OAS1_0030_MR1_mpr-1_anon,blur,low
0.11650250852108,0.1928489804267883,0.0378887802362442,0.5890946388244629,2.5690722465515137,0.0920096859335899,0.0001179808532469,0.0920096859335899,23.38981000114889,0.9953548500297044,0.6187584903224231,0.7229402506369157,OAS1_0030_MR1_mpr-1_anon,blur,medium
0.147044226527214,0.2225069999694824,0.050263412296772,0.6462036967277527,2.781083106994629,0.0764652788639068,2.690288420126308e-05,0.0764652788639068,12.916127642463236,0.9981038059398136,0.5845927085036318,0.7074319392487867,OAS1_0030_MR1_mpr-1_anon,blur,high
0.0814718604087829,0.1521061211824417,0.0239192955195903,0.520659327507019,2.560973882675171,0.1481418311595916,0.0113628972321748,0.1481418311595916,152.48248087565105,0.9414423955257272,0.4812781735289639,0.6022054868426056,OAS1_0030_MR1_mpr-1_anon,noise,low
0.0831931307911872,0.1512443423271179,0.0236534681171178,0.5390034317970276,2.965462684631348,0.1518850028514862,0.0114763667806983,0.1518850028514862,153.075371835746,0.9401997288719304,0.2488570843725926,0.4578111425684601,OAS1_0030_MR1_mpr-1_anon,noise,medium
0.0866925939917564,0.1496796160936355,0.0231637936085462,0.576061487197876,3.343810558319092,0.1596672236919403,0.0120012760162353,0.1596672236919403,155.9842774634268,0.9364017100853844,0.1358166896202945,0.3261429973621034,OAS1_0030_MR1_mpr-1_anon,noise,high
0.0795935839414596,0.1530122458934784,0.0242114104330539,0.5007165670394897,2.263749837875366,0.1444554477930069,0.0113559253513813,0.1444554477930069,152.36662525850187,0.94200525277603,0.6596887678309624,0.6927903220862014,OAS1_0030_MR1_mpr-1_anon,original,none
0.0789066404104232,0.1522163450717926,0.0239634588360786,0.4988723397254944,2.2610671520233154,0.1434918493032455,0.0112171974033117,0.1434918493032455,150.3966423483456,0.9421509855753308,0.6596888301986379,0.692973909973902,OAS1_0030_MR1_mpr-1_anon,original,none
0.0771429240703582,0.1498721241950988,0.0232116617262363,0.4961011409759521,2.253881454467773,0.1406858265399933,0.0108109451830387,0.1406858265399933,144.6622465245864,0.9423653581959536,0.6596899074059561,0.6935790550168581,OAS1_0030_MR1_mpr-1_anon,original,none
0.4521767497062683,0.0865800827741622,0.0075551583431661,5.26888370513916,2.769706010818481,0.0987728685140609,0.0036394556518644,0.0987728685140609,49.21479707605698,0.9482539972997628,0.5458191911345126,0.6373492866048334,OAS1_0030_MR1_mpr-1_anon,motion,low
0.4675048589706421,0.082913652062416,0.0069137183018028,5.694706439971924,2.728407621383667,0.0979701653122901,0.0033492813818156,0.0979701653122901,47.939768114276966,0.946510635718976,0.5481546208485494,0.6369867174189543,OAS1_0030_MR1_mpr-1_anon,motion,medium
0.4702958464622497,0.083244688808918,0.0069657019339501,5.689597129821777,2.732546806335449,0.1065962165594101,0.0033503628801554,0.1065962165594101,52.91857431449142,0.9408721928787872,0.5476950164798835,0.6280291886446385,OAS1_0030_MR1_mpr-1_anon,motion,high
0.0796357095241546,0.1529217064380645,0.0241670981049537,0.502160370349884,2.2668137550354004,0.1446667313575744,0.0113489935174584,0.1446667313575744,152.10594602098655,0.9420343895472436,0.6590127559655196,0.6923243785726991,OAS1_0030_MR1_mpr-2_anon,original,none
0.0991531386971473,0.1766357123851776,0.0320703387260437,0.5430686473846436,2.425512313842773,0.1156880855560302,0.0006048213690519,0.1156880855560302,46.77405957988665,0.9878295000209134,0.6385125375807383,0.7245590395908061,OAS1_0030_MR1_mpr-2_anon,blur,low
0.1166237220168113,0.1929522454738617,0.0379360392689704,0.589099645614624,2.5736007690429688,0.0924279689788818,0.0001192343479488,0.0924279689788818,23.586143104702817,0.99533141422598,0.6179818215696371,0.7222311756860186,OAS1_0030_MR1_mpr-2_anon,blur,medium
0.1465321779251098,0.221707746386528,0.0498897694051265,0.6465413570404053,2.783696413040161,0.076499156653881,2.6824052838492207e-05,0.076499156653881,12.916721717984068,0.998088559858413,0.5838367739751168,0.7072228764631061,OAS1_0030_MR1_mpr-2_anon,blur,high
0.0813604146242141,0.1520881801843643,0.0239080004394054,0.5202286243438721,2.562647819519043,0.1483596563339233,0.0113631002604961,0.1483596563339233,152.26238534964767,0.9416337013006044,0.4813224062923078,0.6020486765562854,OAS1_0030_MR1_mpr-2_anon,noise,low
0.083088181912899,0.1512744724750518,0.0236537829041481,0.5385096073150635,2.967020273208618,0.1521201133728027,0.0114763965830206,0.1521201133728027,152.8326285567938,0.940431890301592,0.2487360339805106,0.4577497250611089,OAS1_0030_MR1_mpr-2_anon,noise,medium
0.0864514261484146,0.1494806110858917,0.0230971183627843,0.5753210186958313,3.3427467346191406,0.1596458256244659,0.0119704119861125,0.1596458256244659,155.3489584530101,0.9366084337574784,0.1359810815578902,0.3265028820081157,OAS1_0030_MR1_mpr-2_anon,noise,high
0.0794418901205062,0.1529279351234436,0.0241776369512081,0.5003256797790527,2.26623797416687,0.1446007490158081,0.0113415624946355,0.1446007490158081,151.9588718788297,0.9421892243708232,0.6590122230844868,0.6923024771397843,OAS1_0030_MR1_mpr-2_anon,original,none
0.0787975564599037,0.1522046476602554,0.0239554066210985,0.4984725713729858,2.263688802719116,0.1437124609947204,0.0112148728221654,0.1437124609947204,150.1679438572304,0.9423397913304796,0.6590122612108555,0.6924974572603674,OAS1_0030_MR1_mpr-2_anon,original,none
0.0769011452794075,0.1496399044990539,0.0231313351541757,0.4956905841827392,2.255867958068848,0.1406473517417907,0.0107697676867246,0.1406473517417907,143.9203065161612,0.9425545946741336,0.6590136026515072,0.693167760124857,OAS1_0030_MR1_mpr-2_anon,original,none
0.452784776687622,0.0866418033838272,0.007566587999463,5.269408226013184,2.768144130706787,0.0989226847887039,0.0036405301652848,0.0989226847887039,49.1744873046875,0.9483793176549102,0.546198432024319,0.6372930985889748,OAS1_0030_MR1_mpr-2_anon,motion,low
0.4678820669651031,0.0827149748802185,0.006882082670927,5.716163635253906,2.7274608612060547,0.0978228151798248,0.0033323136158287,0.0978228151798248,47.59606789981618,0.9466342473033208,0.548191806387271,0.6370750881145922,OAS1_0030_MR1_mpr-2_anon,motion,medium
0.4728493690490722,0.0833136737346649,0.0069776615127921,5.712125778198242,2.734475612640381,0.106796309351921,0.0033569769002497,0.106796309351921,52.891925168504905,0.9409854647115212,0.547307682716544,0.6275358111894525,OAS1_0030_MR1_mpr-2_anon,motion,high
0.0805271416902542,0.1538941264152526,0.0244769435375928,0.5040265917778015,2.2711660861968994,0.1453079581260681,0.0114597156643867,0.1453079581260681,153.7070484834559,0.942598228930764,0.6587934131122941,0.6918855325692512,OAS1_0030_MR1_mpr-3_anon,original,none
0.1001226007938385,0.1777359843254089,0.032499261200428,0.5446581840515137,2.428447961807251,0.1160343289375305,0.0006052332464605,0.1160343289375305,46.92099944469976,0.9879542493808624,0.638298222039811,0.7242947976576822,OAS1_0030_MR1_mpr-3_anon,blur,low
0.1176558434963226,0.1941486895084381,0.0384185835719108,0.5904208421707153,2.576660633087158,0.092691570520401,0.0001194597061839,0.092691570520401,23.62918701171875,0.9953731326416082,0.6177430401630521,0.7219115648779229,OAS1_0030_MR1_mpr-3_anon,blur,medium
0.1480895280838012,0.2234771847724914,0.0507530197501182,0.6474283933639526,2.7876014709472656,0.0768755599856376,2.7052712539443743e-05,0.0768755599856376,13.006564271216298,0.9981102192323372,0.5835371340079791,0.7068876198053786,OAS1_0030_MR1_mpr-3_anon,blur,high
0.0822621285915374,0.1530565768480301,0.0242148116230964,0.5220001935958862,2.5713820457458496,0.1490302234888076,0.0114759840071201,0.1490302234888076,153.88033183976717,0.9422108690413412,0.4772904975627597,0.599753616374305,OAS1_0030_MR1_mpr-3_anon,noise,low
0.0840137153863906,0.1522476077079773,0.0239623412489891,0.540207028388977,2.9755866527557373,0.1528267115354538,0.011590520851314,0.1528267115354538,154.50496299594056,0.9410524507868618,0.247086857324761,0.4560222326167737,OAS1_0030_MR1_mpr-3_anon,noise,medium
0.0874500349164009,0.150498479604721,0.0234149321913719,0.5769311189651489,3.3514657020568848,0.1604878008365631,0.0121035762131214,0.1604878008365631,157.20296523150276,0.9373381408389015,0.1348821163085037,0.3248057370815514,OAS1_0030_MR1_mpr-3_anon,noise,high
0.0803377628326416,0.1539161801338195,0.0244931727647781,0.502220630645752,2.2706375122070312,0.1452506184577942,0.0114543717354536,0.1452506184577942,153.56644813687194,0.942747743619861,0.6587927599359722,0.6918821337999927,OAS1_0030_MR1_mpr-3_anon,original,none
0.0797554925084114,0.1533211916685104,0.0243108216673135,0.500391960144043,2.268440961837769,0.1444757729768753,0.0113457143306732,0.1444757729768753,152.0081755993413,0.9428876072031004,0.6587924892520589,0.692011206627151,OAS1_0030_MR1_mpr-3_anon,original,none
0.0779415071010589,0.1509122997522354,0.0235319547355175,0.4976401329040527,2.261114835739136,0.1415952742099762,0.0109237823635339,0.1415952742099762,146.07480923521757,0.9431002773483608,0.6587937143532927,0.6926437952920885,OAS1_0030_MR1_mpr-3_anon,original,none
0.4523490071296692,0.0869221836328506,0.0076140370219945,5.246049404144287,2.7701258659362797,0.0989341959357261,0.0036585933994501,0.0989341959357261,49.39547502106312,0.9484229109885848,0.5462125709397108,0.6372482644889053,OAS1_0030_MR1_mpr-3_anon,motion,low
0.4680614471435547,0.0832679569721221,0.0069730021059513,5.678946971893311,2.730459928512573,0.0983046665787696,0.0033687972463667,0.0983046665787696,48.18174570121017,0.946692482254615,0.5483500687261735,0.6367549798050831,OAS1_0030_MR1_mpr-3_anon,motion,medium
0.4726333022117615,0.0835452824831008,0.0070157181471586,5.695613861083984,2.735361099243164,0.1069147586822509,0.0033711059950292,0.1069147586822509,53.21450099571079,0.9410242237476704,0.547396086233233,0.6275794824573109,OAS1_0030_MR1_mpr-3_anon,motion,high
0.0803518295288086,0.1532809883356094,0.0242914445698261,0.5052173137664795,2.2746291160583496,0.1444565653800964,0.0110861277207732,0.1444565653800964,150.57226371017163,0.9422096632618888,0.6579140207592644,0.6909650297344538,OAS1_0030_MR1_mpr-4_anon,original,none
0.1000803709030151,0.177429974079132,0.0323560088872909,0.5458707809448242,2.434842586517334,0.1159440875053405,0.0005989032797515,0.1159440875053405,46.68953259037991,0.987943016545206,0.6372748256634995,0.7231697694042266,OAS1_0030_MR1_mpr-4_anon,blur,low
0.1178887113928794,0.1941577494144439,0.0384199321269989,0.5917831659317017,2.583228349685669,0.0929975062608718,0.0001195323275169,0.0929975062608718,23.7268097522212,0.9953615475288912,0.6166639497300574,0.7206987987723814,OAS1_0030_MR1_mpr-4_anon,blur,medium
0.1477434635162353,0.2226760983467102,0.050337865948677,0.649146318435669,2.792591094970703,0.0768822953104972,2.683449929463677e-05,0.0768822953104972,12.970065008425248,0.9980970437927666,0.5823634853882265,0.7060929713092423,OAS1_0030_MR1_mpr-4_anon,blur,high
0.0820880383253097,0.1524661034345626,0.0240365974605083,0.523312509059906,2.5739316940307617,0.1481693983078003,0.0111032035201787,0.1481693983078003,150.74829017788755,0.9418050537435124,0.4769406531616657,0.5992615759836111,OAS1_0030_MR1_mpr-4_anon,noise,low
0.0838543623685836,0.1516758799552917,0.0237899981439113,0.5416309833526611,2.9771227836608887,0.1520080417394638,0.0112279076129198,0.1520080417394638,151.48299345128677,0.9406331352367382,0.2471428807329642,0.4560248869196701,OAS1_0030_MR1_mpr-4_anon,noise,medium
0.087337777018547,0.1500521004199981,0.023281492292881,0.5785219669342041,3.354581356048584,0.1597457528114318,0.011755933985114,0.1597457528114318,154.3931178672641,0.93688084497304,0.1347224621121811,0.3243250555948094,OAS1_0030_MR1_mpr-4_anon,noise,high
0.0801926106214523,0.1533507704734802,0.0243205875158309,0.5033769607543945,2.274275064468384,0.1444750875234604,0.0110950050875544,0.1444750875234604,150.5927195829504,0.942353697088544,0.6579135685383964,0.6909330212846383,OAS1_0030_MR1_mpr-4_anon,original,none
0.079534038901329,0.1526261866092682,0.0240918882191181,0.501516580581665,2.2717599868774414,0.1435919255018234,0.0109739191830158,0.1435919255018234,148.79851289636952,0.9425001904772417,0.6579135870710893,0.6911017781470397,OAS1_0030_MR1_mpr-4_anon,original,none
0.077696681022644,0.1501583904027938,0.0232989564538002,0.4987213015556335,2.2642762660980225,0.1406739354133606,0.0105632469058036,0.1406739354133606,142.90411448759193,0.9427105004523382,0.6579148294710343,0.6917293249016041,OAS1_0030_MR1_mpr-4_anon,original,none
0.4522808790206909,0.0870474055409431,0.0076379710808396,5.238611698150635,2.781633853912353,0.0988644510507583,0.0035714064724743,0.0988644510507583,48.88554232728248,0.9491461798116922,0.5439729151353471,0.6354204550210245,OAS1_0030_MR1_mpr-4_anon,motion,low
0.4654783606529236,0.0833549797534942,0.0069857030175626,5.638456344604492,2.7448744773864746,0.0981158837676048,0.0032802205532789,0.0981158837676048,47.591640337775736,0.9474164007036014,0.5451800580979194,0.6346858550833692,OAS1_0030_MR1_mpr-4_anon,motion,medium
0.4712090194225311,0.0834601148962974,0.0069999736733734,5.684627532958984,2.740734100341797,0.1066297590732574,0.0032746393699198,0.1066297590732574,52.451409553079046,0.9417368199355408,0.5464171368742575,0.6261763005812129,OAS1_0030_MR1_mpr-4_anon,motion,high
0.0637243241071701,0.1250149309635162,0.0162408147007226,0.4854243993759155,2.1218678951263428,0.1296655833721161,0.0108862966299057,0.1296655833721161,151.95101222617956,0.9210111572299184,0.6763805856144972,0.7075792153230901,OAS1_0031_MR1_mpr-1_anon,original,none
0.0874870419502258,0.1557286083698272,0.0254201814532279,0.5329703092575073,2.300175189971924,0.1046717464923858,0.0006616679020226,0.1046717464923858,43.9843718884038,0.9860478154870916,0.6561783916886625,0.7404434795611479,OAS1_0031_MR1_mpr-1_anon,blur,low
0.1070397496223449,0.1779016107320785,0.0329393669962883,0.5757660269737244,2.4537458419799805,0.0827999264001846,0.0001052313600666,0.0827999264001846,19.053530464920343,0.9956516319266272,0.6356862418759527,0.7362728431647617,OAS1_0031_MR1_mpr-1_anon,blur,medium
0.1286900490522384,0.2009146958589553,0.041308008134365,0.6224334239959717,2.646500825881958,0.0644822865724563,1.8132152035832405e-05,0.0644822865724563,8.92204948874081,0.9983846794448262,0.6025595165526603,0.7247324094620018,OAS1_0031_MR1_mpr-1_anon,blur,high
0.0651066303253173,0.1243529617786407,0.0160711985081434,0.5016629695892334,2.267849922180176,0.1326314955949783,0.0108904130756855,0.1326314955949783,152.00512671377146,0.9207810565014596,0.6018915440093966,0.6701638026101818,OAS1_0031_MR1_mpr-1_anon,noise,low
0.06654704362154,0.1237783581018447,0.0159272253513336,0.5180743932723999,2.7054972648620605,0.1357560753822326,0.010973303578794,0.1357560753822326,152.67938005035998,0.919694850527971,0.3076229526170625,0.5104314569659897,OAS1_0031_MR1_mpr-1_anon,noise,medium
0.0692722052335739,0.1224164962768554,0.0155795998871326,0.5512628555297852,3.095842838287353,0.1417775005102157,0.0112600848078727,0.1417775005102157,154.0839935901118,0.9166132409050098,0.1732422375382365,0.3793127384798704,OAS1_0031_MR1_mpr-1_anon,noise,high
0.0637597888708114,0.1254078447818756,0.0163413099944591,0.4843499064445495,2.121947765350342,0.1299526095390319,0.0109194610267877,0.1299526095390319,152.0639550302543,0.921314469875383,0.6763801960670596,0.7074973559424869,OAS1_0031_MR1_mpr-1_anon,original,none
0.0633719339966774,0.125099316239357,0.016249306499958,0.4831533133983612,2.1199755668640137,0.1293724477291107,0.0108151519671082,0.1293724477291107,150.2198627546722,0.9216147712227528,0.6763805346172505,0.7076246129070044,OAS1_0031_MR1_mpr-1_anon,original,none
0.0619554072618484,0.1231710091233253,0.0157161299139261,0.4811940193176269,2.113003730773926,0.1267891973257064,0.0103926509618759,0.1267891973257064,143.66728395948223,0.9220668031721212,0.6763821326239705,0.708243196827572,OAS1_0031_MR1_mpr-1_anon,original,none
0.420924425125122,0.0755755603313446,0.0057339062914252,5.594712257385254,2.6413087844848637,0.0950229540467262,0.0040511633269488,0.0950229540467262,57.68671396292892,0.9223650664261874,0.5613796020617262,0.6459688708541464,OAS1_0031_MR1_mpr-1_anon,motion,low
0.4633783102035522,0.0702386945486068,0.0049655572511255,6.671128273010254,2.5729727745056152,0.089803509414196,0.0035260252188891,0.089803509414196,51.49680247587317,0.9206892179638932,0.568931441484681,0.6543728054828483,OAS1_0031_MR1_mpr-1_anon,motion,medium
0.4510589838027954,0.0702361688017845,0.0049669612199068,6.489445686340332,2.5661816596984863,0.0959066152572631,0.0034846058115363,0.0959066152572631,54.448162961473656,0.9164151772035538,0.5688751768934626,0.6478992529112273,OAS1_0031_MR1_mpr-1_anon,motion,high
0.064084418118,0.1254501342773437,0.0163746103644371,0.4860533475875854,2.128974437713623,0.1299168169498443,0.0107432175427675,0.1299168169498443,150.29810216567097,0.9203754575677144,0.6754341594246166,0.7067808109942457,OAS1_0031_MR1_mpr-2_anon,original,none
0.0875846147537231,0.1557597666978836,0.0254450812935829,0.5335631370544434,2.306448459625244,0.1047184690833091,0.0006679104408249,0.1047184690833091,44.10801236021753,0.9856955402920192,0.6551143657842079,0.7401261085464147,OAS1_0031_MR1_mpr-2_anon,blur,low
0.1089525371789932,0.1804860979318618,0.0339748263359069,0.5763962864875793,2.466001510620117,0.0841291844844818,0.0001105138508137,0.0841291844844818,19.82770134420956,0.9956206989755754,0.6345754409441072,0.7351109355071267,OAS1_0031_MR1_mpr-2_anon,blur,medium
0.1309287250041961,0.203860193490982,0.042570661753416,0.6227409243583679,2.659255266189575,0.0655484348535537,1.8848731997422877e-05,0.0655484348535537,9.28999143114277,0.9983771283827768,0.6014679778058065,0.7230745647518819,OAS1_0031_MR1_mpr-2_anon,blur,high
0.0654766336083412,0.1247880682349205,0.0162050016224384,0.5024729371070862,2.278397560119629,0.1329018622636795,0.0107484003528952,0.1329018622636795,150.37041817459408,0.9201406890178676,0.5986538789422415,0.6681929351257407,OAS1_0031_MR1_mpr-2_anon,noise,low
0.0669035166501998,0.1241832226514816,0.0160518884658813,0.5190850496292114,2.7150096893310547,0.1360021084547042,0.0108257979154586,0.1360021084547042,150.95099427466295,0.9190315711026402,0.3058192392266287,0.5086798599584186,OAS1_0031_MR1_mpr-2_anon,noise,medium
0.0697140619158744,0.1229242533445358,0.015728348866105,0.552707850933075,3.105459690093994,0.1422064900398254,0.0111459922045469,0.1422064900398254,152.75097955441942,0.9159214389194826,0.1719794971410748,0.377418334211892,OAS1_0031_MR1_mpr-2_anon,noise,high
0.0639024972915649,0.125473603606224,0.0163714103400707,0.4850013256072998,2.127976655960083,0.1297781765460968,0.0107072507962584,0.1297781765460968,149.37143554687503,0.9206693163019,0.6754336129903236,0.7068009038563178,OAS1_0031_MR1_mpr-2_anon,original,none
0.0633014589548111,0.1247999221086502,0.0161770712584257,0.483825147151947,2.1248998641967773,0.1287806928157806,0.0105398762971162,0.1287806928157806,146.56300336052394,0.9209610303312192,0.6754342472108932,0.7070109841358754,OAS1_0031_MR1_mpr-2_anon,original,none
0.0618857592344284,0.1228873655200004,0.0156499780714511,0.4818927943706512,2.117791652679444,0.1262220740318298,0.0101339966058731,0.1262220740318298,140.18867211435358,0.9213966587560664,0.6754360288134684,0.7076395572486275,OAS1_0031_MR1_mpr-2_anon,original,none
0.4222686886787414,0.0755557045340538,0.0057323491200804,5.60831356048584,2.640112400054932,0.0946754813194274,0.0039467099122703,0.0946754813194274,56.40792044845282,0.9239098825334148,0.5614792049706625,0.6464555049654903,OAS1_0031_MR1_mpr-2_anon,motion,low
0.4607435464859009,0.0699313282966613,0.0049265762791037,6.67117977142334,2.5680127143859863,0.0891354233026504,0.0033986947964876,0.0891354233026504,49.849894445082725,0.9223793349475348,0.5697021518765639,0.6552869865763422,OAS1_0031_MR1_mpr-2_anon,motion,medium
0.4539688229560852,0.0702300369739532,0.0049679516814649,6.53858757019043,2.5633792877197266,0.0956750661134719,0.0033956756815314,0.0956750661134719,53.33908811083027,0.9179647223012296,0.5695632280522894,0.6482845417579937,OAS1_0031_MR1_mpr-2_anon,motion,high
0.0646475255489349,0.1261810809373855,0.0165632776916027,0.4882487952709198,2.132976055145264,0.1314790844917297,0.0110413283109664,0.1314790844917297,153.10730315563728,0.9211596984967488,0.6749892349481228,0.7060664973077818,OAS1_0031_MR1_mpr-3_anon,original,none
0.0880924090743064,0.1562931537628173,0.0255706273019313,0.5356991291046143,2.310372829437256,0.1054707989096641,0.0006594147998839,0.1054707989096641,44.01958223230699,0.9860708081778972,0.6546335087764055,0.7387448705953592,OAS1_0031_MR1_mpr-3_anon,blur,low
0.1096045225858688,0.1810456812381744,0.0341386273503303,0.578375518321991,2.469087600708008,0.0846919864416122,0.0001103398390114,0.0846919864416122,19.865141745174636,0.9956504226018796,0.6339922865045098,0.7338506366502568,OAS1_0031_MR1_mpr-3_anon,blur,medium
0.1323572397232055,0.2047101259231567,0.0430328920483589,0.6249481439590454,2.6645619869232178,0.0661918073892593,1.930846337927505e-05,0.0661918073892593,9.403222416896448,0.9983812888734748,0.600685325202607,0.7218138796453413,OAS1_0031_MR1_mpr-3_anon,blur,high
0.0660720840096473,0.1255601942539215,0.0164028480648994,0.5045125484466553,2.287081480026245,0.134529709815979,0.0110539328306913,0.134529709815979,153.28704020182295,0.9209306428447764,0.5953640142797749,0.6660708666063826,OAS1_0031_MR1_mpr-3_anon,noise,low
0.0674729645252227,0.1248913258314132,0.0162301380187273,0.5209237337112427,2.722509384155273,0.1375766992568969,0.0111217489466071,0.1375766992568969,153.7311756807215,0.9198430997006783,0.3039406610375184,0.5069175340667096,OAS1_0031_MR1_mpr-3_anon,noise,medium
0.0703295394778251,0.1236603856086731,0.0159161314368248,0.5542745590209961,3.113845109939575,0.1438686102628708,0.0114469239488244,0.1438686102628708,155.59521556181065,0.9167835907632303,0.1705583275373173,0.375406173274639,OAS1_0031_MR1_mpr-3_anon,noise,high
0.0648064166307449,0.1267804056406021,0.0167184211313724,0.4871640205383301,2.1337037086486816,0.1320226341485977,0.0111191710457205,0.1320226341485977,153.79129040287995,0.9214522370899858,0.6749888009459983,0.7059109706044333,OAS1_0031_MR1_mpr-3_anon,original,none
0.0645653083920478,0.1267084777355194,0.0166861191391944,0.4859548509120941,2.1325583457946777,0.1317495107650756,0.0110675543546676,0.1317495107650756,152.64066042432603,0.9217504374968096,0.674988760752548,0.7059631010051179,OAS1_0031_MR1_mpr-3_anon,original,none
0.063357263803482,0.1251401603221893,0.0162390563637018,0.4839735031127929,2.126866817474365,0.1296022236347198,0.0107161756604909,0.1296022236347198,147.0803208295037,0.9221941394567948,0.6749901134914659,0.7064721766858895,OAS1_0031_MR1_mpr-3_anon,original,none
0.4232321083545685,0.0760498791933059,0.0058098905719816,5.586091041564941,2.650408744812012,0.0957046374678611,0.0040659122169017,0.0957046374678611,57.52899409275429,0.9232996766568906,0.5603391768432919,0.6444089812408321,OAS1_0031_MR1_mpr-3_anon,motion,low
0.4634518027305603,0.070959523320198,0.0050729624927043,6.611120700836182,2.582695484161377,0.0909047871828079,0.0035805145744234,0.0909047871828079,51.9713649375766,0.921834384868677,0.5681114805376466,0.6529752716800447,OAS1_0031_MR1_mpr-3_anon,motion,medium
0.4546747803688049,0.0704407840967178,0.0050002662464976,6.52901029586792,2.572042465209961,0.0962915048003196,0.0034781461581587,0.0962915048003196,54.03430319393382,0.9174685794975522,0.5680762023886394,0.6467611689219829,OAS1_0031_MR1_mpr-3_anon,motion,high
0.0641392916440963,0.125385895371437,0.0163648575544357,0.4866383969783783,2.116579294204712,0.12906214594841,0.0105652818456292,0.12906214594841,149.59830130782785,0.9215302124382874,0.6781049155889769,0.7088817795259592,OAS1_0031_MR1_mpr-4_anon,original,none
0.0867728367447853,0.1549256145954132,0.0250842422246933,0.5331077575683594,2.291945219039917,0.1034565046429634,0.0006303109694272,0.1034565046429634,42.93239913641238,0.9860693764010842,0.6578049064719613,0.7415802141036043,OAS1_0031_MR1_mpr-4_anon,blur,low
0.1070238500833511,0.1782930046319961,0.0330354422330856,0.5754223465919495,2.445732593536377,0.082629956305027,0.0001042771473294,0.082629956305027,19.09807057100184,0.9956516543084116,0.6373218026792395,0.7371729352833671,OAS1_0031_MR1_mpr-4_anon,blur,medium
0.1299711167812347,0.2027938365936279,0.0421194955706596,0.6217523813247681,2.6418771743774414,0.0650324895977974,1.8602762793307196e-05,0.0650324895977974,9.151589068244483,0.998382942341142,0.6041089357631325,0.7250395918978613,OAS1_0031_MR1_mpr-4_anon,blur,high
0.0655474662780761,0.1247461438179016,0.0162009336054325,0.5030279159545898,2.265256643295288,0.1320772469043731,0.0105746239423751,0.1320772469043731,149.74238209443934,0.9213053800402624,0.602105744877862,0.6707682683641414,OAS1_0031_MR1_mpr-4_anon,noise,low
0.0669530555605888,0.1241038888692855,0.0160363093018531,0.5195642709732056,2.703822135925293,0.1351341903209686,0.0106421718373894,0.1351341903209686,150.20715427772672,0.9202260471835884,0.3073750657398633,0.510637433309606,OAS1_0031_MR1_mpr-4_anon,noise,medium
0.0697371289134025,0.1228000074625015,0.0157031249254941,0.553052544593811,3.0962374210357666,0.1412709653377533,0.0109456721693277,0.1412709653377533,151.8118336397059,0.9171454804339156,0.1728799018766499,0.378804248178676,OAS1_0031_MR1_mpr-4_anon,noise,high
0.0644387602806091,0.1262456625699997,0.0165942050516605,0.4855889678001404,2.1179428100585938,0.129881352186203,0.0106838764622807,0.129881352186203,150.9086770450368,0.9218284865654888,0.6781041637743037,0.708686657196974,OAS1_0031_MR1_mpr-4_anon,original,none
0.0643996894359588,0.1265362501144409,0.0166665501892566,0.4844110608100891,2.1177079677581787,0.130008116364479,0.0106987692415714,0.130008116364479,150.72819465188422,0.9221270588062018,0.6781039751121745,0.7086703825614582,OAS1_0031_MR1_mpr-4_anon,original,none
0.0634071081876754,0.1253633797168731,0.0163298044353723,0.4824698567390442,2.1129825115203857,0.1283054500818252,0.0104236342012882,0.1283054500818252,146.18092041015626,0.9225725933714132,0.678104649432975,0.7090643556484276,OAS1_0031_MR1_mpr-4_anon,original,none
0.4229115545749664,0.0761544555425643,0.0058252438902854,5.575069427490234,2.63328218460083,0.0947038605809211,0.0039661955088377,0.0947038605809211,57.26488037109375,0.9239501553909432,0.564420467340956,0.6474851703281652,OAS1_0031_MR1_mpr-4_anon,motion,low
0.4621179699897766,0.0706506967544555,0.0050283023156225,6.6233344078063965,2.563723564147949,0.0893934965133667,0.0034253532066941,0.0893934965133667,50.83386996400122,0.9225334296713406,0.5724239761511078,0.6559867211894521,OAS1_0031_MR1_mpr-4_anon,motion,medium
0.4508330821990967,0.0704803168773651,0.0050023403018713,6.467372894287109,2.558603286743164,0.0953816920518875,0.003375178668648,0.0953816920518875,53.67199826708027,0.9180536360260744,0.5713337220365617,0.6494647436360879,OAS1_0031_MR1_mpr-4_anon,motion,high
0.0844949036836624,0.1462526321411132,0.0219101272523403,0.5577136278152466,2.363811731338501,0.1630777716636657,0.0151512715965509,0.1630777716636657,185.64305036956196,0.929749782262239,0.6414728801431302,0.6716964949221049,OAS1_0032_MR1_mpr-1_anon,original,none
0.1113307625055313,0.1774884760379791,0.0324421152472496,0.6056458353996277,2.5482563972473145,0.1279583573341369,0.0007395336288027,0.1279583573341369,47.00351514629289,0.9878867423703503,0.6190513880236483,0.6999454153824687,OAS1_0032_MR1_mpr-1_anon,blur,low
0.1335057616233825,0.2003509104251861,0.041220549494028,0.6475961208343506,2.7003140449523926,0.0960348546504974,0.0001162645639851,0.0960348546504974,20.23741311465993,0.9961265609131182,0.5968029281419742,0.6970452726413054,OAS1_0032_MR1_mpr-1_anon,blur,medium
0.1686269789934158,0.2376929074525833,0.058037981390953,0.692874014377594,2.928019762039185,0.0785236880183219,2.173783286707476e-05,0.0785236880183219,11.154933794806984,0.9985371434092604,0.5604066095269528,0.6817113890459576,OAS1_0032_MR1_mpr-1_anon,blur,high
0.0861524641513824,0.1453015506267547,0.0216259807348251,0.5734771490097046,2.657597064971924,0.1666235327720642,0.0151521153748035,0.1666235327720642,185.7477907666973,0.9294557114438629,0.4610122826970471,0.5810438110968833,OAS1_0032_MR1_mpr-1_anon,noise,low
0.0878462046384811,0.1444117128849029,0.0213608611375093,0.5894562005996704,3.0518314838409424,0.1702815592288971,0.0152607653290033,0.1702815592288971,186.29305575501684,0.9284489471616728,0.2403753300210633,0.4428851595182391,OAS1_0032_MR1_mpr-1_anon,noise,medium
0.0910892486572265,0.1424365639686584,0.020773246884346,0.6219683885574341,3.426413059234619,0.177533745765686,0.0157587490975856,0.177533745765686,188.74248788871017,0.925686147812122,0.1306961914070726,0.3143545644708551,OAS1_0032_MR1_mpr-1_anon,noise,high
0.0837582796812057,0.145230546593666,0.0215806551277637,0.557112991809845,2.361027717590332,0.162018820643425,0.0149955730885267,0.162018820643425,183.042127422258,0.9295918112214614,0.6414728607644087,0.6718599949382881,OAS1_0032_MR1_mpr-1_anon,original,none
0.0826664343476295,0.1436792463064193,0.0211000274866819,0.556355357170105,2.3565869331359863,0.1602769047021865,0.0147333610802888,0.1602769047021865,179.17284390318628,0.9294518522128724,0.6414735100706889,0.6721799147051295,OAS1_0032_MR1_mpr-1_anon,original,none
0.080602079629898,0.1407496780157089,0.0202155485749244,0.5549880266189575,2.348109245300293,0.1568478643894195,0.0142208244651556,0.1568478643894195,171.94268870634193,0.9292874921579,0.6414749523079537,0.6728807988925971,OAS1_0032_MR1_mpr-1_anon,original,none
0.4347395896911621,0.0846069306135177,0.0071778022684156,5.159087181091309,2.876746654510498,0.111972838640213,0.0052276165224611,0.111972838640213,64.82782126034007,0.930735846058906,0.5277305235569985,0.6095478329583224,OAS1_0032_MR1_mpr-1_anon,motion,low
0.4531404972076416,0.0817935466766357,0.0067213363945484,5.570529937744141,2.824692964553833,0.1098527461290359,0.0047985599376261,0.1098527461290359,62.393379241344974,0.9291659434613954,0.5309121509510291,0.6141260518331032,OAS1_0032_MR1_mpr-1_anon,motion,medium
0.473567247390747,0.0786245390772819,0.0062207006849348,6.081808567047119,2.809569358825684,0.114612340927124,0.0044400608167052,0.114612340927124,62.62136757046569,0.9229151112798816,0.5316647687648615,0.6070868747475585,OAS1_0032_MR1_mpr-1_anon,motion,high
0.0861467868089675,0.1471206545829773,0.0221928618848323,0.5649926662445068,2.3947529792785645,0.1654985398054123,0.0148895159363746,0.1654985398054123,185.29721296721817,0.9307165531770476,0.6360881697274678,0.6660261405716681,OAS1_0032_MR1_mpr-2_anon,original,none
0.1126162111759185,0.1772727072238922,0.0323835760354995,0.6129485368728638,2.5814242362976074,0.128463327884674,0.0007217989768832,0.128463327884674,46.6922882678462,0.9879192309588234,0.6132373866117197,0.6948208266762448,OAS1_0032_MR1_mpr-2_anon,blur,low
0.1348811239004135,0.2000630795955658,0.04108477383852,0.6552863121032715,2.732579231262207,0.0963889583945274,0.0001150452153524,0.0963889583945274,20.11803648705576,0.9961232889882684,0.5907350347719502,0.6929370241854564,OAS1_0032_MR1_mpr-2_anon,blur,medium
0.1700173467397689,0.2368248701095581,0.0575712136924266,0.7009781002998352,2.9598751068115234,0.0785974934697151,2.142181620001793e-05,0.0785974934697151,11.00179993872549,0.9985460717644326,0.5540201571038594,0.6783069790626703,OAS1_0032_MR1_mpr-2_anon,blur,high
0.0878124013543129,0.1461311131715774,0.0218953602015972,0.5809375643730164,2.6973671913146973,0.1690457612276077,0.014888372272253,0.1690457612276077,185.37233707203583,0.930405913120875,0.4485593704918292,0.5716267181543525,OAS1_0032_MR1_mpr-2_anon,noise,low
0.0895198583602905,0.1452150344848632,0.0216234233230352,0.5970659255981445,3.0872068405151367,0.1727505624294281,0.0150064239278435,0.1727505624294281,185.97476256127447,0.9293907949900788,0.2350548748675473,0.436059905826133,OAS1_0032_MR1_mpr-2_anon,noise,medium
0.0930348262190818,0.1435256749391555,0.0211264491081237,0.6299309134483337,3.461860179901123,0.1804688274860382,0.015599307604134,0.1804688274860382,189.4104428758808,0.926607088871656,0.1274269965196267,0.3082256313710145,OAS1_0032_MR1_mpr-2_anon,noise,high
0.0857861191034317,0.1466665863990783,0.0220416113734245,0.5644299387931824,2.3935327529907227,0.1651464104652404,0.0148486644029617,0.1651464104652404,184.21498592601108,0.9305637233395128,0.6360878885156576,0.6660475800699126,OAS1_0032_MR1_mpr-2_anon,original,none
0.0849786251783371,0.1455630958080291,0.0216917842626571,0.5637038946151733,2.390364408493042,0.1639307588338852,0.0146710705012083,0.1639307588338852,181.4219721775429,0.9304391543839337,0.6360883182668977,0.6662629687230689,OAS1_0032_MR1_mpr-2_anon,original,none
0.0832464098930358,0.1431594341993332,0.0209511946886777,0.5623742938041687,2.383455753326416,0.1611251831054687,0.014258537441492,0.1611251831054687,175.45313577090997,0.930287227945234,0.6360893623208128,0.6667885535422743,OAS1_0032_MR1_mpr-2_anon,original,none
0.4332546591758728,0.0856737717986106,0.0073624635115265,5.078309535980225,2.922618865966797,0.113578200340271,0.0051639461889863,0.113578200340271,65.11305434283089,0.9323095971188056,0.5190703572441273,0.6016844124439704,OAS1_0032_MR1_mpr-2_anon,motion,low
0.4553510546684265,0.0822774767875671,0.0067940792068839,5.558082103729248,2.860589504241944,0.1108134984970092,0.004670837894082,0.1108134984970092,61.768001541436895,0.930464224714605,0.5239828027568703,0.6072232502920079,OAS1_0032_MR1_mpr-2_anon,motion,medium
0.4748283922672272,0.079610489308834,0.0063856979832053,6.03302001953125,2.848286390304565,0.1163373813033104,0.0043893568217754,0.1163373813033104,63.15209099264706,0.9242750590133127,0.5241917899331028,0.6003965301924414,OAS1_0032_MR1_mpr-2_anon,motion,high
0.0836031734943389,0.1448907852172851,0.0214953683316707,0.5569332242012024,2.367744445800781,0.1629748940467834,0.0151656251400709,0.1629748940467834,187.24448194316795,0.9279959405310226,0.6400166592380911,0.6708296764782025,OAS1_0032_MR1_mpr-3_anon,original,none
0.111226812005043,0.1771324872970581,0.0323055870831012,0.6059204339981079,2.5565316677093506,0.1292460262775421,0.0007579107186757,0.1292460262775421,48.047999722349886,0.9876361033275896,0.6174906373965252,0.6986960011341437,OAS1_0032_MR1_mpr-3_anon,blur,low
0.132759153842926,0.1989668011665344,0.0406133420765399,0.6488491892814636,2.707526922225952,0.0964040085673332,0.0001181001061922,0.0964040085673332,20.381195906096814,0.9960365242385923,0.5951232809020255,0.6957660764196478,OAS1_0032_MR1_mpr-3_anon,blur,medium
0.1675964891910553,0.235807865858078,0.057030402123928,0.6950238943099976,2.935415983200073,0.0784130170941352,2.1773674234282225e-05,0.0784130170941352,11.103022556678924,0.9985202829784992,0.5585792764542084,0.6808707083916541,OAS1_0032_MR1_mpr-3_anon,blur,high
0.0852738842368125,0.1440003216266632,0.0212333593517541,0.5726320743560791,2.6534671783447266,0.1665379106998443,0.015178482979536,0.1665379106998443,187.49517690621173,0.927699242196632,0.4656443584339953,0.5832524979309794,OAS1_0032_MR1_mpr-3_anon,noise,low
0.086872674524784,0.1430033445358276,0.0209405049681663,0.5885323882102966,3.0468759536743164,0.170011818408966,0.0152633544057607,0.170011818408966,187.75408097809435,0.926683114921914,0.2420720111429052,0.444523635704653,OAS1_0032_MR1_mpr-3_anon,noise,medium
0.0902339369058609,0.1412757188081741,0.0204398743808269,0.6208891272544861,3.4203124046325684,0.1774366945028305,0.0157842971384525,0.1774366945028305,190.6080853630515,0.923916301375176,0.1317563699956681,0.3161124976590326,OAS1_0032_MR1_mpr-3_anon,noise,high
0.0833067893981933,0.1445240229368209,0.0213789716362953,0.5563738346099854,2.3667068481445312,0.1627469360828399,0.0151621103286743,0.1627469360828399,186.54689247280947,0.9278168407133348,0.6400166402868661,0.6708402872794521,OAS1_0032_MR1_mpr-3_anon,original,none
0.0824569314718246,0.1433192789554596,0.0210114996880292,0.5556554794311523,2.363269805908203,0.161434918642044,0.0149717442691326,0.161434918642044,183.5478551528033,0.9276632710552668,0.6400169363891112,0.6710931930729864,OAS1_0032_MR1_mpr-3_anon,original,none
0.0806933492422103,0.1408053487539291,0.0202624518424272,0.5543434619903564,2.355966567993164,0.1585108041763305,0.0145375290885567,0.1585108041763305,177.28799450444245,0.9274716111312994,0.6400182141266229,0.671660916958521,OAS1_0032_MR1_mpr-3_anon,original,none
0.4335016012191772,0.0838406607508659,0.0070488513447344,5.188897132873535,2.881210327148437,0.1117827892303466,0.0052239326760172,0.1117827892303466,65.30524280024511,0.928842174964831,0.5257048059611913,0.608791696657521,OAS1_0032_MR1_mpr-3_anon,motion,low
0.4536632597446441,0.0818548649549484,0.0067323511466383,5.572511672973633,2.829708337783813,0.110745370388031,0.0048995139077305,0.110745370388031,64.08432042738971,0.927217739960364,0.5298069881715136,0.6132565431379595,OAS1_0032_MR1_mpr-3_anon,motion,medium
0.4775108695030212,0.078449435532093,0.0062024956569075,6.156534194946289,2.809923887252808,0.1150543838739395,0.0045187184587121,0.1150543838739395,63.95914330575981,0.9212450452300937,0.5312215814294372,0.6067699445072716,OAS1_0032_MR1_mpr-3_anon,motion,high
0.0850786790251731,0.1455484926700592,0.0217005107551813,0.5641552209854126,2.3995561599731445,0.1639123708009719,0.0149505184963345,0.1639123708009719,182.91667695886952,0.9296008293620168,0.6343316714382123,0.665269425718844,OAS1_0032_MR1_mpr-4_anon,original,none
0.1121462285518646,0.1766062825918197,0.0320970937609672,0.612973153591156,2.5865190029144287,0.1283654272556305,0.0007357979193329,0.1283654272556305,46.350535194546566,0.9878311493746588,0.6115584179301053,0.6944362167690727,OAS1_0032_MR1_mpr-4_anon,blur,low
0.1340569853782653,0.1986770629882812,0.0405101813375949,0.6556268930435181,2.737982988357544,0.0958627164363861,0.0001155698264483,0.0958627164363861,19.87766903147978,0.9961139595433088,0.5891956010973676,0.6927776508792556,OAS1_0032_MR1_mpr-4_anon,blur,medium
0.1689174175262451,0.2352722287178039,0.0568154081702232,0.7013429403305054,2.9647369384765625,0.0779429376125335,2.120648423442617e-05,0.0779429376125335,10.84439697265625,0.998548127498639,0.5526896657666558,0.6780913899118115,OAS1_0032_MR1_mpr-4_anon,blur,high
0.0867650657892227,0.1446403861045837,0.0214317478239536,0.5800323486328125,2.6939446926116943,0.1674981117248535,0.0149640319868922,0.1674981117248535,183.1615467744715,0.929296477922229,0.4530101840724552,0.5740853471179553,OAS1_0032_MR1_mpr-4_anon,noise,low
0.0884158760309219,0.1436866223812103,0.0211491882801055,0.5960742831230164,3.082794666290283,0.1710968613624572,0.015073818154633,0.1710968613624572,183.67299194335936,0.9282766598088864,0.2365839708281508,0.4377149540973843,OAS1_0032_MR1_mpr-4_anon,noise,medium
0.0918067693710327,0.1419255584478378,0.0206350795924663,0.6288121342658997,3.453100681304932,0.1785805821418762,0.0156234018504619,0.1785805821418762,186.70513066310508,0.925480593605511,0.1285318092584267,0.3105472571990161,OAS1_0032_MR1_mpr-4_anon,noise,high
0.0846788138151168,0.1450536698102951,0.0215374343097209,0.563617467880249,2.398094654083252,0.1635239720344543,0.0149169834330677,0.1635239720344543,181.84329283471203,0.9294102969240742,0.6343316926325031,0.665312089733773,OAS1_0032_MR1_mpr-4_anon,original,none
0.0838420987129211,0.1439321935176849,0.0211867094039917,0.5629149675369263,2.394669532775879,0.1622848808765411,0.0147448275238275,0.1622848808765411,179.1007247625613,0.9292469194837978,0.6343321336963688,0.6655107946074772,OAS1_0032_MR1_mpr-4_anon,original,none
0.0819290727376937,0.1412708759307861,0.0203800126910209,0.5616178512573242,2.38672399520874,0.1591677218675613,0.0142872054129838,0.1591677218675613,172.63082945580578,0.92904023934405,0.634333755084477,0.6661341677581839,OAS1_0032_MR1_mpr-4_anon,original,none
0.4320076704025268,0.083927035331726,0.0070625059306621,5.16309928894043,2.9064533710479736,0.1117957606911659,0.0051042791455984,0.1117957606911659,63.23142281326594,0.9312336573882316,0.5201803994348102,0.6036510609537695,OAS1_0032_MR1_mpr-4_anon,motion,low
0.4525199234485626,0.0821389332413673,0.0067723654210567,5.531177043914795,2.854452610015869,0.1110592782497406,0.0048038689419627,0.1110592782497406,62.39553079044117,0.9295160814403692,0.5249478236687055,0.6083202760800461,OAS1_0032_MR1_mpr-4_anon,motion,medium
0.4749831259250641,0.0794528573751449,0.0063607986085116,6.044678688049316,2.839508295059204,0.1164047867059707,0.0045073814690113,0.1164047867059707,63.57755462048101,0.9235625799253918,0.5256839359959559,0.6016346569197637,OAS1_0032_MR1_mpr-4_anon,motion,high
0.0769574642181396,0.1412293314933776,0.0210494548082351,0.5161944627761841,2.2346997261047363,0.1384965479373932,0.0103181432932615,0.1384965479373932,140.19381534352024,0.9348588688165108,0.6626326624477941,0.6956263082247452,OAS1_0033_MR1_mpr-1_anon,original,none
0.098511129617691,0.1696912199258804,0.0301015749573707,0.5602782964706421,2.389096736907959,0.1083723753690719,0.0005880136159248,0.1083723753690719,40.0121696920956,0.987524748009064,0.6422662034341845,0.7306210756029111,OAS1_0033_MR1_mpr-1_anon,blur,low
0.1218204498291015,0.1960891783237457,0.039823617786169,0.6031348705291748,2.5522401332855225,0.0865262746810913,0.0001065203105099,0.0865262746810913,18.928167365579046,0.9961304946516608,0.6213164598529015,0.7264465940929007,OAS1_0033_MR1_mpr-1_anon,blur,medium
0.1577756553888321,0.2363734543323516,0.0573149062693119,0.6487196683883667,2.77821683883667,0.0736134722828865,2.2086109311203472e-05,0.0736134722828865,11.071959731158088,0.9985831574378145,0.5870487273017821,0.7111837252486639,OAS1_0033_MR1_mpr-1_anon,blur,high
0.0786831527948379,0.1404247730970382,0.0208183601498603,0.5378316640853882,2.5177597999572754,0.1421866118907928,0.0103422310203313,0.1421866118907928,140.43678780350032,0.9342445048810454,0.4950597871558788,0.6103383014762225,OAS1_0033_MR1_mpr-1_anon,noise,low
0.0804534256458282,0.1397188156843185,0.0206116493791341,0.5597026348114014,2.929060459136963,0.1460225582122802,0.0104720946401357,0.1460225582122802,141.29958184934128,0.9324172664932936,0.2541505255830505,0.4630358025626482,OAS1_0033_MR1_mpr-1_anon,noise,medium
0.0837012603878974,0.1378437727689743,0.0200567469000816,0.603568434715271,3.307684898376465,0.1533381640911102,0.0109373982995748,0.1533381640911102,143.5221872367111,0.9269439138191142,0.1395593336342749,0.3319701140992704,OAS1_0033_MR1_mpr-1_anon,noise,high
0.0765626057982444,0.1406811773777008,0.0208766944706439,0.515582263469696,2.233076572418213,0.138124793767929,0.0102901551872491,0.138124793767929,139.11640912224266,0.934900226093029,0.6626325394730392,0.695724032102657,OAS1_0033_MR1_mpr-1_anon,original,none
0.0757395178079605,0.1394221633672714,0.0204903110861778,0.5148161053657532,2.2296929359436035,0.1369730085134506,0.0101526901125907,0.1369730085134506,136.54824888939953,0.934955107462354,0.6626331359503157,0.6959798738742645,OAS1_0033_MR1_mpr-1_anon,original,none
0.0737240612506866,0.1362993121147155,0.0195490084588527,0.5134412050247192,2.22133469581604,0.1337661445140838,0.0097369132563471,0.1337661445140838,129.95777348537072,0.9350407149861152,0.6626346449500903,0.6967529377887035,OAS1_0033_MR1_mpr-1_anon,original,none
0.4418980777263641,0.0856660455465316,0.0073949615471065,5.180600166320801,2.7466301918029785,0.1003724262118339,0.0037659974768757,0.1003724262118339,52.488307818244486,0.9448462841998372,0.5548660984939437,0.6374010214456309,OAS1_0033_MR1_mpr-1_anon,motion,low
0.4533153176307678,0.0817693173885345,0.0067192390561103,5.569798469543457,2.6828722953796387,0.0985278263688087,0.00341328070499,0.0985278263688087,49.67047741459865,0.9432161243912104,0.5619938688012789,0.6434357695102314,OAS1_0033_MR1_mpr-1_anon,motion,medium
0.4667677283287048,0.0798778086900711,0.0064310040324926,5.8764848709106445,2.6780271530151367,0.104806512594223,0.0032386654056608,0.104806512594223,51.9945458505668,0.9374117018294896,0.5586053150611436,0.6340479724914354,OAS1_0033_MR1_mpr-1_anon,motion,high
0.0774944275617599,0.1420265287160873,0.0213078949600458,0.5166404247283936,2.2395052909851074,0.139187753200531,0.0102193038910627,0.139187753200531,139.54614928002454,0.9353405682624124,0.6623124408957914,0.6949527380493044,OAS1_0033_MR1_mpr-2_anon,original,none
0.0985887050628662,0.1698737889528274,0.0301776174455881,0.5604092478752136,2.392506599426269,0.1083103269338607,0.0005797848571091,0.1083103269338607,39.46034174900429,0.9876523454864368,0.6420088380036548,0.7296262918158278,OAS1_0033_MR1_mpr-2_anon,blur,low
0.1224499195814132,0.1971738934516906,0.0402710810303688,0.6028780937194824,2.556697368621826,0.0869450718164444,0.0001070315338438,0.0869450718164444,18.98902109183517,0.9961950427651194,0.6211330429234319,0.7254677173635851,OAS1_0033_MR1_mpr-2_anon,blur,medium
0.1585090458393097,0.2377863228321075,0.0580210238695144,0.6481362581253052,2.782597541809082,0.0739017501473426,2.221892646048218e-05,0.0739017501473426,11.126165412454045,0.9985956689492028,0.58688737267075,0.7104216872156087,OAS1_0033_MR1_mpr-2_anon,blur,high
0.0792403221130371,0.1412423104047775,0.021080257371068,0.5383625030517578,2.526891231536865,0.1429205536842346,0.0102487076073884,0.1429205536842346,139.84886929381128,0.9347195819237673,0.4914298530850499,0.608055358457146,OAS1_0033_MR1_mpr-2_anon,noise,low
0.0809591114521026,0.1404092907905578,0.0208375621587038,0.5604190230369568,2.9366917610168457,0.1466602385044098,0.010363956913352,0.1466602385044098,140.47493716969208,0.932879522613136,0.2528083707279801,0.4616275378834953,OAS1_0033_MR1_mpr-2_anon,noise,medium
0.0845248624682426,0.1390100121498108,0.0204252228140831,0.6042576432228088,3.3182058334350586,0.1545718908309936,0.0109159480780363,0.1545718908309936,143.87478027343752,0.9273635225691192,0.1383108662688662,0.3296602914081254,OAS1_0033_MR1_mpr-2_anon,noise,high
0.0773126035928726,0.1418496966361999,0.0212573520839214,0.5160192251205444,2.2387261390686035,0.1391941756010055,0.0102457851171493,0.1391941756010055,139.2962455001532,0.935373782698526,0.6623125907551117,0.6949611721395141,OAS1_0033_MR1_mpr-2_anon,original,none
0.0765216648578643,0.1406680047512054,0.0208917800337076,0.5152431726455688,2.2354848384857178,0.138118490576744,0.0101177655160427,0.138118490576744,136.92106143727025,0.935410556757242,0.6623130414359061,0.6952328962665675,OAS1_0033_MR1_mpr-2_anon,original,none
0.0744941309094429,0.1375686228275299,0.0199405346065759,0.5138524770736694,2.227225542068481,0.1349544823169708,0.0097071304917335,0.1349544823169708,130.42188313802086,0.9354756722586374,0.662314498874619,0.6959844598470978,OAS1_0033_MR1_mpr-2_anon,original,none
0.4441147446632385,0.0855820924043655,0.0073748473078012,5.205496788024902,2.744802474975586,0.1001151353120803,0.0036864620633423,0.1001151353120803,51.61824903301165,0.945679627513286,0.5550966644510212,0.6370343119511812,OAS1_0033_MR1_mpr-2_anon,motion,low
0.451420396566391,0.0823996216058731,0.0068187126889824,5.499356269836426,2.6835193634033203,0.0991259962320327,0.0033930516801774,0.0991259962320327,49.66231138939951,0.944000904393506,0.5624136208654971,0.6427933411010591,OAS1_0033_MR1_mpr-2_anon,motion,medium
0.4629752039909363,0.0802833884954452,0.0064947456121444,5.801063060760498,2.6809616088867188,0.1052485108375549,0.0032114624045789,0.1052485108375549,51.95033677045037,0.938130926002164,0.5582552071369506,0.6334833066398458,OAS1_0033_MR1_mpr-2_anon,motion,high
0.0770446211099624,0.141316071152687,0.0210866183042526,0.5159682631492615,2.225874423980713,0.1377607136964798,0.0100172162055969,0.1377607136964798,138.17703905292586,0.9357513294061532,0.6645983127148212,0.6973017379587954,OAS1_0033_MR1_mpr-3_anon,original,none
0.0979323238134384,0.1691024303436279,0.0298821125179529,0.559196412563324,2.3784008026123047,0.1074849516153335,0.0005727433017455,0.1074849516153335,39.245160510493264,0.9875848821829544,0.6443240274433246,0.7313580736005401,OAS1_0033_MR1_mpr-3_anon,blur,low
0.1216242164373397,0.196384459733963,0.0399341806769371,0.6015417575836182,2.5422043800354004,0.0862978547811508,0.0001055374596035,0.0862978547811508,18.87520440793505,0.99615582498958,0.6233966858344597,0.726926797126952,OAS1_0033_MR1_mpr-3_anon,blur,medium
0.1576972156763076,0.2370961010456085,0.0576851852238178,0.6467241048812866,2.768816471099853,0.0736096501350402,2.1946043489151638e-05,0.0736096501350402,11.142391189874388,0.9985827180818831,0.5890753897433945,0.7115376678169327,OAS1_0033_MR1_mpr-3_anon,blur,high
0.0787564516067504,0.1404926925897598,0.0208484195172786,0.5375378727912903,2.5088279247283936,0.1414330154657364,0.010037362575531,0.1414330154657364,138.36980112113207,0.9351431991421324,0.4968358486263077,0.6121096217775761,OAS1_0033_MR1_mpr-3_anon,noise,low
0.0804394707083702,0.139636144042015,0.0205968618392944,0.5593218803405762,2.920720100402832,0.1451131403446197,0.0101473815739154,0.1451131403446197,138.9379627900965,0.9333780021621118,0.2551703646141976,0.4643434490228736,OAS1_0033_MR1_mpr-3_anon,noise,medium
0.0839714258909225,0.1382529586553573,0.0201910510659217,0.6028696894645691,3.3036134243011475,0.1529342085123062,0.0106838401407003,0.1529342085123062,142.18934840782018,0.92802886114364,0.1397713436586962,0.3323937411086681,OAS1_0033_MR1_mpr-3_anon,noise,high
0.0766649544239044,0.1408070623874664,0.0209306608885526,0.5154064297676086,2.2242116928100586,0.1374120712280273,0.0099968435242772,0.1374120712280273,137.19295654296877,0.935776603933165,0.6645990839492707,0.69739082033181,OAS1_0033_MR1_mpr-3_anon,original,none
0.0758685171604156,0.1396249830722808,0.0205712486058473,0.5146864652633667,2.2208566665649414,0.1362996697425842,0.0098717752844095,0.1362996697425842,134.77963771446082,0.9358120860074516,0.6645994452560937,0.6976384201460997,OAS1_0033_MR1_mpr-3_anon,original,none
0.0740071758627891,0.136783629655838,0.0197147764265537,0.5133742690086365,2.213132381439209,0.1333903670310974,0.0095113003626465,0.1333903670310974,128.88012120863976,0.9358782335913,0.6646007159591864,0.6983397735103767,OAS1_0033_MR1_mpr-3_anon,original,none
0.4412701725959778,0.0856126397848129,0.0073777330107986,5.169898986816406,2.7391111850738525,0.0996822491288185,0.0036461227573454,0.0996822491288185,51.6463316674326,0.9456606505655296,0.5565999783458848,0.6387036158439536,OAS1_0033_MR1_mpr-3_anon,motion,low
0.4492210149765014,0.0818116068840026,0.0067212237045168,5.51222038269043,2.672616720199585,0.0980710908770561,0.0033164725173264,0.0980710908770561,49.057805558746935,0.9439386106289618,0.5646362630996147,0.6445758377603532,OAS1_0033_MR1_mpr-3_anon,motion,medium
0.4647269248962402,0.0798548758029937,0.0064235143363475,5.85208797454834,2.6711645126342773,0.1043122708797454,0.0031438544392585,0.1043122708797454,51.39909021714155,0.9381174410021708,0.5601539639848766,0.6353571590685009,OAS1_0033_MR1_mpr-3_anon,motion,high
0.0764822587370872,0.1408520936965942,0.0209198519587516,0.5143598318099976,2.221003770828247,0.1383112967014312,0.0103014642372727,0.1383112967014312,138.65034945618874,0.9354102418111188,0.6652599735499928,0.6976404303972241,OAS1_0033_MR1_mpr-4_anon,original,none
0.0973086580634117,0.1682982742786407,0.0296073481440544,0.5581912398338318,2.374236583709717,0.1076392233371734,0.0005773094599135,0.1076392233371734,39.01241646560968,0.9875832390051584,0.6449630116899537,0.7313524480638238,OAS1_0033_MR1_mpr-4_anon,blur,low
0.1207483112812042,0.1950290948152542,0.03941360861063,0.6010775566101074,2.5372390747070312,0.0861792862415313,0.0001061509537976,0.0861792862415313,18.75840633616728,0.9961216775265702,0.6240076679929152,0.7273236862186874,OAS1_0033_MR1_mpr-4_anon,blur,medium
0.1570513397455215,0.2359900474548339,0.0571693070232868,0.6468485593795776,2.763899803161621,0.0735644474625587,2.223243427579291e-05,0.0735644474625587,11.11735911649816,0.9985740360710608,0.5896396795915935,0.7120139831410679,OAS1_0033_MR1_mpr-4_anon,blur,high
0.0781688019633293,0.1400042027235031,0.0206745937466621,0.5356769561767578,2.50049901008606,0.141928493976593,0.0103153241798281,0.141928493976593,138.76131364411003,0.9348391836450008,0.5002147634676347,0.6137409356750971,OAS1_0033_MR1_mpr-4_anon,noise,low
0.0799063816666603,0.1392531991004943,0.020456600934267,0.5572322607040405,2.913824319839477,0.1457094997167587,0.0104392021894454,0.1457094997167587,139.54463273590684,0.9330935273206232,0.2566857257695784,0.4657130963244951,OAS1_0033_MR1_mpr-4_anon,noise,medium
0.0832434296607971,0.1375758051872253,0.0199617631733417,0.6004257202148438,3.296396255493164,0.1531688868999481,0.0109177408739924,0.1531688868999481,142.0700512455959,0.927797201974254,0.1408528782029253,0.333608956823906,OAS1_0033_MR1_mpr-4_anon,noise,high
0.076152890920639,0.1404260694980621,0.0207889527082443,0.5137397050857544,2.2196061611175537,0.1380707025527954,0.0102931484580039,0.1380707025527954,137.84030857460175,0.9354547452591112,0.6652599991699861,0.6977184250439166,OAS1_0033_MR1_mpr-4_anon,original,none
0.0752226039767265,0.1390071213245391,0.0203556977212429,0.5129638910293579,2.2157087326049805,0.136712372303009,0.0101248556748032,0.136712372303009,134.89715025658705,0.9355023602257184,0.6652605859584688,0.6980234480021287,OAS1_0033_MR1_mpr-4_anon,original,none
0.0730850249528884,0.1356931775808334,0.0193643905222415,0.5115727186203003,2.20676064491272,0.1332545280456543,0.0096744047477841,0.1332545280456543,127.91414459826902,0.935587595406947,0.665262191029222,0.6988266464904764,OAS1_0033_MR1_mpr-4_anon,original,none
0.4396073520183563,0.0852028727531433,0.0073011666536331,5.176139831542969,2.732161045074463,0.0999672561883926,0.0037458566948771,0.0999672561883926,51.67119691138174,0.9451314356044344,0.5579305269461022,0.6390577798091854,OAS1_0033_MR1_mpr-4_anon,motion,low
0.4503930807113647,0.081553466618061,0.0066802520304918,5.542255401611328,2.6661839485168457,0.0983569100499153,0.0034117456525564,0.0983569100499153,49.13234097349877,0.9433688082550672,0.5657380546070031,0.6451336545129409,OAS1_0033_MR1_mpr-4_anon,motion,medium
0.4625285863876343,0.0794798731803894,0.0063653551042079,5.853055000305176,2.6633849143981934,0.1043211370706558,0.0032263109460473,0.1043211370706558,51.29173368566177,0.9376655245641784,0.5616614707906034,0.6360709389958075,OAS1_0033_MR1_mpr-4_anon,motion,high
0.0847101435065269,0.1437630653381347,0.0213663522154092,0.566154956817627,2.5291523933410645,0.1506785601377487,0.0112728131935,0.1506785601377487,157.08634416168815,0.9342346100393072,0.6052831354674039,0.6456111236917458,OAS1_0034_MR1_mpr-1_anon,original,none
0.1145761907100677,0.1811730712652206,0.0336960777640342,0.6126874685287476,2.719877243041992,0.123824194073677,0.0006972953560762,0.123824194073677,52.38289747051165,0.9871195533104102,0.5835077903191036,0.6911868420075531,OAS1_0034_MR1_mpr-1_anon,blur,low
0.1450086534023285,0.215483546257019,0.0472681149840354,0.6564366817474365,2.915773868560791,0.0972074568271637,0.000139134877827,0.0972074568271637,24.778738463158703,0.9960379802574716,0.5612306642376336,0.6845433340555709,OAS1_0034_MR1_mpr-1_anon,blur,medium
0.1862689852714538,0.2590351104736328,0.0682856738567352,0.7007788419723511,3.170652389526367,0.0791031420230865,2.3560933186672628e-05,0.0791031420230865,12.847498516007969,0.9986146354555304,0.5253713827013597,0.6657584376372506,OAS1_0034_MR1_mpr-1_anon,blur,high
0.0863958001136779,0.1428863555192947,0.021112784743309,0.583899199962616,2.8334219455718994,0.1542290449142456,0.011301252990961,0.1542290449142456,157.36368025237437,0.9338277947549696,0.4149540556697526,0.549294930325469,OAS1_0034_MR1_mpr-1_anon,noise,low
0.0880704149603843,0.1419789493083953,0.0208508968353271,0.6019467711448669,3.195937156677246,0.1578781753778457,0.0114386482164263,0.1578781753778457,158.1218817018995,0.93259824859057,0.2185670773986249,0.4213168764279783,OAS1_0034_MR1_mpr-1_anon,noise,medium
0.0914817750453949,0.140303760766983,0.0203603245317935,0.6386520862579346,3.5326404571533203,0.1655289232730865,0.0120574552565813,0.1655289232730865,161.6694507075291,0.9290148433400068,0.1184917284665944,0.2994052413572612,OAS1_0034_MR1_mpr-1_anon,noise,high
0.0840698778629303,0.1426996886730194,0.0210340414196252,0.566325306892395,2.526193618774414,0.1500016450881958,0.0111872926354408,0.1500016450881958,154.6246905158548,0.9341735967018248,0.6052833674296039,0.645732596698891,OAS1_0034_MR1_mpr-1_anon,original,none
0.0830401927232742,0.1410636454820633,0.0205341465771198,0.566264808177948,2.521514892578125,0.1485899984836578,0.0110016018152236,0.1485899984836578,150.8474125880821,0.93413575508661,0.6052838698283262,0.6460421904139559,OAS1_0034_MR1_mpr-1_anon,original,none
0.0810065492987632,0.1379738748073578,0.0196070745587348,0.5658206939697266,2.5123133659362797,0.145551711320877,0.0106053696945309,0.145551711320877,143.73472182329965,0.934112865936142,0.6052856359173464,0.6468067242981008,OAS1_0034_MR1_mpr-1_anon,original,none
0.4479579925537109,0.0863525569438934,0.007516018114984,5.230156898498535,3.0231714248657227,0.1055286675691604,0.0039572408422827,0.1055286675691604,55.75104860791973,0.943480276219755,0.4867615840774815,0.5892677948804221,OAS1_0034_MR1_mpr-1_anon,motion,low
0.4657897353172302,0.0821938961744308,0.0067775081843137,5.672262191772461,2.981971740722656,0.1060811877250671,0.0035877763293683,0.1060811877250671,53.81217974494486,0.938370709790872,0.4917753736802313,0.590601087589411,OAS1_0034_MR1_mpr-1_anon,motion,medium
0.45438152551651,0.0813696980476379,0.0066427607089281,5.607523918151856,2.9736227989196777,0.1141131818294525,0.0035563553683459,0.1141131818294525,58.67086109834558,0.9323620787954808,0.490569822434034,0.5824703050486368,OAS1_0034_MR1_mpr-1_anon,motion,high
0.0850561261177063,0.1438278257846832,0.0214432105422019,0.5667129755020142,2.557175397872925,0.1518888473510742,0.0115353316068649,0.1518888473510742,159.68052308325676,0.9320626521220564,0.5982253794551766,0.639942852253671,OAS1_0034_MR1_mpr-2_anon,original,none
0.1153876706957817,0.1815395653247833,0.0339288562536239,0.6150156855583191,2.7499032020568848,0.125044360756874,0.0007119087968021,0.125044360756874,53.11334850834865,0.986520567336058,0.5752872893150562,0.6884783054321384,OAS1_0034_MR1_mpr-2_anon,blur,low
0.1460703015327453,0.2162272632122039,0.0475476197898387,0.6598937511444092,2.948492765426636,0.0980138778686523,0.0001419949694536,0.0980138778686523,24.979678284888173,0.9960000568434528,0.5527240000285645,0.6836222928867615,OAS1_0034_MR1_mpr-2_anon,blur,medium
0.18760347366333,0.2599815726280212,0.0686487108469009,0.7043885588645935,3.212000846862793,0.0794741734862327,2.3852258891565725e-05,0.0794741734862327,12.84482230392157,0.9986240245206692,0.5161040613762562,0.6653340815142063,OAS1_0034_MR1_mpr-2_anon,blur,high
0.086742989718914,0.1429798305034637,0.0211968496441841,0.5847824215888977,2.860371351242065,0.1554441004991531,0.0115716010332107,0.1554441004991531,160.0133197859222,0.931636846772126,0.4084826304355604,0.5437630049326345,OAS1_0034_MR1_mpr-2_anon,noise,low
0.0883681178092956,0.1420221775770187,0.0209197737276554,0.6031132340431213,3.217176675796509,0.158993661403656,0.0117033217102289,0.158993661403656,160.6437951181449,0.9303677828021268,0.2152626596892961,0.4173498499746415,OAS1_0034_MR1_mpr-2_anon,noise,medium
0.0917176008224487,0.1402930915355682,0.0204136557877063,0.6404674649238586,3.546137571334839,0.1664889901876449,0.012316663749516,0.1664889901876449,164.02031800513174,0.9265972908578366,0.1167991836428905,0.2969204068111321,OAS1_0034_MR1_mpr-2_anon,noise,high
0.0842497646808624,0.1424628496170044,0.0210189074277877,0.5669562816619873,2.553426504135132,0.1509263515472412,0.0114081408828496,0.1509263515472412,156.5834120806526,0.9320157042406724,0.5982257732507474,0.6401059104353516,OAS1_0034_MR1_mpr-2_anon,original,none
0.0829530507326126,0.1404151320457458,0.0203910693526268,0.5669604539871216,2.547501564025879,0.1490575671195984,0.0111526083201169,0.1490575671195984,151.8221638997396,0.9319830024638212,0.5982269470482835,0.6405443719996504,OAS1_0034_MR1_mpr-2_anon,original,none
0.0805014073848724,0.1367054581642151,0.019278410822153,0.5666002631187439,2.5362439155578613,0.1452762186527252,0.0106400363147258,0.1452762186527252,143.13419189453128,0.9319742750635748,0.598229344798879,0.6414879103696296,OAS1_0034_MR1_mpr-2_anon,original,none
0.4442520141601562,0.0862074941396713,0.0074833007529377,5.190642356872559,3.068108558654785,0.1058745682239532,0.0040290826000273,0.1058745682239532,56.19689558440564,0.9427871436507675,0.4727764823401358,0.5816118411834175,OAS1_0034_MR1_mpr-2_anon,motion,low
0.4632207453250885,0.0824437588453292,0.0068233278580009,5.6196064949035645,3.024404287338257,0.1069701761007309,0.0036854711361229,0.1069701761007309,54.73989138135724,0.9374484224953868,0.4788389520686117,0.5832254267764994,OAS1_0034_MR1_mpr-2_anon,motion,medium
0.4558461606502533,0.0816057547926902,0.006681827828288,5.60830020904541,3.0127503871917725,0.1151449680328369,0.0036729092244058,0.1151449680328369,59.80964810240503,0.9316052532245924,0.4789149154434856,0.5755715815118829,OAS1_0034_MR1_mpr-2_anon,motion,high
0.0851764380931854,0.1441154032945633,0.0214892625808715,0.5676672458648682,2.555339336395264,0.1517439484596252,0.0116448178887367,0.1517439484596252,159.3954372032016,0.9341689384439852,0.5995751685859222,0.6409127575487262,OAS1_0034_MR1_mpr-3_anon,original,none
0.1152476668357849,0.1817174255847931,0.0339131578803062,0.6147567629814148,2.7420849800109863,0.1243889406323432,0.0007074624882079,0.1243889406323432,52.44411968156403,0.9872359825156404,0.5777221950464477,0.6896041318210308,OAS1_0034_MR1_mpr-3_anon,blur,low
0.1452627331018448,0.2153609991073608,0.0471852719783782,0.6586989164352417,2.9380593299865723,0.0972528755664825,0.0001392077538184,0.0972528755664825,24.592256553500302,0.9960737175944616,0.5553763343768408,0.684440976571374,OAS1_0034_MR1_mpr-3_anon,blur,medium
0.1866868436336517,0.2590859532356262,0.0682229921221733,0.7030020952224731,3.198477029800415,0.0791728198528289,2.362956183787901e-05,0.0791728198528289,12.76643736596201,0.998625905563018,0.5192665539948141,0.6657202555614903,OAS1_0034_MR1_mpr-3_anon,blur,high
0.0868353173136711,0.1432164758443832,0.021228214725852,0.5853029489517212,2.8574838638305664,0.1552495956420898,0.0116700790822505,0.1552495956420898,159.6366918227252,0.93374515628339,0.4103152446480872,0.5451521718084709,OAS1_0034_MR1_mpr-3_anon,noise,low
0.0885147228837013,0.1423397213220596,0.020974114537239,0.6032571792602539,3.2158737182617188,0.1588794887065887,0.0118129160255193,0.1588794887065887,160.4236192890242,0.9324978306131844,0.2160822779272562,0.4182502229883402,OAS1_0034_MR1_mpr-3_anon,noise,medium
0.0919220000505447,0.140672892332077,0.0204875580966472,0.6398047208786011,3.546517133712769,0.1665230691432953,0.0124425180256366,0.1665230691432953,164.08063378427545,0.9288419754103704,0.1170927301145708,0.2975181204163394,OAS1_0034_MR1_mpr-3_anon,noise,high
0.0845013111829757,0.1429376006126403,0.0211320184171199,0.5678362846374512,2.5521316528320312,0.1510045379400253,0.0115507142618298,0.1510045379400253,156.8271984623928,0.9341130861996644,0.5995755393742386,0.6410480101012754,OAS1_0034_MR1_mpr-3_anon,original,none
0.0833799019455909,0.1411637961864471,0.0205894857645034,0.5677698254585266,2.546972751617432,0.1494506895542144,0.011341749690473,0.1494506895542144,152.72749262791058,0.9340799768564738,0.5995762622881704,0.6413948692927061,OAS1_0034_MR1_mpr-3_anon,original,none
0.0810122638940811,0.1375901848077774,0.0195107739418745,0.5673105120658875,2.536263942718506,0.1458198130130767,0.0108460653573274,0.1458198130130767,144.31511637369795,0.9340628799529772,0.5995790360090831,0.6422967162150697,OAS1_0034_MR1_mpr-3_anon,original,none
0.4451888501644134,0.086038202047348,0.0074564018286764,5.213100433349609,3.052998781204224,0.1054804399609565,0.0040318565443158,0.1054804399609565,55.81224915747549,0.942943202609025,0.4773441214930595,0.5845931300607756,OAS1_0034_MR1_mpr-3_anon,motion,low
0.465147852897644,0.082272857427597,0.0067920265719294,5.660386562347412,3.006179094314575,0.1065332815051078,0.0036939489655196,0.1065332815051078,54.41916432100184,0.9377645673695748,0.4844231612264378,0.5866209472682102,OAS1_0034_MR1_mpr-3_anon,motion,medium
0.453418493270874,0.0814656764268875,0.0066564069129526,5.5883989334106445,3.004079341888428,0.1146669760346412,0.0036674735601991,0.1146669760346412,59.40607981962316,0.9318513945209742,0.4815522719802899,0.578414012173436,OAS1_0034_MR1_mpr-3_anon,motion,high
0.0880937576293945,0.1521768420934677,0.0239651165902614,0.5585882663726807,2.5528757572174072,0.1671676784753799,0.0133978258818387,0.1671676784753799,172.56380423751534,0.9355836487524624,0.6049880656934659,0.6412013585640941,OAS1_0035_MR1_mpr-1_anon,original,none
0.1140682101249694,0.1810242533683776,0.0337519645690918,0.6113549470901489,2.752809524536133,0.1334733068943023,0.0007724146125838,0.1334733068943023,52.333984375,0.9871117612186726,0.5811889286527177,0.6793032026900209,OAS1_0035_MR1_mpr-1_anon,blur,low
0.1311630755662918,0.1923267841339111,0.0377589538693428,0.6661033630371094,2.904451847076416,0.1009398475289344,0.0001240858109667,0.1009398475289344,22.181804582184437,0.995492011579699,0.5583179840999599,0.6783566977216813,OAS1_0035_MR1_mpr-1_anon,blur,medium
0.1577911078929901,0.212030604481697,0.0458742156624794,0.7274309992790222,3.1082706451416016,0.079013742506504,2.188879989262205e-05,0.079013742506504,10.632233025045956,0.9982804022897996,0.5213034834255096,0.6632405703065846,OAS1_0035_MR1_mpr-1_anon,blur,high
0.089800514280796,0.1512876898050308,0.0236890893429517,0.5759781002998352,2.8711190223693848,0.1707791090011596,0.0134241255000233,0.1707791090011596,172.86339685776653,0.935177069975644,0.4033194578945084,0.5394405274418905,OAS1_0035_MR1_mpr-1_anon,noise,low
0.0915053486824035,0.150396391749382,0.0234126448631286,0.5936427116394043,3.23447847366333,0.1744533330202102,0.0135647598654031,0.1744533330202102,173.60951119217216,0.933970602640636,0.2144675189162872,0.4137638883292807,OAS1_0035_MR1_mpr-1_anon,noise,medium
0.0948853343725204,0.1485234051942825,0.0228402055799961,0.6294554471969604,3.5776615142822266,0.1820002198219299,0.0141873024404048,0.1820002198219299,177.1310658174403,0.9304269934648062,0.1157569739915832,0.2919879836192864,OAS1_0035_MR1_mpr-1_anon,noise,high
0.0876648724079132,0.1516835391521453,0.0238047894090414,0.5576770901679993,2.550766944885254,0.1669230908155441,0.0133826415985822,0.1669230908155441,172.28372659122246,0.93537554942621,0.6049877569896788,0.6412445139516556,OAS1_0035_MR1_mpr-1_anon,original,none
0.0869026780128479,0.1506904065608978,0.0234942883253097,0.556674599647522,2.5470738410949707,0.1659838706254959,0.013263295404613,0.1659838706254959,170.61029531441488,0.9351881381647552,0.6049875037518988,0.6414401554973468,OAS1_0035_MR1_mpr-1_anon,original,none
0.0849898979067802,0.1480703949928283,0.0226742643862962,0.5550429821014404,2.5380749702453613,0.1630047261714935,0.0128379296511411,0.1630047261714935,164.82959271599265,0.9349371787212672,0.6049893173291206,0.642108781018141,OAS1_0035_MR1_mpr-1_anon,original,none
0.4324215948581695,0.0872739627957344,0.0076696118339896,4.99493408203125,3.0490190982818604,0.1139381006360054,0.0043662274256348,0.1139381006360054,56.64879198261336,0.9428846478291002,0.4883011385988084,0.5831917076240594,OAS1_0035_MR1_mpr-1_anon,motion,low
0.4632507562637329,0.0853989794850349,0.0073212799616158,5.451329708099365,3.0155029296875,0.1140336394309997,0.0040962239727377,0.1140336394309997,56.498197428385424,0.940477108204219,0.4889538574815832,0.5828325379918242,OAS1_0035_MR1_mpr-1_anon,motion,medium
0.4756096303462982,0.0826786160469055,0.0068629994057118,5.794350624084473,2.990642070770264,0.1188734918832779,0.0038543618284165,0.1188734918832779,57.99044883578432,0.935495503728012,0.4899839577320291,0.5779210562137207,OAS1_0035_MR1_mpr-1_anon,motion,high
0.1070683151483535,0.1542997062206268,0.0246063973754644,0.6735636591911316,3.2984859943389893,0.1963459849357605,0.0144398286938667,0.1963459849357605,182.0247346765855,0.93682996252963,0.4355801475822503,0.4949219772439588,OAS1_0035_MR1_mpr-2_anon,original,none
0.1383118629455566,0.1826571077108383,0.0343530774116516,0.7394753098487854,3.4858689308166504,0.1492651849985122,0.0007985164993442,0.1492651849985122,52.13795752431832,0.987785921860424,0.4093723323961129,0.5934879995182475,OAS1_0035_MR1_mpr-2_anon,blur,low
0.1590770781040191,0.1935485750436782,0.0382123105227947,0.807306706905365,3.664094209671021,0.1122424453496933,0.0001272454974241,0.1122424453496933,22.134513825061276,0.9955391539050676,0.3879839088646553,0.6136858576070678,OAS1_0035_MR1_mpr-2_anon,blur,medium
0.1916849762201309,0.2134588360786438,0.0462044700980186,0.8842411041259766,3.8996872901916495,0.0886390507221221,2.326817593711894e-05,0.0886390507221221,10.627629657820162,0.9982794020422908,0.3539852216012194,0.6040524580850475,OAS1_0035_MR1_mpr-2_anon,blur,high
0.1085726022720336,0.153333842754364,0.0243076533079147,0.6908200979232788,3.606769561767578,0.1993491053581237,0.0144994752481579,0.1993491053581237,182.4476598403033,0.936221129453772,0.2323839126949578,0.389525699327389,OAS1_0035_MR1_mpr-2_anon,noise,low
0.1101450398564338,0.1524273306131363,0.0240275301039218,0.7086094617843628,3.845521688461304,0.202676773071289,0.0147586809471249,0.202676773071289,183.9255484786688,0.93463447233348,0.1303751741904874,0.3047134435442902,OAS1_0035_MR1_mpr-2_anon,noise,medium
0.1131758242845535,0.1503354907035827,0.0233662985265254,0.745193600654602,4.043589115142822,0.209728792309761,0.0158103555440902,0.209728792309761,189.93112218520224,0.9294315061044116,0.0702455125279982,0.2165818656736528,OAS1_0035_MR1_mpr-2_anon,noise,high
0.1070328801870346,0.1540657132863998,0.0245256088674068,0.6743361353874207,3.2982189655303955,0.1968857645988464,0.0145179638639092,0.1968857645988464,182.708891027114,0.936456693494457,0.4355762638693292,0.494461318949999,OAS1_0035_MR1_mpr-2_anon,original,none
0.1064118668437004,0.1531495898962021,0.0242287144064903,0.674830436706543,3.2948293685913086,0.1962907314300537,0.0144369769841432,0.1962907314300537,181.313007070504,0.936116265219202,0.435574740453249,0.4943387600570423,OAS1_0035_MR1_mpr-2_anon,original,none
0.1047538369894027,0.1509483754634857,0.0235251784324646,0.675145149230957,3.2860589027404785,0.1939643323421478,0.0141151873394846,0.1939643323421478,176.63419033873316,0.9356624482282562,0.4355758604232908,0.4945890770576957,OAS1_0035_MR1_mpr-2_anon,original,none
0.4463297724723816,0.0916432738304138,0.0084482980892062,4.899558067321777,3.654999732971192,0.1283327788114547,0.004546892363578,0.1283327788114547,57.93035122740503,0.946689654221285,0.3316542541953062,0.4628250971325792,OAS1_0035_MR1_mpr-2_anon,motion,low
0.460160493850708,0.0895565822720527,0.0080506661906838,5.167958736419678,3.6171646118164062,0.1301294267177581,0.0043398942798376,0.1301294267177581,59.02424555759804,0.9435501808743436,0.3319211284738441,0.461504538681829,OAS1_0035_MR1_mpr-2_anon,motion,medium
0.4771238565444946,0.0875357389450073,0.0076934173703193,5.48872184753418,3.6023106575012207,0.1378366649150848,0.0041572758927941,0.1378366649150848,62.266784907322304,0.9382607826655536,0.3318240132720738,0.4539725498239585,OAS1_0035_MR1_mpr-2_anon,motion,high
0.0909288823604583,0.1530967205762863,0.0241846237331628,0.5739771127700806,2.6466970443725586,0.170454740524292,0.013624832034111,0.170454740524292,174.00353094362748,0.9385241624775928,0.5858917571657333,0.6247844151897879,OAS1_0035_MR1_mpr-3_anon,original,none
0.1183459311723709,0.1830881237983703,0.0344671085476875,0.6274948716163635,2.849679470062256,0.1363694369792938,0.0007757130661047,0.1363694369792938,52.45073673023897,0.9876515948813952,0.5613843714273465,0.6695956444546075,OAS1_0035_MR1_mpr-3_anon,blur,low
0.1359162628650665,0.1941366195678711,0.0384611934423446,0.6838247776031494,3.00752067565918,0.1033123359084129,0.0001261143770534,0.1033123359084129,22.312727385876222,0.9955447173469872,0.5378190370817486,0.670501559636611,OAS1_0035_MR1_mpr-3_anon,blur,medium
0.16338612139225,0.2139737606048584,0.0466198548674583,0.7474517822265625,3.217726469039917,0.080889031291008,2.246861367893871e-05,0.080889031291008,10.641258568857232,0.99830413670697,0.5001621897485888,0.6558249113899806,OAS1_0035_MR1_mpr-3_anon,blur,high
0.0926645547151565,0.15220907330513,0.0239083468914031,0.5911078453063965,2.9747958183288574,0.1741127967834472,0.0136619694530963,0.1741127967834472,174.42102685068167,0.9381223391401908,0.3750511848585837,0.5181405942563531,OAS1_0035_MR1_mpr-3_anon,noise,low
0.0943306162953376,0.1512290388345718,0.0236026830971241,0.6085106730461121,3.3220949172973637,0.1777254790067672,0.0138027295470237,0.1777254790067672,175.0674985399433,0.9369620014310704,0.2017535239504693,0.3986585978068736,OAS1_0035_MR1_mpr-3_anon,noise,medium
0.0979417264461517,0.1496601402759552,0.0231173858046531,0.6438931822776794,3.651109933853149,0.1857643127441406,0.0145459873601794,0.1857643127441406,179.70291760014555,0.9333757066065136,0.1082203779371015,0.280019873209593,OAS1_0035_MR1_mpr-3_anon,noise,high
0.0902804285287857,0.1523029804229736,0.0239267274737358,0.5731699466705322,2.643550157546997,0.1697760075330734,0.0135314427316188,0.1697760075330734,172.65224441827513,0.9383276569896696,0.5858917932111601,0.6249016075190525,OAS1_0035_MR1_mpr-3_anon,original,none
0.0894492715597152,0.1512475460767746,0.0235931258648633,0.5722576379776001,2.63943862915039,0.1687081754207611,0.0133834993466734,0.1687081754207611,170.60077383003986,0.9381438904143524,0.5858923067802312,0.6250923728411746,OAS1_0035_MR1_mpr-3_anon,original,none
0.0876157283782959,0.1488268226385116,0.0228353179991245,0.5707401633262634,2.6306424140930176,0.1659022569656372,0.0129791600629687,0.1659022569656372,165.08396522671572,0.9379022770725816,0.585894259386907,0.6257304696785533,OAS1_0035_MR1_mpr-3_anon,original,none
0.4334039092063904,0.0888480246067047,0.0079421065747737,4.914766788482666,3.1535463333129883,0.1164837181568145,0.0044712112285196,0.1164837181568145,57.49146919998468,0.9437861703660704,0.4641648187757161,0.5664062654732899,OAS1_0035_MR1_mpr-3_anon,motion,low
0.4595703482627868,0.085937812924385,0.0074135661125183,5.375926971435547,3.114875078201294,0.1158350259065628,0.0041339374147355,0.1158350259065628,56.60805855545344,0.941283922957464,0.4647086975167153,0.566285099318234,OAS1_0035_MR1_mpr-3_anon,motion,medium
0.4740704894065857,0.0842339545488357,0.0071277264505624,5.674300193786621,3.089244842529297,0.1225261837244033,0.0039896583184599,0.1225261837244033,59.636252249923416,0.9361400930952966,0.4676840620079304,0.5608947850455601,OAS1_0035_MR1_mpr-3_anon,motion,high
0.1078384071588516,0.1541496813297271,0.0245040003210306,0.6796095371246338,3.3209543228149414,0.1955403685569763,0.0142643619328737,0.1955403685569763,181.3285138298484,0.9365176610818662,0.4302430722364016,0.4894874488583654,OAS1_0035_MR1_mpr-4_anon,original,none
0.1397576928138733,0.1834987103939056,0.0345656313002109,0.7444144487380981,3.510596752166748,0.1498615145683288,0.0007673023501411,0.1498615145683288,51.82084039426317,0.9878278406104446,0.4033663209966696,0.5884304053525357,OAS1_0035_MR1_mpr-4_anon,blur,low
0.1605103313922882,0.194549486041069,0.0385019183158874,0.8115125298500061,3.688690185546875,0.1129800230264663,0.0001263076846953,0.1129800230264663,22.20370543236826,0.9955579128659562,0.3819967761563819,0.6102315651439889,OAS1_0035_MR1_mpr-4_anon,blur,medium
0.1924011409282684,0.213186427950859,0.0461132749915123,0.8886774778366089,3.9229893684387207,0.0888521969318389,2.3184224119177088e-05,0.0888521969318389,10.556013279335172,0.99828671184269,0.3478176572865146,0.6036595236000915,OAS1_0035_MR1_mpr-4_anon,blur,high
0.1092983484268188,0.1531111001968383,0.0241830851882696,0.6967483758926392,3.627964496612549,0.1984437108039856,0.0143134966492652,0.1984437108039856,181.6056771072687,0.935902512044264,0.2280208654120726,0.3845051005101891,OAS1_0035_MR1_mpr-4_anon,noise,low
0.1109216213226318,0.1522666215896606,0.0239227470010519,0.7143484354019165,3.864499568939209,0.2018629014492035,0.0145966652780771,0.2018629014492035,183.3492925905714,0.9343273730160776,0.1278855935965163,0.300646522957587,OAS1_0035_MR1_mpr-4_anon,noise,medium
0.1141289323568344,0.1503979861736297,0.0233403407037258,0.7507237195968628,4.060643196105957,0.2091799676418304,0.0157064404338598,0.2091799676418304,189.94557195925245,0.92915593244966,0.0689064779854842,0.2138155256416052,OAS1_0035_MR1_mpr-4_anon,noise,high
0.1076950281858444,0.1537728011608123,0.0243738181889057,0.6804754137992859,3.320216417312622,0.195880115032196,0.0143142594024539,0.195880115032196,181.5326541676241,0.936158489758022,0.430239631089417,0.4890740021410322,OAS1_0035_MR1_mpr-4_anon,original,none
0.1072214245796203,0.1530446708202362,0.0241392217576503,0.6810476779937744,3.317554473876953,0.1955623626708984,0.0142783895134925,0.1955623626708984,180.6191718606388,0.9358327683553844,0.4302377810632005,0.488884722266086,OAS1_0035_MR1_mpr-4_anon,original,none
0.1055395677685737,0.1508097201585769,0.0234301947057247,0.6814557909965515,3.3087100982666016,0.1932098269462585,0.0139569165185093,0.1932098269462585,175.80194259344364,0.9353990041453752,0.4302381091924206,0.4891258712501274,OAS1_0035_MR1_mpr-4_anon,original,none
0.4455500841140747,0.0916241407394409,0.0084430743008852,4.893311977386475,3.686793088912964,0.1273131668567657,0.0044906660914421,0.1273131668567657,57.75343855315563,0.9470227549967865,0.322158645429603,0.4565684496537378,OAS1_0035_MR1_mpr-4_anon,motion,low
0.4596726298332214,0.090066909790039,0.0081428410485386,5.131222724914551,3.6487457752227774,0.1297446936368942,0.0043053412809967,0.1297446936368942,59.16417703067556,0.9439516747452312,0.3237881627041924,0.4548907061328605,OAS1_0035_MR1_mpr-4_anon,motion,medium
0.4741361141204834,0.0878245532512664,0.0077427485957741,5.431829452514648,3.6312851905822754,0.1374357342720031,0.0041247867047786,0.1374357342720031,62.4721892712163,0.9385699679027592,0.3237619618694158,0.4480131063394614,OAS1_0035_MR1_mpr-4_anon,motion,high
0.0928788110613823,0.1614387780427932,0.027559258043766,0.5406183004379272,2.298863410949707,0.1576455235481262,0.0148103293031454,0.1576455235481262,191.80433517156868,0.9322369250983834,0.6582900782384971,0.6861297524410266,OAS1_0037_MR1_mpr-1_anon,original,none
0.1138646677136421,0.1857326924800872,0.0359790027141571,0.5835044980049133,2.451100826263428,0.1170833855867385,0.0006471929373219,0.1170833855867385,46.51534711052391,0.9878815943974976,0.6358720222648033,0.7185246771807664,OAS1_0037_MR1_mpr-1_anon,blur,low
0.1314164698123932,0.2030393481254577,0.0424982830882072,0.622020423412323,2.6001622676849365,0.0857823938131332,9.91996785160154e-05,0.0857823938131332,19.52527956495098,0.9962967887172324,0.6138036255564427,0.7178386270741992,OAS1_0037_MR1_mpr-1_anon,blur,medium
0.1607605069875717,0.2337529808282852,0.0560494512319564,0.6633734703063965,2.821705818176269,0.069289244711399,1.73167518369155e-05,0.069289244711399,10.763676422717529,0.9985833142897148,0.5779884925778116,0.7059090482080013,OAS1_0037_MR1_mpr-1_anon,blur,high
0.0946865528821945,0.1601763069629669,0.027133472263813,0.5613581538200378,2.6834828853607178,0.1616148650646209,0.0147826755419373,0.1616148650646209,191.4486954034544,0.9316860940765131,0.4107302543554326,0.5606311268974145,OAS1_0037_MR1_mpr-1_anon,noise,low
0.096483826637268,0.1589286029338836,0.0267102364450693,0.5823739767074585,3.0779504776000977,0.1656332612037658,0.0148775186389684,0.1656332612037658,191.55515112783397,0.9302226183407332,0.2224640508098695,0.4281123287603706,OAS1_0037_MR1_mpr-1_anon,noise,medium
0.0999817997217178,0.1563442051410675,0.0258439090102911,0.6246950626373291,3.463381290435791,0.1737514734268188,0.015431635081768,0.1737514734268188,193.7993979061351,0.9257717567303998,0.1194208887033614,0.2967466617026208,OAS1_0037_MR1_mpr-1_anon,noise,high
0.0912751480937004,0.1592933535575866,0.0267852824181318,0.5393060445785522,2.2936065196990967,0.1553325951099395,0.0144743351265788,0.1553325951099395,186.33509784773287,0.9322138492211296,0.6582905296014966,0.6865562185937658,OAS1_0037_MR1_mpr-1_anon,original,none
0.0893003940582275,0.1565850973129272,0.0258355252444744,0.5378944873809814,2.2869677543640137,0.1523321270942688,0.014016818255186,0.1523321270942688,179.43083280675555,0.9322026301318752,0.6582914249449078,0.6870850642066324,OAS1_0037_MR1_mpr-1_anon,original,none
0.0864910930395126,0.1527672111988067,0.0245270039886236,0.5356465578079224,2.2774715423583984,0.1480352282524109,0.0133747961372137,0.1480352282524109,169.85388590494796,0.9322032658593256,0.6582930547746098,0.68792228463683,OAS1_0037_MR1_mpr-1_anon,original,none
0.4631105363368988,0.0887985527515411,0.0079335952177643,5.249103546142578,2.8751187324523926,0.1042797714471817,0.0044190771877765,0.1042797714471817,58.53388719745711,0.9424802963541726,0.5298136867016006,0.6161664759623481,OAS1_0037_MR1_mpr-1_anon,motion,low
0.4607320427894592,0.087222009897232,0.0076422169804573,5.311659812927246,2.8323655128479004,0.1053018644452095,0.0042394683696329,0.1053018644452095,58.89914694393383,0.9414562255740088,0.5336578093051723,0.6173166566624122,OAS1_0037_MR1_mpr-1_anon,motion,medium
0.4765939116477966,0.0859827399253845,0.0074244285933673,5.581390380859375,2.825110912322998,0.1137842163443565,0.0040919240564107,0.1137842163443565,62.43116838043811,0.9356375473026984,0.5344695746520549,0.6087123424054783,OAS1_0037_MR1_mpr-1_anon,motion,high
0.0928217023611068,0.163127914071083,0.0281180758029222,0.5351730585098267,2.289496898651123,0.160800039768219,0.0160369612276554,0.160800039768219,207.96054376340385,0.9294151193549116,0.6602442120653644,0.6882634025180321,OAS1_0037_MR1_mpr-2_anon,original,none
0.1128553003072738,0.1854368299245834,0.0358612015843391,0.5794798135757446,2.439466714859009,0.1177970245480537,0.0007007349049672,0.1177970245480537,47.92322160309436,0.9875311437410352,0.638016218130466,0.7208058223993301,OAS1_0037_MR1_mpr-2_anon,blur,low
0.130110889673233,0.2023040652275085,0.0421712286770343,0.6184592247009277,2.588627338409424,0.0857834219932556,0.0001022653159452,0.0857834219932556,19.706800513174016,0.9962555970115172,0.616035505668787,0.7197422154144354,OAS1_0037_MR1_mpr-2_anon,blur,medium
0.1595689207315445,0.233264148235321,0.055830143392086,0.6598777770996094,2.810112476348877,0.0691058635711669,1.7689097148831934e-05,0.0691058635711669,10.826458859911153,0.9985741534498208,0.5803883986816055,0.707509080784825,OAS1_0037_MR1_mpr-2_anon,blur,high
0.0945985913276672,0.1618128269910812,0.0276663526892662,0.5555822849273682,2.675920963287353,0.1647150814533233,0.0159923359751701,0.1647150814533233,207.36845882640165,0.9288712526858276,0.4113103502448414,0.5620208127107822,OAS1_0037_MR1_mpr-2_anon,noise,low
0.0963548570871353,0.1604623794555664,0.0272088330239057,0.5762382745742798,3.070981979370117,0.1686615347862243,0.0160698313266038,0.1686615347862243,207.2286510991115,0.927419182079408,0.222967582898286,0.4293144286549107,OAS1_0037_MR1_mpr-2_anon,noise,medium
0.0997555702924728,0.1577197611331939,0.0262750405818223,0.6178879737854004,3.4559109210968018,0.1765814423561096,0.0165579188615083,0.1765814423561096,208.7320081523821,0.9230897486330476,0.1196947909742046,0.2975303126480578,OAS1_0037_MR1_mpr-2_anon,noise,high
0.0909429267048835,0.1605142056941986,0.0271671675145626,0.5339276194572449,2.283130407333374,0.1579590141773224,0.0155760161578655,0.1579590141773224,200.73348484413305,0.9293806675580132,0.6602449248693512,0.6887384295916958,OAS1_0037_MR1_mpr-2_anon,original,none
0.0889356136322021,0.1577071845531463,0.026171687990427,0.5325831174850464,2.276304244995117,0.1548527479171753,0.0150704775005579,0.1548527479171753,193.0826001933977,0.9293610197588728,0.6602458603771435,0.6892957475777309,OAS1_0037_MR1_mpr-2_anon,original,none
0.0860862731933593,0.1537634432315826,0.0248107574880123,0.5304341316223145,2.26652193069458,0.1503992080688476,0.0143604185432195,0.1503992080688476,182.47914991191797,0.9293637448767716,0.6602473384392276,0.690169527406148,OAS1_0037_MR1_mpr-2_anon,original,none
0.4680326581001282,0.0892023295164108,0.008000262081623,5.277456283569336,2.858618974685669,0.1065046191215515,0.00476486235857,0.1065046191215515,63.16082308900123,0.9386961354404566,0.5339018297970961,0.619426040718436,OAS1_0037_MR1_mpr-2_anon,motion,low
0.4622843861579895,0.0874460041522979,0.0076938774436712,5.327159404754639,2.811706781387329,0.1069932132959365,0.0045331306755542,0.1069932132959365,62.80686753216912,0.9380640530574492,0.5382940169699746,0.6213132183732746,OAS1_0037_MR1_mpr-2_anon,motion,medium
0.4775573015213012,0.0857335329055786,0.0073812766931951,5.609307289123535,2.799813270568848,0.1146577149629592,0.0043239491060376,0.1146577149629592,65.49346923828125,0.9322306004281652,0.5396904104216855,0.6132111949508233,OAS1_0037_MR1_mpr-2_anon,motion,high
0.0938716381788253,0.1634173542261123,0.0282158851623535,0.5399245023727417,2.301757335662842,0.1590337455272674,0.0150476712733507,0.1590337455272674,197.54148260378372,0.9317281432393444,0.6583373278816866,0.686364812266762,OAS1_0037_MR1_mpr-3_anon,original,none
0.1146246343851089,0.1871640682220459,0.0365491658449173,0.58277428150177,2.453749418258667,0.1177233457565307,0.0006669145659543,0.1177233457565307,47.33494442210478,0.9877461761736754,0.6359979584850024,0.7190300138552981,OAS1_0037_MR1_mpr-3_anon,blur,low
0.1325415074825287,0.2051002830266952,0.0433734282851219,0.6210678815841675,2.604959487915039,0.0865557864308357,0.0001009950501611,0.0865557864308357,19.824383903952203,0.996319599393608,0.6138766213227327,0.717717249431594,OAS1_0037_MR1_mpr-3_anon,blur,medium
0.1616777032613754,0.2356582731008529,0.0569664761424064,0.6621098518371582,2.826449394226074,0.0696324333548545,1.757690915837884e-05,0.0696324333548545,10.857267731311277,0.9985918206928904,0.5780188009272818,0.7057528875247423,OAS1_0037_MR1_mpr-3_anon,blur,high
0.0956617593765258,0.1620713472366333,0.0277556516230106,0.5604884028434753,2.6943960189819336,0.1629949063062667,0.0150086861103773,0.1629949063062667,197.00691552255668,0.9311821695375784,0.4052358024858289,0.5577541155906292,OAS1_0037_MR1_mpr-3_anon,noise,low
0.0975222438573837,0.1608670949935913,0.0273436307907104,0.5813782811164856,3.0889382362365723,0.1671497523784637,0.0151200350373983,0.1671497523784637,197.2487713982077,0.9297409032711726,0.2200213597503036,0.4256006501963397,OAS1_0037_MR1_mpr-3_anon,noise,medium
0.1009469851851463,0.1580737382173538,0.0263922531157732,0.6233496069908142,3.4731287956237797,0.1751498579978943,0.0156488474458456,0.1751498579978943,199.0266574036841,0.9254158283994594,0.1180126521495618,0.2945123934995282,OAS1_0037_MR1_mpr-3_anon,noise,high
0.0921162739396095,0.1610039174556732,0.0273370314389467,0.5387024879455566,2.295974016189575,0.1564686298370361,0.0146667081862688,0.1564686298370361,191.3310532513787,0.9316884787276783,0.6583379614408494,0.6868019447052442,OAS1_0037_MR1_mpr-3_anon,original,none
0.0901230126619339,0.1582411080598831,0.0263527333736419,0.537373960018158,2.2892956733703613,0.1534626632928848,0.0142102902755141,0.1534626632928848,184.24086698644305,0.9316658509289282,0.6583387541574406,0.6873664053532778,OAS1_0037_MR1_mpr-3_anon,original,none
0.0873050242662429,0.1543906927108764,0.0250180624425411,0.5352376699447632,2.2798423767089844,0.1491689085960388,0.0135728921741247,0.1491689085960388,174.4875366210938,0.9316504677389694,0.6583401613516524,0.6882100983339942,OAS1_0037_MR1_mpr-3_anon,original,none
0.4684467315673828,0.0898432508111,0.0081205368041992,5.246356010437012,2.884085178375244,0.1056730598211288,0.0045124273747205,0.1056730598211288,60.59072289560356,0.9420658670616736,0.528858257624119,0.615155617465118,OAS1_0037_MR1_mpr-3_anon,motion,low
0.4625125825405121,0.0883930921554565,0.0078588798642158,5.270519256591797,2.839681386947632,0.1067972481250763,0.0043294206261634,0.1067972481250763,60.88613496668199,0.9411932458768136,0.5328645365988235,0.6173167271266069,OAS1_0037_MR1_mpr-3_anon,motion,medium
0.4755722880363464,0.086496964097023,0.0075109731405973,5.532525062561035,2.831009149551392,0.1144890561699867,0.0041020014323294,0.1144890561699867,63.487208467371325,0.9353104919155936,0.5331066162174997,0.608779860133579,OAS1_0037_MR1_mpr-3_anon,motion,high
0.0927409082651138,0.1622742712497711,0.0278178453445434,0.5376747846603394,2.285768747329712,0.1580688059329986,0.015204656869173,0.1580688059329986,200.35518104702825,0.9300633347064076,0.6609998303812419,0.6887394108704833,OAS1_0037_MR1_mpr-4_anon,original,none
0.1143721863627433,0.1873537003993988,0.0366232469677925,0.5809977054595947,2.4414432048797607,0.1179393455386161,0.0006851032958365,0.1179393455386161,48.04415187461704,0.9877994999079656,0.6386600880076829,0.7202666907102733,OAS1_0037_MR1_mpr-4_anon,blur,low
0.1319596469402313,0.2048732787370681,0.0432487651705741,0.6193522214889526,2.590902328491211,0.0862518399953842,0.0001018243929138,0.0862518399953842,19.86440477558211,0.9963503851338154,0.6165959482779769,0.7189371180481491,OAS1_0037_MR1_mpr-4_anon,blur,medium
0.1613354980945587,0.2357928305864334,0.057036817073822,0.6602386236190796,2.8122782707214355,0.0694639682769775,1.762934698490426e-05,0.0694639682769775,10.905240167356006,0.9985941156382484,0.5808240653464722,0.7069198641543435,OAS1_0037_MR1_mpr-4_anon,blur,high
0.0945656970143318,0.1610297560691833,0.0273939110338687,0.5582085847854614,2.6723008155822754,0.1620688438415527,0.0151757225394248,0.1620688438415527,199.96858879538144,0.9295206814066056,0.4124815661742426,0.562770337123179,OAS1_0037_MR1_mpr-4_anon,noise,low
0.0962949246168136,0.1596329659223556,0.0269219260662794,0.5790767669677734,3.068619966506958,0.1659959852695465,0.0152525417506694,0.1659959852695465,199.82009504729623,0.9280555124483127,0.2232480085155324,0.4294374842799248,OAS1_0037_MR1_mpr-4_anon,noise,medium
0.0998872369527816,0.1571693420410156,0.0260926745831966,0.6209347248077393,3.4571797847747803,0.1742680966854095,0.0158214699476957,0.1742680966854095,202.218784347235,0.9236496522866168,0.1197387161286196,0.2972800262030418,OAS1_0037_MR1_mpr-4_anon,noise,high
0.0911550149321556,0.1601006388664245,0.0270335841923952,0.536418080329895,2.280463695526123,0.1557713896036148,0.0148527808487415,0.1557713896036148,194.5642372280944,0.9300659891115473,0.6610005264350522,0.6891879897955201,OAS1_0037_MR1_mpr-4_anon,original,none
0.0893054157495498,0.15753835439682,0.0261296164244413,0.535054087638855,2.274216890335083,0.1529888808727264,0.0144176306203007,0.1529888808727264,187.78148576325063,0.9300767040069738,0.6610013610736252,0.6896527070298863,OAS1_0037_MR1_mpr-4_anon,original,none
0.0864586308598518,0.1536244601011276,0.0247796066105365,0.532863974571228,2.264564275741577,0.1486189365386963,0.0137378014624118,0.1486189365386963,177.47041111366423,0.9301198370557968,0.661002779482025,0.6905362519227021,OAS1_0037_MR1_mpr-4_anon,original,none
0.4675602316856384,0.0889616757631301,0.0079575292766094,5.286255836486816,2.8545641899108887,0.104735180735588,0.0045336689800024,0.104735180735588,61.124317842371326,0.9402927699334974,0.5350153546981847,0.6197770458963562,OAS1_0037_MR1_mpr-4_anon,motion,low
0.4635631442070007,0.0876696035265922,0.0077268993481993,5.323291778564453,2.8148515224456787,0.1060354635119438,0.0043692411854863,0.1060354635119438,61.60096244064032,0.9394663500702576,0.5383166446799885,0.6211946978756182,OAS1_0037_MR1_mpr-4_anon,motion,medium
0.4757010042667389,0.0861084014177322,0.0074478080496191,5.565264225006104,2.799144744873047,0.1140076220035553,0.0041803382337093,0.1140076220035553,64.64356904871323,0.9336043588529804,0.5408408441908009,0.6131434163368177,OAS1_0037_MR1_mpr-4_anon,motion,high
0.0793956890702247,0.1292070150375366,0.0176863130182027,0.5884099006652832,2.592041015625,0.1429337710142135,0.0133727621287107,0.1429337710142135,153.09423014322917,0.9133902976182254,0.5824188137244657,0.6179563027256685,OAS1_0038_MR1_mpr-1_anon,original,none
0.112511396408081,0.1693608611822128,0.0301288347691297,0.6439270377159119,2.7808332443237305,0.1094356477260589,0.0005524972220882,0.1094356477260589,36.470132745481,0.988425884714814,0.5575717735432881,0.6785749719235726,OAS1_0038_MR1_mpr-1_anon,blur,low
0.1491533517837524,0.2091172635555267,0.0457866415381431,0.688210129737854,3.0163893699646,0.0928499400615692,0.0001139874220825,0.0928499400615692,20.740551757812497,0.9965392028537188,0.5341941981834253,0.6799770257899584,OAS1_0038_MR1_mpr-1_anon,blur,medium
0.1793548315763473,0.2385363280773162,0.0585982166230678,0.7303835153579712,3.2709903717041016,0.071758896112442,1.9404789782129228e-05,0.071758896112442,9.53829082414216,0.998824905351447,0.4975436021983245,0.6651654180853456,OAS1_0038_MR1_mpr-1_anon,blur,high
0.0809241086244583,0.1283215433359146,0.0174575857818126,0.6094796657562256,2.85964298248291,0.1461270749568939,0.0133850378915667,0.1461270749568939,153.22826813342527,0.9126435408172848,0.4209962775598073,0.5361208712584697,OAS1_0038_MR1_mpr-1_anon,noise,low
0.082459807395935,0.1274800896644592,0.0172385443001985,0.6309221982955933,3.2199416160583496,0.1494127511978149,0.0135029666125774,0.1494127511978149,153.85950449027263,0.9104910923301684,0.2184227906378303,0.4093982616542548,OAS1_0038_MR1_mpr-1_anon,noise,medium
0.085589662194252,0.1258779466152191,0.0168189443647861,0.6745960712432861,3.556697368621826,0.15632164478302,0.0140644405037164,0.15632164478302,157.12257702397366,0.9043810352149356,0.1191845282474572,0.2934381444052466,OAS1_0038_MR1_mpr-1_anon,noise,high
0.0796830952167511,0.1293984949588775,0.0177330486476421,0.5893419981002808,2.593250036239624,0.1438846886157989,0.013546010479331,0.1438846886157989,154.59131170534624,0.9130526907320612,0.5824168272505439,0.6176109646849601,OAS1_0038_MR1_mpr-1_anon,original,none
0.0798660740256309,0.1294803619384765,0.0177522525191307,0.5900825262069702,2.593844413757324,0.1446298658847808,0.013688925653696,0.1446298658847808,155.74514567057292,0.9127410561368108,0.5824156180967408,0.6173186124803323,OAS1_0038_MR1_mpr-1_anon,original,none
0.0799771025776863,0.1294319033622741,0.0177407339215278,0.5908833742141724,2.5939321517944336,0.1454102396965026,0.0138528831303119,0.1454102396965026,156.9056049421722,0.9123152572320052,0.5824141018656313,0.6170800367412783,OAS1_0038_MR1_mpr-1_anon,original,none
0.4459843039512634,0.0845119655132293,0.0072137806564569,5.303473472595215,3.0954720973968506,0.1054286062717437,0.0053937099874019,0.1054286062717437,63.18863022748162,0.9323673354128263,0.4673270235190769,0.5574346382926332,OAS1_0038_MR1_mpr-1_anon,motion,low
0.4564248919486999,0.0766661912202835,0.0059245619922876,5.991671562194824,3.015577793121338,0.1000009179115295,0.004443360492587,0.1000009179115295,54.1747501148897,0.9289382202274998,0.4737349030622086,0.56774408683151,OAS1_0038_MR1_mpr-1_anon,motion,medium
0.4569724500179291,0.0772118642926216,0.0059932074509561,5.956070899963379,3.008915901184082,0.1089166700839996,0.0045389318838715,0.1089166700839996,60.35887020335478,0.9221999201742372,0.4741708541914089,0.5619564328619004,OAS1_0038_MR1_mpr-1_anon,motion,high
0.07404325902462,0.1283305883407592,0.0175966434180736,0.547690749168396,2.439751625061035,0.1262170523405075,0.0088415564969182,0.1262170523405075,113.60620212928922,0.9291119887807552,0.6103091859261989,0.6533578939220261,OAS1_0038_MR1_mpr-2_anon,original,none
0.1036853194236755,0.1672029048204422,0.0295999236404895,0.5945092439651489,2.6152219772338867,0.1048517227172851,0.0005131624639034,0.1048517227172851,35.626802810968144,0.9880499954856228,0.5890004705020133,0.7075994542562086,OAS1_0038_MR1_mpr-2_anon,blur,low
0.1369711756706237,0.2051164954900741,0.0444742701947689,0.6372910141944885,2.83495569229126,0.0903143808245658,0.0001129661104641,0.0903143808245658,20.96495217715993,0.996326768536172,0.5671547782459495,0.7004586366065282,OAS1_0038_MR1_mpr-2_anon,blur,medium
0.1679846346378326,0.2380281388759613,0.0587732940912246,0.6792625784873962,3.081605195999145,0.070925772190094,2.071070775855333e-05,0.070925772190094,10.155196605009191,0.9987507468336816,0.5323980825515096,0.6853051437298094,OAS1_0038_MR1_mpr-2_anon,blur,high
0.0755483359098434,0.1275604963302612,0.0173952654004097,0.5699757933616638,2.6770591735839844,0.1294139325618744,0.008865650743246,0.1294139325618744,113.80015402401196,0.9283927680728512,0.4696760867412323,0.5823447680076208,OAS1_0038_MR1_mpr-2_anon,noise,low
0.0770916491746902,0.126841053366661,0.017204824835062,0.592650830745697,3.0530009269714355,0.1327738761901855,0.0089846355840563,0.1327738761901855,114.58478441425396,0.9262679997750938,0.2410962518810227,0.4456238736650715,OAS1_0038_MR1_mpr-2_anon,noise,medium
0.0802388861775398,0.1255219578742981,0.0168527979403734,0.6384347677230835,3.389072895050049,0.1398060917854309,0.0094895530492067,0.1398060917854309,117.64354403626686,0.9199551919038472,0.132749131077671,0.3238045051773039,OAS1_0038_MR1_mpr-2_anon,noise,high
0.0741651058197021,0.1283178329467773,0.0175890550017356,0.548261821269989,2.4401960372924805,0.1268355846405029,0.0089340927079319,0.1268355846405029,114.30340217141544,0.9288886834754336,0.6103071798235882,0.653006233819301,OAS1_0038_MR1_mpr-2_anon,original,none
0.0742070376873016,0.1282205879688263,0.0175607837736606,0.5486776828765869,2.4401984214782715,0.1272989809513092,0.0090098222717642,0.1272989809513092,114.7957758884804,0.9286780183511298,0.6103052242198541,0.6527490574934468,OAS1_0038_MR1_mpr-2_anon,original,none
0.0741305351257324,0.1279193609952926,0.0174807421863079,0.5490524768829346,2.439713716506958,0.1277235150337219,0.0090937754139304,0.1277235150337219,115.1759174421722,0.9283876980748282,0.6103037651612564,0.6524878841233048,OAS1_0038_MR1_mpr-2_anon,original,none
0.4409435093402862,0.0836101919412612,0.0070619583129882,5.311315536499023,2.969749212265014,0.0966843217611312,0.0036721739452332,0.0966843217611312,48.43234887216605,0.947188964491865,0.4909733661334701,0.5940865213504422,OAS1_0038_MR1_mpr-2_anon,motion,low
0.4519808292388916,0.0753752961754798,0.0057286666706204,6.038632392883301,2.880558729171753,0.0916092693805694,0.0029643373563885,0.0916092693805694,41.064673330269606,0.9441137308874348,0.4994867062186146,0.604516000731312,OAS1_0038_MR1_mpr-2_anon,motion,medium
0.4531444907188415,0.0763388201594352,0.0058589009568095,5.974190711975098,2.8866288661956787,0.1010497510433197,0.0030625679064542,0.1010497510433197,47.19042705461091,0.9375691710031604,0.4973117055727655,0.5942727098722485,OAS1_0038_MR1_mpr-2_anon,motion,high
0.0740788727998733,0.1287826895713806,0.017699908465147,0.5459123849868774,2.427309513092041,0.1260570287704467,0.0089318696409463,0.1260570287704467,114.22161721622244,0.929299494120722,0.6133261204135889,0.6559071323036403,OAS1_0038_MR1_mpr-3_anon,original,none
0.1034644395112991,0.1673476248979568,0.0296421125531196,0.5921804904937744,2.602076768875122,0.1044490858912468,0.0005098221590742,0.1044490858912468,35.364814309512866,0.9879655870737092,0.5919987270913944,0.7090914101849057,OAS1_0038_MR1_mpr-3_anon,blur,low
0.1367617547512054,0.2053936421871185,0.0447235852479934,0.6346638202667236,2.821041345596313,0.0900149941444397,0.0001124186965171,0.0900149941444397,20.84616459865196,0.9962932310352246,0.5701145030306525,0.7017930658067567,OAS1_0038_MR1_mpr-3_anon,blur,medium
0.166849210858345,0.2374658584594726,0.0585297495126724,0.6763646006584167,3.064943790435791,0.0703530833125114,2.0344779841252603e-05,0.0703530833125114,9.99248717064951,0.9987589628707688,0.5354721877065339,0.6871286297729885,OAS1_0038_MR1_mpr-3_anon,blur,high
0.0755863264203071,0.1279832422733307,0.0174915827810764,0.5681596994400024,2.667660713195801,0.1292720735073089,0.0089519768953323,0.1292720735073089,114.37973213943782,0.9286029705847154,0.4707509636312262,0.5839345927267853,OAS1_0038_MR1_mpr-3_anon,noise,low
0.0771312564611435,0.1272536814212799,0.017294768244028,0.5908257365226746,3.046234607696533,0.1326424777507782,0.0090696718543767,0.1326424777507782,115.1256845511642,0.9265001573163124,0.2416855187382885,0.4466091698581608,OAS1_0038_MR1_mpr-3_anon,noise,medium
0.0803100019693374,0.1259068995714187,0.0169346556067466,0.6365185379981995,3.38547420501709,0.1397495418787002,0.0095815323293209,0.1397495418787002,118.2597284055224,0.9202633749567596,0.1329485311493296,0.3240408480642375,OAS1_0038_MR1_mpr-3_anon,noise,high
0.0742614120244979,0.1288528740406036,0.0177146103233099,0.5464892983436584,2.4281015396118164,0.126784399151802,0.0090412944555282,0.126784399151802,115.1339963426777,0.9290766426645936,0.6133241351079566,0.6555175586107794,OAS1_0038_MR1_mpr-3_anon,original,none
0.0743368342518806,0.128796100616455,0.0176955331116914,0.5469114184379578,2.4282941818237305,0.1273150146007537,0.0091273607686162,0.1273150146007537,115.7515033796722,0.9288704713356338,0.6133219988033656,0.6552868645328659,OAS1_0038_MR1_mpr-3_anon,original,none
0.0742892026901245,0.1285178959369659,0.0176186095923185,0.5472959876060486,2.4279913902282715,0.1278115510940551,0.0092230672016739,0.1278115510940551,116.2744193282782,0.9285868635637504,0.6133202862978857,0.6550174104970853,OAS1_0038_MR1_mpr-3_anon,original,none
0.4397859573364258,0.0846637487411499,0.0072435121983289,5.231759071350098,2.9713196754455566,0.0975903496146202,0.0037867939099669,0.0975903496146202,49.71415058210785,0.9472414115615202,0.4923576019107104,0.5944065166397745,OAS1_0038_MR1_mpr-3_anon,motion,low
0.4504871368408203,0.0759554654359817,0.0058256261982023,5.976167678833008,2.8784708976745605,0.0919181257486343,0.0030185016803443,0.0919181257486343,41.62382118374694,0.9441320213630058,0.5010230033984631,0.6053956762128603,OAS1_0038_MR1_mpr-3_anon,motion,medium
0.4533312022686004,0.0766964256763458,0.005918794311583,5.950439453125,2.8821136951446533,0.1012040078639984,0.00310291768983,0.1012040078639984,47.57955824908088,0.9376208488938363,0.4991797176399132,0.5955418948944169,OAS1_0038_MR1_mpr-3_anon,motion,high
0.0757816061377525,0.1412037312984466,0.0203600209206342,0.5232433080673218,2.3526434898376465,0.1339788138866424,0.0097119845449924,0.1339788138866424,144.8547638537837,0.939693643015967,0.6369726871107273,0.676170639753972,OAS1_0039_MR1_mpr-1_anon,original,none
0.0968656465411186,0.1676648259162902,0.0286874398589134,0.5646193027496338,2.5123534202575684,0.1045420095324516,0.0005541690043173,0.1045420095324516,45.592551078048416,0.9871493888302716,0.6162631225257124,0.7253002946249225,OAS1_0039_MR1_mpr-1_anon,blur,low
0.1146863400936126,0.1857020258903503,0.0349905230104923,0.6063671112060547,2.671541690826416,0.0827194154262542,9.644894453231244e-05,0.0827194154262542,21.43165235332414,0.9952973864462996,0.5959041346465594,0.7235431847690229,OAS1_0039_MR1_mpr-1_anon,blur,medium
0.1445085704326629,0.2163807451725006,0.0474149137735366,0.6547077298164368,2.8988587856292725,0.0699058696627616,2.1432853827718645e-05,0.0699058696627616,11.571979118795957,0.9981956729694492,0.5627462469033935,0.7067744686146085,OAS1_0039_MR1_mpr-1_anon,blur,high
0.0773684978485107,0.1404644846916198,0.0201505664736032,0.5384812355041504,2.597923755645752,0.1373581886291504,0.009736992418766,0.1373581886291504,145.14315388997397,0.9394599544747202,0.4923324322296079,0.6034586401809526,OAS1_0039_MR1_mpr-1_anon,noise,low
0.0789711996912956,0.1397583186626434,0.0199493132531642,0.5539364814758301,2.991499423980713,0.1408403068780899,0.0098530165851116,0.1408403068780899,145.87134387446386,0.938558723166608,0.2517947155347636,0.4602908590616659,OAS1_0039_MR1_mpr-1_anon,noise,medium
0.0820809826254844,0.1381738632917404,0.0194968059659004,0.5853638648986816,3.3472533226013184,0.1478592157363891,0.0103171542286872,0.1478592157363891,148.4072540881587,0.935978673214744,0.1387041261825836,0.3332489978910096,OAS1_0039_MR1_mpr-1_anon,noise,high
0.0754414647817611,0.1408723890781402,0.0202588848769664,0.5219067931175232,2.351102590560913,0.1337150931358337,0.0096823554486036,0.1337150931358337,144.1361943263634,0.939803968848106,0.6369728078735826,0.6762114806431673,OAS1_0039_MR1_mpr-1_anon,original,none
0.0747524350881576,0.1399334371089935,0.0199857093393802,0.5204551815986633,2.3480024337768555,0.1327996253967285,0.0095693580806255,0.1327996253967285,142.16899605545345,0.9399259281877932,0.6369732857001527,0.6764863744614682,OAS1_0039_MR1_mpr-1_anon,original,none
0.0730771273374557,0.1374897509813308,0.0192774273455142,0.5181295871734619,2.34057092666626,0.1302532851696014,0.0092468000948429,0.1302532851696014,136.8883628695619,0.9401144024887728,0.6369750691632785,0.6772405103252138,OAS1_0039_MR1_mpr-1_anon,original,none
0.4602347314357757,0.0814281702041626,0.0066902893595397,5.706799983978272,2.8204421997070312,0.0949048995971679,0.0033462196588516,0.0949048995971679,50.9752561083027,0.939626868386747,0.5294470568481504,0.6264838766791931,OAS1_0039_MR1_mpr-1_anon,motion,low
0.4578380882740021,0.0762901157140731,0.0058545805513858,6.060164451599121,2.750308036804199,0.0904087722301483,0.0029374952428042,0.0904087722301483,46.795296463311885,0.9385981641269256,0.5336394930611643,0.6311571183041782,OAS1_0039_MR1_mpr-1_anon,motion,medium
0.459189236164093,0.0770055651664733,0.0059514641761779,5.999778747558594,2.7580342292785645,0.1008907705545425,0.0029898746870458,0.1008907705545425,52.03863381778493,0.9327400671022744,0.5355396603171851,0.622951081209522,OAS1_0039_MR1_mpr-1_anon,motion,high
0.0780937671661377,0.1426928639411926,0.020820016041398,0.5332803130149841,2.4172892570495605,0.1370462775230407,0.0101551162078976,0.1370462775230407,147.31764681947,0.938196881217047,0.6252698767161255,0.665903490166324,OAS1_0039_MR1_mpr-2_anon,original,none
0.0995475500822067,0.169332206249237,0.0292875189334154,0.5753791928291321,2.578028917312622,0.1062385216355323,0.0005618600989691,0.1062385216355323,45.92715178844976,0.9868181131109232,0.6038696573739225,0.7183487547564513,OAS1_0039_MR1_mpr-2_anon,blur,low
0.1181077510118484,0.1878681778907776,0.0358628183603286,0.6177095174789429,2.7396764755249023,0.0840740501880645,9.900509030558168e-05,0.0840740501880645,21.699288641237743,0.995283627476647,0.5834421759256766,0.7179365862422098,OAS1_0039_MR1_mpr-2_anon,blur,medium
0.1487893611192703,0.2193213403224945,0.0487148985266685,0.6660454273223877,2.972395420074463,0.070947989821434,2.172270978917368e-05,0.070947989821434,11.630654488357845,0.9982335490463304,0.5500328231051548,0.7005381640434694,OAS1_0039_MR1_mpr-2_anon,blur,high
0.0796657800674438,0.1418627500534057,0.0205803252756595,0.5488925576210022,2.677367687225342,0.1403721570968628,0.0101679358631372,0.1403721570968628,147.44002793255976,0.937942458111054,0.4692408474308899,0.5872463425405922,OAS1_0039_MR1_mpr-2_anon,noise,low
0.0812968611717224,0.1411183178424835,0.0203684419393539,0.5647444128990173,3.060011386871338,0.1439034789800644,0.0102915950119495,0.1439034789800644,148.209355133655,0.9370209881873977,0.2413665350445762,0.4486734855806433,OAS1_0039_MR1_mpr-2_anon,noise,medium
0.084454134106636,0.139459416270256,0.0198898613452911,0.5970219373703003,3.406618595123291,0.1509878933429718,0.0107792299240827,0.1509878933429718,150.8272965973499,0.934298358058716,0.1322910852706923,0.3232997290099141,OAS1_0039_MR1_mpr-2_anon,noise,high
0.0776861235499382,0.1422178596258163,0.0206809639930725,0.5320051908493042,2.415339469909668,0.1366713494062423,0.0101085249334573,0.1366713494062423,146.44790015127148,0.9382919442839048,0.6252698857540858,0.6659472685996026,OAS1_0039_MR1_mpr-2_anon,original,none
0.076927863061428,0.1411850303411483,0.0203788690268993,0.5306098461151123,2.411830425262451,0.1356533467769622,0.0099781788885593,0.1356533467769622,144.31123381969977,0.938397052317435,0.6252702305376177,0.6662425758157032,OAS1_0039_MR1_mpr-2_anon,original,none
0.0751209259033203,0.1385663449764251,0.0196130163967609,0.5283594131469727,2.403578519821167,0.1329163908958435,0.0096219703555107,0.1329163908958435,138.70680912990196,0.9385699627439128,0.6252722342040711,0.6670565902562593,OAS1_0039_MR1_mpr-2_anon,original,none
0.4616893827915191,0.0822733342647552,0.0068266284652054,5.662683486938477,2.854978561401367,0.0960265696048736,0.0034466884098947,0.0960265696048736,51.14340580958946,0.940760850055598,0.5235503583928106,0.6207860018999452,OAS1_0039_MR1_mpr-2_anon,motion,low
0.4583422541618347,0.0776183903217315,0.0060612955130636,5.960013389587402,2.7902169227600098,0.0922325477004051,0.0030679730698466,0.0922325477004051,47.619792863434434,0.9394933533981286,0.5268415037040843,0.6249064642257469,OAS1_0039_MR1_mpr-2_anon,motion,medium
0.4611444473266601,0.0784200951457023,0.0061718262732028,5.915470600128174,2.7975058555603027,0.1032976061105728,0.0031423517502844,0.1032976061105728,53.38032130821079,0.9335649374791688,0.529229532895303,0.6164333653227558,OAS1_0039_MR1_mpr-2_anon,motion,high
0.0776086524128913,0.1422542631626129,0.0206809658557176,0.5318547487258911,2.403163433074951,0.1365476250648498,0.0100358352065086,0.1365476250648498,146.79098546645224,0.9395655931526296,0.6279747902751437,0.6679093479687147,OAS1_0039_MR1_mpr-3_anon,original,none
0.0992384105920791,0.1695754528045654,0.0292975585907697,0.5733596086502075,2.5637612342834477,0.1059229224920272,0.0005568904452957,0.1059229224920272,46.061818321078434,0.9870084505484972,0.6069045232954824,0.7188402048048004,OAS1_0039_MR1_mpr-3_anon,blur,low
0.1178862825036048,0.1881093084812164,0.0359342545270919,0.6151354908943176,2.7256221771240234,0.0840751826763153,9.848986519500612e-05,0.0840751826763153,21.910491584329044,0.9952669218635686,0.5864004413714976,0.7188869818517927,OAS1_0039_MR1_mpr-3_anon,blur,medium
0.1473461687564849,0.2179352641105651,0.0480873733758926,0.6633251905441284,2.9524714946746826,0.0705054327845573,2.142250741599128e-05,0.0705054327845573,11.567497223498776,0.9982184162899108,0.5532250053506346,0.7023133952251839,OAS1_0039_MR1_mpr-3_anon,blur,high
0.0791715905070304,0.1414395868778228,0.0204458087682724,0.5471307039260864,2.6579627990722656,0.139886274933815,0.0100567312911152,0.139886274933815,146.99246886010263,0.9393212161112248,0.4753879580236727,0.5913093037435667,OAS1_0039_MR1_mpr-3_anon,noise,low
0.0807821750640869,0.1407119035720825,0.0202367641031742,0.5626354217529297,3.042792320251465,0.1433780938386917,0.0101774968206882,0.1433780938386917,147.7444419711244,0.9384074679235862,0.2443722759025513,0.4518219036091219,OAS1_0039_MR1_mpr-3_anon,noise,medium
0.0840220004320144,0.1391960680484771,0.0198097545653581,0.5942860245704651,3.392805337905884,0.1505825966596603,0.0106826443225145,0.1505825966596603,150.71173287185968,0.9358076947195356,0.1340884829489315,0.3258688735327301,OAS1_0039_MR1_mpr-3_anon,noise,high
0.0773704946041107,0.1420919150114059,0.0206344909965991,0.5305893421173096,2.401902914047241,0.136443942785263,0.0100271049886941,0.136443942785263,146.40748195274207,0.939679519419578,0.6279743062913674,0.6679537471044925,OAS1_0039_MR1_mpr-3_anon,original,none
0.0768357589840889,0.1414217352867126,0.0204431042075157,0.5291998982429504,2.3993172645568848,0.1357968747615814,0.0099470783025026,0.1357968747615814,144.98597316367955,0.9398059686649244,0.6279743883209992,0.668123773886574,OAS1_0039_MR1_mpr-3_anon,original,none
0.075243666768074,0.1391119360923767,0.0197763927280902,0.5269528031349182,2.392042875289917,0.1333965063095092,0.0096333678811788,0.1333965063095092,139.99715408624388,0.939997980326424,0.6279759814441499,0.6688220564405087,OAS1_0039_MR1_mpr-3_anon,original,none
0.4605224728584289,0.0819123685359954,0.0067730229347944,5.682602405548096,2.8454885482788086,0.0959661304950714,0.0034446478821337,0.0959661304950714,51.39478496476716,0.9398974795077948,0.5254206879840646,0.6214476783768187,OAS1_0039_MR1_mpr-3_anon,motion,low
0.4563628435134887,0.0770145207643508,0.0059664561413228,5.977174758911133,2.780778408050537,0.091630682349205,0.003029940649867,0.091630682349205,47.34186341528799,0.9387658711969205,0.528206248452306,0.6259944260022294,OAS1_0039_MR1_mpr-3_anon,motion,medium
0.4566521346569061,0.0781448781490325,0.006128279492259,5.873742580413818,2.78615951538086,0.1027360558509826,0.0031034853309392,0.1027360558509826,53.15196724685968,0.933035924922564,0.5314810483791295,0.6175373985846496,OAS1_0039_MR1_mpr-3_anon,motion,high
0.0833537131547927,0.1555176377296447,0.0251977909356355,0.5088794827461243,2.22510290145874,0.139652132987976,0.0116389449685812,0.139652132987976,144.79193761488972,0.9454548062169296,0.667750849512602,0.6989804691043209,OAS1_0040_MR1_mpr-1_anon,original,none
0.1006762236356735,0.1761975884437561,0.0322470813989639,0.5461490154266357,2.371732711791992,0.1075904890894889,0.0004795244894921,0.1075904890894889,37.79077627144608,0.9894316788918662,0.6472342265399825,0.735781668720991,OAS1_0040_MR1_mpr-1_anon,blur,low
0.1146112754940986,0.1890744566917419,0.0367130599915981,0.5870561599731445,2.5140156745910645,0.0830254703760147,8.987159526441246e-05,0.0830254703760147,19.278578934015016,0.9959268628795682,0.6266495503829866,0.7368072138141298,OAS1_0040_MR1_mpr-1_anon,blur,medium
0.1458312273025512,0.2230131179094314,0.0506320819258689,0.6373074054718018,2.740111351013184,0.0712720900774002,2.2780135623179376e-05,0.0712720900774002,11.775268794041054,0.99828602809026,0.5923755908710668,0.721892876121488,OAS1_0040_MR1_mpr-1_anon,blur,high
0.0851806551218032,0.1546874195337295,0.0249316841363906,0.527171790599823,2.5517144203186035,0.1435743570327758,0.0116608692333102,0.1435743570327758,145.0441157322304,0.9450896909013962,0.4663950268109171,0.5970684659774372,OAS1_0040_MR1_mpr-1_anon,noise,low
0.0870213881134986,0.1538635492324829,0.0246667563915252,0.5456587076187134,2.959702968597412,0.1476079076528549,0.0117972632870078,0.1476079076528549,145.85947301528032,0.944018911555084,0.2439238270453373,0.4542403867341491,OAS1_0040_MR1_mpr-1_anon,noise,medium
0.0906053259968757,0.1520383805036544,0.0240874476730823,0.5830926895141602,3.3466906547546387,0.1556663811206817,0.0123423673212528,0.1556663811206817,148.85819103764553,0.9406455013370928,0.1324281083414513,0.3206445644437564,OAS1_0040_MR1_mpr-1_anon,noise,high
0.08229561150074,0.1541967540979385,0.0247624646872282,0.506905198097229,2.221414089202881,0.1382370591163635,0.011432709172368,0.1382370591163635,141.97841318167897,0.9455679079007482,0.6677512665622445,0.6992841125536293,OAS1_0040_MR1_mpr-1_anon,original,none
0.0809472054243087,0.1524238884449005,0.0241807904094457,0.5048908591270447,2.2164790630340576,0.136310338973999,0.0111520420759916,0.136310338973999,138.2383073395374,0.9456782103509702,0.6677520581869549,0.6997349145668142,OAS1_0040_MR1_mpr-1_anon,original,none
0.0786341279745101,0.1493127942085266,0.0231658834964036,0.501839280128479,2.207866907119751,0.1328855156898498,0.0106525691226124,0.1328855156898498,131.65973618451287,0.9458463155118294,0.6677536603665937,0.7005679258473563,OAS1_0040_MR1_mpr-1_anon,original,none
0.4606150388717651,0.0861006677150726,0.0074413418769836,5.381693840026856,2.7798566818237305,0.0934086143970489,0.0035591050982475,0.0934086143970489,44.69945427389706,0.95384697804215,0.5452685381059635,0.6377038615188695,OAS1_0040_MR1_mpr-1_anon,motion,low
0.4640343189239502,0.0858724415302276,0.0073995003476738,5.432657241821289,2.7791242599487305,0.0977644920349121,0.0035133664496243,0.0977644920349121,47.33948830997243,0.9508444256735572,0.5411409076303517,0.6307992787974399,OAS1_0040_MR1_mpr-1_anon,motion,medium
0.4604711234569549,0.0852559879422187,0.0073021203279495,5.447251319885254,2.7607812881469727,0.1059465333819389,0.0034749652259051,0.1059465333819389,52.09474954044117,0.9459025343597548,0.5429749657250683,0.6236075337881402,OAS1_0040_MR1_mpr-1_anon,motion,high
0.0830505192279815,0.1547907590866089,0.0249526649713516,0.5097863078117371,2.2226290702819824,0.1389555782079696,0.0114476140588521,0.1389555782079696,142.78817306219366,0.9452231638387596,0.6679721381091104,0.6991470805043036,OAS1_0040_MR1_mpr-2_anon,original,none
0.1006725430488586,0.176053300499916,0.0321630463004112,0.5470384359359741,2.370965003967285,0.1074219644069671,0.0004755803965963,0.1074219644069671,37.47603831571691,0.9894615505528204,0.6473813175331506,0.7354887714654972,OAS1_0040_MR1_mpr-2_anon,blur,low
0.114698439836502,0.1891645193099975,0.0366837307810783,0.5877606868743896,2.5134289264678955,0.0830215662717819,8.922020060708746e-05,0.0830215662717819,19.162212656058514,0.9959633677282694,0.6267197387630639,0.7366730195946234,OAS1_0040_MR1_mpr-2_anon,blur,medium
0.1462282836437225,0.2235186398029327,0.0508296117186546,0.6379154324531555,2.740799903869629,0.0714144110679626,2.2719672415405512e-05,0.0714144110679626,11.77214594822304,0.9982919044225887,0.5922399981597086,0.7218190066365254,OAS1_0040_MR1_mpr-2_anon,blur,high
0.0848693549633026,0.1539422273635864,0.02468235604465,0.5282219052314758,2.5483126640319824,0.1428655385971069,0.0114691667258739,0.1428655385971069,143.02451542873007,0.9448384973390982,0.4674273857088665,0.5975919769530933,OAS1_0040_MR1_mpr-2_anon,noise,low
0.0867094248533248,0.1531056761741638,0.0244218055158853,0.5468310117721558,2.955566883087158,0.1468664705753326,0.0115995667874813,0.1468664705753326,143.77712438246783,0.9437341309219276,0.2446111240617184,0.4547861769544518,OAS1_0040_MR1_mpr-2_anon,noise,medium
0.0902466028928756,0.1512693613767624,0.0238303933292627,0.5845282077789307,3.3438034057617188,0.1548680961132049,0.0121321976184844,0.1548680961132049,146.60123673981315,0.940322995414982,0.1326958162039474,0.3211587452346704,OAS1_0040_MR1_mpr-2_anon,noise,high
0.0820593833923339,0.1535683274269104,0.0245560947805643,0.5078129768371582,2.2191686630249023,0.1376479864120483,0.0112627120688557,0.1376479864120483,140.23836933210785,0.9453336778565096,0.6679724926706841,0.6994606423109525,OAS1_0040_MR1_mpr-2_anon,original,none
0.0805136933922767,0.1514915078878402,0.0238699950277805,0.5057990550994873,2.2134337425231934,0.1353965103626251,0.0109309628605842,0.1353965103626251,135.83806343826595,0.9454422470497272,0.6679734306501625,0.6999247976048395,OAS1_0040_MR1_mpr-2_anon,original,none
0.0781477242708206,0.1483023464679718,0.0228334628045558,0.5027469992637634,2.204545021057129,0.1318921446800232,0.010426077991724,0.1318921446800232,129.17935791015628,0.9456102595199156,0.667974964839298,0.7007753014297097,OAS1_0040_MR1_mpr-2_anon,original,none
0.4600367844104767,0.085964411497116,0.0074169235303997,5.381984233856201,2.783403158187866,0.0932932421565055,0.0035229527857154,0.0932932421565055,44.367946250765925,0.9540325907020932,0.5445261849356045,0.6372452967957652,OAS1_0040_MR1_mpr-2_anon,motion,low
0.4620058536529541,0.0859522819519043,0.0074135940521955,5.401142120361328,2.780695915222168,0.0978112667798996,0.003495032666251,0.0978112667798996,47.215636967677696,0.951047167334114,0.5410877413022064,0.6303792352116104,OAS1_0040_MR1_mpr-2_anon,motion,medium
0.459818959236145,0.0850510448217392,0.0072687370702624,5.455313682556152,2.7615342140197754,0.1056854128837585,0.0034363893792033,0.1056854128837585,51.666248276654414,0.9460279551737516,0.5427984119033438,0.623560688178087,OAS1_0040_MR1_mpr-2_anon,motion,high
0.0821398124098777,0.1540712714195251,0.0246712788939476,0.507585883140564,2.2168569564819336,0.138625293970108,0.0113667417317628,0.138625293970108,142.10485504748775,0.945413996212324,0.668622926845518,0.6998843339765972,OAS1_0040_MR1_mpr-3_anon,original,none
0.0997255519032478,0.1752472668886184,0.0318354815244674,0.5449717044830322,2.3647823333740234,0.1074770539999008,0.0004777498252224,0.1074770539999008,37.42056956571691,0.9894479026634012,0.6480931342005394,0.7361897622452807,OAS1_0040_MR1_mpr-3_anon,blur,low
0.1134828478097915,0.187856912612915,0.0361723527312278,0.5861103534698486,2.5064876079559326,0.0828220844268798,8.967584290076047e-05,0.0828220844268798,19.009320427389703,0.99592402582416,0.6275091415828018,0.7375889223348009,OAS1_0040_MR1_mpr-3_anon,blur,medium
0.1445500254631042,0.2215722501277923,0.0499201565980911,0.6368635892868042,2.732516050338745,0.0710133463144302,2.265293369418941e-05,0.0710133463144302,11.622863530177696,0.998277790042583,0.5932100843171225,0.7230151071887123,OAS1_0040_MR1_mpr-3_anon,blur,high
0.0839626491069793,0.1532315611839294,0.0244079120457172,0.5258430242538452,2.538695812225342,0.1425375938415527,0.0113884601742029,0.1425375938415527,142.36063758999694,0.945050293610184,0.4717694931683612,0.6000145916486705,OAS1_0040_MR1_mpr-3_anon,noise,low
0.0857252031564712,0.1523373126983642,0.0241226330399513,0.5443252325057983,2.9477663040161133,0.1464255601167678,0.0114969704300165,0.1464255601167678,142.85552858838847,0.9439660713305728,0.2459411993046167,0.4562142614538377,OAS1_0040_MR1_mpr-3_anon,noise,medium
0.0894130170345306,0.1507135331630706,0.0236148051917552,0.5817527174949646,3.337672472000122,0.1546188592910766,0.0120631139725446,0.1546188592910766,146.13908655503218,0.940558284126186,0.1334446884539543,0.322193494204038,OAS1_0040_MR1_mpr-3_anon,noise,high
0.0813222676515579,0.1531493365764618,0.0243716649711132,0.5055688619613647,2.2140395641326904,0.1375973224639892,0.0112253669649362,0.1375973224639892,140.10696016199452,0.9455403461955596,0.6686231775323386,0.7001092565879956,OAS1_0040_MR1_mpr-3_anon,original,none
0.0800597667694091,0.1515355110168457,0.0238453019410371,0.5035141706466675,2.209413290023804,0.1357968151569366,0.0109703354537487,0.1357968151569366,136.65932138480397,0.9456627426835644,0.6686237298433044,0.7005294846907134,OAS1_0040_MR1_mpr-3_anon,original,none
0.0778779312968254,0.1486214101314544,0.0229094699025154,0.5004062652587891,2.201198101043701,0.1325596421957016,0.0105124786496162,0.1325596421957016,130.58692794500615,0.9458395168530912,0.6686251824018363,0.7013287079661179,OAS1_0040_MR1_mpr-3_anon,original,none
0.4594272971153259,0.0857883691787719,0.0073841335251927,5.383071422576904,2.7779903411865234,0.0932702869176864,0.0035149764735251,0.0932702869176864,44.36706662645527,0.9538641593375125,0.5454486558295223,0.6382797626289471,OAS1_0040_MR1_mpr-3_anon,motion,low
0.463287889957428,0.0859635025262832,0.0074154529720544,5.413853168487549,2.774577617645264,0.0980072170495987,0.0035001579672098,0.0980072170495987,47.3829008214614,0.9508599279842704,0.542594862929608,0.631333777936268,OAS1_0040_MR1_mpr-3_anon,motion,medium
0.462939441204071,0.0845661610364914,0.0071813412941992,5.515305042266846,2.75353479385376,0.1052291765809059,0.0034037609584629,0.1052291765809059,51.20196987974877,0.9458493560234338,0.5440320923380759,0.6247867197603506,OAS1_0040_MR1_mpr-3_anon,motion,high
0.082928217947483,0.1552293300628662,0.0250728204846382,0.5078320503234863,2.213948965072632,0.1389161199331283,0.0111093986779451,0.1389161199331283,139.13741455078127,0.9471549483534476,0.6702062346750998,0.700510194487818,OAS1_0040_MR1_mpr-4_anon,original,none
0.0998280122876167,0.175424113869667,0.0319097638130188,0.5444260835647583,2.3595099449157715,0.1066513061523437,0.0004608363960869,0.1066513061523437,36.80026831533395,0.989689463940777,0.649767248434876,0.7366630553511303,OAS1_0040_MR1_mpr-4_anon,blur,low
0.1133152693510055,0.1876955479383468,0.0361413657665252,0.5849356651306152,2.498042583465576,0.082212284207344,8.76934063853696e-05,0.082212284207344,18.740354769837623,0.9959817847676592,0.6292874424521392,0.7386438966996877,OAS1_0040_MR1_mpr-4_anon,blur,medium
0.1445027738809585,0.2219011783599853,0.0500928051769733,0.6350853443145752,2.722963333129883,0.0707539469003677,2.2510903363581747e-05,0.0707539469003677,11.552310479856008,0.998295695796242,0.5950286417837967,0.7239109032007908,OAS1_0040_MR1_mpr-4_anon,blur,high
0.0847442522644996,0.1543609499931335,0.0247964449226856,0.5260439515113831,2.539822816848755,0.1428221464157104,0.0111301150172948,0.1428221464157104,139.37995701210173,0.9468004306459132,0.4697623907492008,0.5990516813260666,OAS1_0040_MR1_mpr-4_anon,noise,low
0.0865595489740371,0.1535013914108276,0.0245225317776203,0.5444549918174744,2.949498176574707,0.1467901766300201,0.0112528651952743,0.1467901766300201,140.04732247146904,0.9457493676916934,0.2456978409498493,0.4555776182527665,OAS1_0040_MR1_mpr-4_anon,noise,medium
0.0901887416839599,0.1517592519521713,0.0239775739610195,0.5817478895187378,3.3410236835479736,0.1549081206321716,0.0118075432255864,0.1549081206321716,143.16273863549327,0.9424326106230714,0.1333291891471923,0.3215821091620556,OAS1_0040_MR1_mpr-4_anon,noise,high
0.0819798111915588,0.1541077345609665,0.0247035156935453,0.5058242082595825,2.210683822631836,0.1376694738864898,0.0109330043196678,0.1376694738864898,136.71365009382663,0.9472801469632892,0.6702064498068734,0.7007744810633848,OAS1_0040_MR1_mpr-4_anon,original,none
0.0807120949029922,0.1524887084960937,0.0241742115467786,0.5037769079208374,2.205946922302246,0.1358679234981537,0.0106809865683317,0.1358679234981537,133.3254935470282,0.9474086146635547,0.6702072221442112,0.7011857127139354,OAS1_0040_MR1_mpr-4_anon,original,none
0.0785529166460037,0.1496357321739196,0.0232487898319959,0.5006775856018066,2.197862148284912,0.1326941847801208,0.0102399829775094,0.1326941847801208,127.48012671377148,0.9475938509885188,0.6702084957841798,0.7019545467806634,OAS1_0040_MR1_mpr-4_anon,original,none
0.4608104825019836,0.0855223312973976,0.007340308278799,5.416259288787842,2.769289970397949,0.0923407226800918,0.0033704224042594,0.0923407226800918,42.63222321155024,0.9553713291726216,0.5473901389843601,0.6387079729578924,OAS1_0040_MR1_mpr-4_anon,motion,low
0.4631957411766052,0.0862508863210678,0.007466054521501,5.399916648864746,2.773899793624878,0.0978050529956817,0.0034138441551476,0.0978050529956817,46.38843635110294,0.9524109784990284,0.543015830332915,0.6314336581826485,OAS1_0040_MR1_mpr-4_anon,motion,medium
0.4616016149520874,0.0851796865463256,0.0072909709997475,5.462573051452637,2.7584338188171387,0.1053779497742652,0.0033341166563332,0.1053779497742652,50.600442564721206,0.94732330387744,0.5435833949019433,0.6241189513102225,OAS1_0040_MR1_mpr-4_anon,motion,high
0.0797071456909179,0.1501125693321228,0.0241805054247379,0.4935265779495239,2.2065892219543457,0.1440098881721496,0.0109912175685167,0.1440098881721496,152.38815750421264,0.9344971269225024,0.6697279401782219,0.7024829401672592,OAS1_0041_MR1_mpr-1_anon,original,none
0.0978412926197052,0.1717193722724914,0.0312959849834442,0.5367640256881714,2.347280979156494,0.1114815101027488,0.0006265239790081,0.1114815101027488,42.985422171798405,0.9870176219453646,0.6498272205326581,0.7380096806175979,OAS1_0041_MR1_mpr-1_anon,blur,low
0.1171510741114616,0.1922740489244461,0.0386460945010185,0.5813263654708862,2.505540370941162,0.0877147614955902,0.0001108602664317,0.0877147614955902,20.170426192938116,0.9958885415110856,0.6290064225512941,0.7316447940805311,OAS1_0041_MR1_mpr-1_anon,blur,medium
0.1456038355827331,0.2227124869823455,0.0509799979627132,0.6311190128326416,2.7187955379486084,0.0716225355863571,2.184462391596753e-05,0.0716225355863571,10.827017511106009,0.998434410722372,0.5951616615811075,0.7166602888434522,OAS1_0041_MR1_mpr-1_anon,blur,high
0.0814636573195457,0.1492385864257812,0.0239080116152763,0.5154967308044434,2.5149075984954834,0.1478022933006286,0.0110034421086311,0.1478022933006286,152.4606690649893,0.9337835104126608,0.483715978384108,0.6077985644057039,OAS1_0041_MR1_mpr-1_anon,noise,low
0.0832264050841331,0.1483785510063171,0.0236366856843233,0.5377699136734009,2.924105644226074,0.1516825854778289,0.0111214416101574,0.1516825854778289,153.05373535156252,0.9318959201415908,0.2503939646867694,0.4615972027644587,OAS1_0041_MR1_mpr-1_anon,noise,medium
0.0867155343294143,0.1466707438230514,0.0230920072644948,0.5824103951454163,3.3044936656951904,0.159522533416748,0.0116354599595069,0.159522533416748,155.7207421396293,0.9262061389122148,0.1366985936186989,0.3282367593296845,OAS1_0041_MR1_mpr-1_anon,noise,high
0.0785507932305336,0.1484839022159576,0.0236188229173421,0.4923568665981293,2.202108860015869,0.1423075050115585,0.0107426028698682,0.1423075050115585,148.56407638250613,0.9346029361282572,0.6697284482976424,0.7027868199522426,OAS1_0041_MR1_mpr-1_anon,original,none
0.0771029442548751,0.1464044600725174,0.0229143425822258,0.4910995364189148,2.196529626846313,0.1400592923164367,0.0104221794754266,0.1400592923164367,143.7653554878983,0.934704405641814,0.6697294601855245,0.7032386532117363,OAS1_0041_MR1_mpr-1_anon,original,none
0.0748302042484283,0.1431303024291992,0.0218359064310789,0.4890989065170288,2.1877124309539795,0.1364353001117706,0.009920535609126,0.1364353001117706,136.34032149969363,0.934860303826798,0.6697309536633905,0.7040554842166223,OAS1_0041_MR1_mpr-1_anon,original,none
0.4671592116355896,0.084581471979618,0.0071958689950406,5.551918983459473,2.7642054557800293,0.0975723713636398,0.0033275436144322,0.0975723713636398,46.8447327856924,0.9493375694485996,0.5442194952545303,0.6402307465767383,OAS1_0041_MR1_mpr-1_anon,motion,low
0.4772777557373047,0.0829031616449356,0.0069082742556929,5.792789459228516,2.7340807914733887,0.0989673882722854,0.0031812619417905,0.0989673882722854,47.30346320657169,0.9475160827775856,0.5444241447721514,0.6367590405860394,OAS1_0041_MR1_mpr-1_anon,motion,medium
0.4793241024017334,0.0824650526046752,0.0068508014082908,5.831189155578613,2.730203628540039,0.1063070967793464,0.003159990068525,0.1063070967793464,51.75254001991422,0.9417774747879648,0.5435065198812148,0.6284789865326064,OAS1_0041_MR1_mpr-1_anon,motion,high
0.0795848742127418,0.1499795615673065,0.0241651944816112,0.4925552606582641,2.1968822479248047,0.1433398723602295,0.0110695194453001,0.1433398723602295,152.58454470166976,0.9335154957128136,0.6716761737061027,0.7037512053729302,OAS1_0041_MR1_mpr-2_anon,original,none
0.0987013280391693,0.1733805984258651,0.0319504886865615,0.5355642437934875,2.342719554901123,0.1123645976185798,0.000630885711871,0.1123645976185798,43.58910654105392,0.9870619428048186,0.6516589916378449,0.7381530323258958,OAS1_0041_MR1_mpr-2_anon,blur,low
0.1167947649955749,0.1925021111965179,0.038627553731203,0.5798920392990112,2.4964370727539062,0.0875387340784072,0.0001093251339625,0.0875387340784072,19.944761388442096,0.9959333934004696,0.6309404908793215,0.7323570518393864,OAS1_0041_MR1_mpr-2_anon,blur,medium
0.1450175195932388,0.2232057452201843,0.0509582385420799,0.629511296749115,2.70965313911438,0.0714598000049591,2.157008566427976e-05,0.0714598000049591,10.709325094784008,0.9984491045369264,0.5970511879964615,0.7173752524885386,OAS1_0041_MR1_mpr-2_anon,blur,high
0.0813742727041244,0.1491713523864746,0.0239155758172273,0.5144788026809692,2.503002405166626,0.1471877992153167,0.0110913682729005,0.1471877992153167,152.807406317019,0.9328270407945822,0.4874809072643289,0.6099436422540998,OAS1_0041_MR1_mpr-2_anon,noise,low
0.0831932574510574,0.1484100222587585,0.0236783884465694,0.536805272102356,2.9155595302581787,0.1511589288711547,0.0112186223268508,0.1511589288711547,153.57051511278337,0.930963241908511,0.2518311727434367,0.4629067935053819,OAS1_0041_MR1_mpr-2_anon,noise,medium
0.0866580978035926,0.1466362476348877,0.0231119040399789,0.581417977809906,3.2980599403381348,0.1589472591876983,0.0117280222475528,0.1589472591876983,156.18780577416516,0.9253642996797858,0.1376254620293164,0.3292951652236262,OAS1_0041_MR1_mpr-2_anon,noise,high
0.0789045244455337,0.1490818858146667,0.0238713100552558,0.4913890957832336,2.194320678710937,0.1424567997455597,0.0109531339257955,0.1424567997455597,150.60644267961095,0.9336223574675168,0.6716763459506201,0.7039120853464291,OAS1_0041_MR1_mpr-2_anon,original,none
0.0775204077363014,0.1470826864242553,0.0231899842619895,0.4901328384876251,2.1890981197357178,0.1403247416019439,0.0106508433818817,0.1403247416019439,146.0268513997396,0.9337350086469098,0.6716770316647448,0.7043255250203838,OAS1_0041_MR1_mpr-2_anon,original,none
0.0752446055412292,0.1438062787055969,0.0220946911722421,0.4881304502487182,2.1805238723754883,0.1367134004831314,0.0101476106792688,0.1367134004831314,138.54608178232235,0.9338922777997524,0.6716786368884697,0.7050740649955329,OAS1_0041_MR1_mpr-2_anon,original,none
0.4614482223987579,0.0844816267490387,0.0071856509894132,5.4930925369262695,2.754171371459961,0.0967066138982772,0.0033347075805068,0.0967066138982772,46.690158978630514,0.9493442310758792,0.546512244000525,0.6418642869331059,OAS1_0041_MR1_mpr-2_anon,motion,low
0.4793381690979004,0.082927793264389,0.0069152708165347,5.822087287902832,2.7285637855529785,0.0985600650310516,0.0032118023373186,0.0985600650310516,47.52649572035846,0.9474177721333136,0.546131291595415,0.6377580555061134,OAS1_0041_MR1_mpr-2_anon,motion,medium
0.4792916476726532,0.0833192318677902,0.0069874012842774,5.765205383300781,2.7336158752441406,0.1070251166820526,0.0032527158036828,0.1070251166820526,53.0340971105239,0.9418067476305114,0.5439409363970391,0.6284475715439948,OAS1_0041_MR1_mpr-2_anon,motion,high
0.0799332112073898,0.1505673378705978,0.024334643036127,0.4927271008491516,2.186677932739258,0.1425342559814453,0.0110369473695755,0.1425342559814453,151.21561398973654,0.9342014617440276,0.6742139877117328,0.705809066440864,OAS1_0041_MR1_mpr-3_anon,original,none
0.0982773602008819,0.1730449944734573,0.031784314662218,0.5347351431846619,2.3286595344543457,0.111037865281105,0.0006081125466153,0.111037865281105,42.710292681525736,0.9871158108672782,0.654307471324523,0.7399167948782992,OAS1_0041_MR1_mpr-3_anon,blur,low
0.1173014193773269,0.1938262283802032,0.0391734428703784,0.5783061981201172,2.485107183456421,0.0874872505664825,0.0001089336001314,0.0874872505664825,20.083395445580575,0.9959318409441748,0.6336094158358809,0.7336636831394477,OAS1_0041_MR1_mpr-3_anon,blur,medium
0.1453044265508651,0.2244932055473327,0.0515727698802948,0.6272421479225159,2.6966285705566406,0.0713509023189544,2.1431718778330836e-05,0.0713509023189544,10.727954221239276,0.998457165385618,0.5998960533078432,0.7182470475778953,OAS1_0041_MR1_mpr-3_anon,blur,high
0.0817263573408126,0.1497441828250885,0.0240796618163585,0.5142792463302612,2.495245695114136,0.1463890522718429,0.0110564045608043,0.1463890522718429,151.42913447361366,0.933545636294128,0.4880170267663652,0.6111759578334217,OAS1_0041_MR1_mpr-3_anon,noise,low
0.083499014377594,0.1488894671201706,0.0238143634051084,0.5361359715461731,2.9077298641204834,0.1502808332443237,0.0111740566790103,0.1502808332443237,152.04968010397516,0.9317564510193356,0.2527859756802313,0.46418555259242,OAS1_0041_MR1_mpr-3_anon,noise,medium
0.0869671255350112,0.1471069753170013,0.0232442282140254,0.5800608396530151,3.2928926944732666,0.1580701470375061,0.011672131717205,0.1580701470375061,154.5736110313266,0.9264601329490446,0.1380166894388871,0.3300524692487614,OAS1_0041_MR1_mpr-3_anon,noise,high
0.0792842060327529,0.149732768535614,0.0240588244050741,0.4915750622749328,2.1842315196990967,0.1417188495397567,0.0109298750758171,0.1417188495397567,149.37676427504596,0.934295489231214,0.6742142069012631,0.7059443137175353,OAS1_0041_MR1_mpr-3_anon,original,none
0.0779171884059906,0.1477604806423187,0.0233825985342264,0.4903303384780884,2.179198265075684,0.139652594923973,0.0106362402439117,0.139652594923973,144.9888030407476,0.9343821527817412,0.6742146789115812,0.7063314227014611,OAS1_0041_MR1_mpr-3_anon,original,none
0.0755940750241279,0.1444024592638015,0.0222569834440946,0.4883411526679992,2.1705775260925293,0.1360063850879669,0.0101274754852056,0.1360063850879669,137.50338613472735,0.9345266555499904,0.6742160783350473,0.7070694063435855,OAS1_0041_MR1_mpr-3_anon,original,none
0.4656465053558349,0.0844156071543693,0.0071730273775756,5.547343254089356,2.7396397590637207,0.0958523452281951,0.0033170862589031,0.0958523452281951,46.125076832490805,0.9499073826529988,0.5500249416943155,0.6442555462414261,OAS1_0041_MR1_mpr-3_anon,motion,low
0.474570631980896,0.0835281908512115,0.0070175603032112,5.7216796875,2.7232019901275635,0.0984673872590065,0.0032348483800888,0.0984673872590065,47.64079015395221,0.9480394875507148,0.5484447888400356,0.63957845543688,OAS1_0041_MR1_mpr-3_anon,motion,medium
0.4776892960071563,0.0837243720889091,0.0070552104152739,5.713680744171143,2.719946384429932,0.1066930368542671,0.0032518736552447,0.1066930368542671,52.89626895680147,0.9423933614641492,0.5480437028811336,0.6307179570574044,OAS1_0041_MR1_mpr-3_anon,motion,high
0.0780548006296157,0.1473467946052551,0.0232698917388916,0.4923319220542907,2.1746983528137207,0.1407063603401184,0.0110549153760075,0.1407063603401184,146.48802107268693,0.9346499429443458,0.6751393696037306,0.7067371384197936,OAS1_0041_MR1_mpr-4_anon,original,none
0.0976836681365966,0.1716671884059906,0.0313361510634422,0.5349158644676208,2.3227710723876958,0.1107236817479133,0.0006138344760984,0.1107236817479133,41.9903071384804,0.9871122893416258,0.6551923315529753,0.739647012353306,OAS1_0041_MR1_mpr-4_anon,blur,low
0.1169497221708297,0.1929055452346801,0.0388437509536743,0.5787981748580933,2.4804999828338623,0.0873704850673675,0.0001081117079593,0.0873704850673675,20.04010751761642,0.99588323144442,0.634235397174146,0.7332300456142091,OAS1_0041_MR1_mpr-4_anon,blur,medium
0.1458547711372375,0.2249864041805267,0.0517880320549011,0.6282120943069458,2.695786237716675,0.0717332437634468,2.157938615710009e-05,0.0717332437634468,10.928271604051776,0.9984374987786776,0.600061509108322,0.7178669208535098,OAS1_0041_MR1_mpr-4_anon,blur,high
0.0798026844859123,0.1465200930833816,0.0230184867978096,0.5136981010437012,2.469749927520752,0.1444736123085022,0.0110707618296146,0.1444736123085022,146.65044424019607,0.9339938928035324,0.4992428049001488,0.617223278413441,OAS1_0041_MR1_mpr-4_anon,noise,low
0.0814869403839111,0.1456160992383957,0.0227373763918876,0.5353747606277466,2.8854236602783203,0.1481924355030059,0.0111651076003909,0.1481924355030059,147.02379665000765,0.93229587677069,0.2571879255568956,0.4685246310480148,OAS1_0041_MR1_mpr-4_anon,noise,medium
0.0848697274923324,0.1438288390636444,0.0221729278564453,0.5789950489997864,3.272496223449707,0.1558362245559692,0.0116401612758636,0.1558362245559692,149.4182170793122,0.9270623421573444,0.1408038028873987,0.3342410229900245,OAS1_0041_MR1_mpr-4_anon,noise,high
0.076865442097187,0.1456661820411682,0.0226973816752433,0.491168737411499,2.170114755630493,0.1389599591493606,0.0107960412278771,0.1389599591493606,142.6684201708027,0.9347449137655928,0.6751398839270597,0.7070709595453774,OAS1_0041_MR1_mpr-4_anon,original,none
0.0753322094678878,0.1434406489133834,0.0219553876668214,0.4899132847785949,2.1641838550567627,0.1365610659122467,0.0104475421831011,0.1365610659122467,137.6734188304228,0.9348442166262224,0.6751406979881317,0.7075529964047838,OAS1_0041_MR1_mpr-4_anon,original,none
0.0729996040463447,0.1400669515132904,0.0208626016974449,0.4879084527492523,2.1550540924072266,0.1328353285789489,0.0099223600700497,0.1328353285789489,130.24995571959255,0.9349896348160688,0.675142425302052,0.7083793986279903,OAS1_0041_MR1_mpr-4_anon,original,none
0.468674749135971,0.0835763365030288,0.0070303967222571,5.643832206726074,2.7439565658569336,0.095943808555603,0.0034126085229218,0.095943808555603,45.91754772709866,0.9493105935232884,0.5484627825285151,0.6429298150556126,OAS1_0041_MR1_mpr-4_anon,motion,low
0.4694349467754364,0.0818950533866882,0.006747618317604,5.771388053894043,2.716615438461304,0.0972453281283378,0.0032459879294037,0.0972453281283378,46.15872060738359,0.9474439492851886,0.5481151152457194,0.6396691196129622,OAS1_0041_MR1_mpr-4_anon,motion,medium
0.4727880358695984,0.0816394835710525,0.0067138327285647,5.800549507141113,2.711242198944092,0.1046616584062576,0.0032251505181193,0.1046616584062576,50.54768473307293,0.9417897307039254,0.5476875538076599,0.6310915576771325,OAS1_0041_MR1_mpr-4_anon,motion,high
0.0886759385466575,0.1447319835424423,0.0213438533246517,0.594470739364624,2.554668426513672,0.1744470596313476,0.0218944251537323,0.1744470596313476,220.9456971411612,0.9151622467321964,0.6031641231232592,0.6326989724452072,OAS1_0042_MR1_mpr-1_anon,original,none
0.1190627366304397,0.1763533055782318,0.0319186709821224,0.6528440117835999,2.752681970596313,0.1325059235095977,0.0008163397433236,0.1325059235095977,48.995259602864586,0.987172787503469,0.5788931222265056,0.6678532734073248,OAS1_0042_MR1_mpr-1_anon,blur,low
0.1389515399932861,0.1938371360301971,0.0384416654706001,0.6989712715148926,2.900197982788086,0.0967459678649902,0.0001062025112332,0.0967459678649902,19.753830374923407,0.9959479001315168,0.555987301736305,0.6679143939765347,OAS1_0042_MR1_mpr-1_anon,blur,medium
0.1702951490879058,0.2226091921329498,0.0507644563913345,0.7483043670654297,3.1148509979248047,0.0773640125989914,1.8276045011589304e-05,0.0773640125989914,10.6931396484375,0.9984001718976916,0.5191107560327484,0.6562655713660532,OAS1_0042_MR1_mpr-1_anon,blur,high
0.0903892889618873,0.1438115239143371,0.0210754945874214,0.6108570098876953,2.8625688552856445,0.1780469566583633,0.0219100899994373,0.1780469566583633,221.23012348249847,0.9147775402411188,0.4048742018927989,0.532917655438746,OAS1_0042_MR1_mpr-1_anon,noise,low
0.0920980498194694,0.1428678929805755,0.0208035372197628,0.6274688243865967,3.2190372943878174,0.1816764026880264,0.0220388770103454,0.1816764026880264,221.8899662990196,0.913519418392846,0.2153223586857605,0.4077377316230897,OAS1_0042_MR1_mpr-1_anon,noise,medium
0.09538134932518,0.14078089594841,0.0202045552432537,0.6614159345626831,3.561150074005127,0.1887933313846588,0.0225248355418443,0.1887933313846588,224.2662085439645,0.910219266522282,0.1164851103749027,0.287050337846095,OAS1_0042_MR1_mpr-1_anon,noise,high
0.0884992480278015,0.1445651054382324,0.0212989915162324,0.5938454866409302,2.5541296005249023,0.1746308505535125,0.0219999533146619,0.1746308505535125,221.5097948261336,0.9147524220922773,0.6031626250670694,0.6326656820016131,OAS1_0042_MR1_mpr-1_anon,original,none
0.0879998505115509,0.1439558565616607,0.0211276598274707,0.5930496454238892,2.551945686340332,0.1741244792938232,0.0219455659389495,0.1741244792938232,220.5056698069853,0.9143797146644916,0.6031621881145972,0.6327835023642872,OAS1_0042_MR1_mpr-1_anon,original,none
0.086366206407547,0.1417862623929977,0.0204907152801752,0.5916078090667725,2.544769763946533,0.17161226272583,0.0214390270411968,0.17161226272583,214.75503528071388,0.913889820644534,0.6031631144160572,0.6332571619589544,OAS1_0042_MR1_mpr-1_anon,original,none
0.4261655509471893,0.0848317295312881,0.0072207283228635,5.042661666870117,3.037381649017334,0.1187440082430839,0.0074432049877941,0.1187440082430839,75.68263633578431,0.9187019377289892,0.4893571841855282,0.5694875246591283,OAS1_0042_MR1_mpr-1_anon,motion,low
0.4636644124984741,0.0795414596796035,0.0063622314482927,5.875568389892578,2.9673452377319336,0.1139952167868614,0.0066249631345272,0.1139952167868614,70.07422186159621,0.9165325442046496,0.4946922427684225,0.5762497504059225,OAS1_0042_MR1_mpr-1_anon,motion,medium
0.4697358906269073,0.0800898224115371,0.0064472006633877,5.9033637046813965,2.9753575325012207,0.123576208949089,0.0065966285765171,0.123576208949089,75.41390213311888,0.9101659780080548,0.4945520516770955,0.5691004263109489,OAS1_0042_MR1_mpr-1_anon,motion,high
0.0887099206447601,0.1452873051166534,0.0215161815285682,0.5923024415969849,2.5316717624664307,0.1739668697118759,0.0222036410123109,0.1739668697118759,221.8579929725797,0.9157192751087178,0.6082795808525474,0.637009803777707,OAS1_0042_MR1_mpr-2_anon,original,none
0.118866741657257,0.1767777800559997,0.0321029871702194,0.649977445602417,2.7286629676818848,0.1320419907569885,0.0008097032550722,0.1320419907569885,48.55385885799633,0.9873244895699008,0.5840408399363692,0.6697454128452194,OAS1_0042_MR1_mpr-2_anon,blur,low
0.1387410163879394,0.1946967989206314,0.038784384727478,0.6954983472824097,2.8756649494171143,0.0967175960540771,0.000106396866613,0.0967175960540771,19.7714937097886,0.9959735679764844,0.5610134871394374,0.6696367015791012,OAS1_0042_MR1_mpr-2_anon,blur,medium
0.1708554774522781,0.2248177081346511,0.0517717897891998,0.7443037629127502,3.093128204345703,0.0778497010469436,1.8490143702365455e-05,0.0778497010469436,10.81186164407169,0.9984079026591676,0.5239360398527098,0.6571462349126008,OAS1_0042_MR1_mpr-2_anon,blur,high
0.090387649834156,0.1442960947751999,0.0212242007255554,0.6086922287940979,2.8412556648254395,0.1775107681751251,0.0221982840448617,0.1775107681751251,221.9604111615349,0.9153269570296674,0.4094674179753425,0.5368745113361663,OAS1_0042_MR1_mpr-2_anon,noise,low
0.0921874642372131,0.1434599012136459,0.0209843441843986,0.6253541111946106,3.203985929489136,0.1813081055879593,0.0223510656505823,0.1813081055879593,222.86700104358147,0.9140802805790028,0.2169869563693989,0.4097822728011091,OAS1_0042_MR1_mpr-2_anon,noise,medium
0.095391571521759,0.1412312388420105,0.0203379727900028,0.6593429446220398,3.5506508350372314,0.1882978081703186,0.0228064209222793,0.1882978081703186,224.84383676566333,0.910759999470284,0.1174729916301568,0.2887007727457136,OAS1_0042_MR1_mpr-2_anon,noise,high
0.0882472395896911,0.14469575881958,0.0213376730680465,0.5916546583175659,2.5298879146575928,0.1735701858997345,0.0221583172678947,0.1735701858997345,220.89852151309748,0.9153259497196892,0.6082779050731757,0.6370793374042443,OAS1_0042_MR1_mpr-2_anon,original,none
0.0875011533498764,0.143717885017395,0.0210482850670814,0.5908377170562744,2.5266802310943604,0.1725972294807434,0.0219798684120178,0.1725972294807434,218.6320743336397,0.9149707558316408,0.6082775942692829,0.6372380487603148,OAS1_0042_MR1_mpr-2_anon,original,none
0.0856423676013946,0.1412377953529358,0.0203121900558471,0.58936607837677,2.518690824508667,0.1696586906909942,0.0213547106832265,0.1696586906909942,211.7554294960172,0.9145012512925692,0.6082778850678772,0.6377576710714532,OAS1_0042_MR1_mpr-2_anon,original,none
0.4264660477638244,0.084543377161026,0.0071698823012411,5.061864376068115,3.006598949432373,0.1177115589380264,0.0074625853449106,0.1177115589380264,75.09881783279718,0.91892354798468,0.4967194958233005,0.5740134837849575,OAS1_0042_MR1_mpr-2_anon,motion,low
0.4658775329589844,0.0799516811966896,0.0064324270933866,5.881954193115234,2.9517838954925537,0.1140722632408142,0.0067435353994369,0.1140722632408142,70.72492556104474,0.9167069890197724,0.4997681067401469,0.5794369865257909,OAS1_0042_MR1_mpr-2_anon,motion,medium
0.4681505262851715,0.0799938142299652,0.0064331395551562,5.891733169555664,2.954115390777588,0.1228274255990982,0.0066199107095599,0.1228274255990982,74.978582165288,0.9104189307312068,0.5001873142553677,0.5728014524266021,OAS1_0042_MR1_mpr-2_anon,motion,high
0.0887427926063537,0.1427509784698486,0.0207548830658197,0.6039096117019653,2.5787882804870605,0.1704514622688293,0.0202546529471874,0.1704514622688293,207.97409500421264,0.917322023269754,0.5975562780873558,0.627594233355788,OAS1_0042_MR1_mpr-3_anon,original,none
0.1194974780082702,0.1753928065299987,0.0314825251698493,0.6604025363922119,2.778324604034424,0.1299397051334381,0.0007553594768978,0.1299397051334381,47.10782231349572,0.9874594594429752,0.573242327798237,0.6637421863873675,OAS1_0042_MR1_mpr-3_anon,blur,low
0.1406556516885757,0.1943529546260833,0.0386483296751976,0.7055407762527466,2.9287405014038086,0.0965166091918945,0.0001035304230754,0.0965166091918945,19.5507843615962,0.9960300945436418,0.5503015951611507,0.6641804260996225,OAS1_0042_MR1_mpr-3_anon,blur,medium
0.1711149513721466,0.2213257551193237,0.0502063035964965,0.7547366619110107,3.139333248138428,0.0770931765437126,1.7800979549065232e-05,0.0770931765437126,10.526935173483457,0.99840983962988,0.5136803992330863,0.6534143436686579,OAS1_0042_MR1_mpr-3_anon,blur,high
0.0904151946306228,0.1417731046676635,0.0204749219119548,0.6204676628112793,2.883523464202881,0.1739685982465744,0.020264059305191,0.1739685982465744,208.20230305989585,0.9169134516569268,0.4016368440552315,0.5289414714155188,OAS1_0042_MR1_mpr-3_anon,noise,low
0.0920483916997909,0.1407614648342132,0.0201813206076622,0.637283205986023,3.237516403198242,0.1774574220180511,0.0203670896589756,0.1774574220180511,208.56955267214303,0.9156745271867464,0.2133233762904911,0.4045555323778759,OAS1_0042_MR1_mpr-3_anon,noise,medium
0.0954373851418495,0.1388809978961944,0.0196497663855552,0.6716521978378296,3.578511953353882,0.1847655177116394,0.020913328975439,0.1847655177116394,211.4740416283701,0.912326544058089,0.115285114718068,0.2849764606474293,OAS1_0042_MR1_mpr-3_anon,noise,high
0.0885493904352188,0.1425687670707702,0.0207058880478143,0.6032513380050659,2.5781850814819336,0.1705469638109207,0.0203118044883012,0.1705469638109207,208.1526611328125,0.916981342581169,0.5975548434660688,0.6275327497306787,OAS1_0042_MR1_mpr-3_anon,original,none
0.0880873203277587,0.1420207023620605,0.0205505173653364,0.6024118661880493,2.5762510299682617,0.1700967252254486,0.0202535856515169,0.1700967252254486,207.16984193091304,0.9166813252233836,0.5975542852582704,0.6276393515620352,OAS1_0042_MR1_mpr-3_anon,original,none
0.0871794074773788,0.1409511268138885,0.0202537551522254,0.6008902788162231,2.5723700523376465,0.1689652502536773,0.0200819075107574,0.1689652502536773,204.87033308440564,0.9162955145626264,0.5975532800165546,0.6278673702677554,OAS1_0042_MR1_mpr-3_anon,original,none
0.4293521642684936,0.0856378823518753,0.0073608383536338,5.0284199714660645,3.0597801208496094,0.1186422035098075,0.007247251458466,0.1186422035098075,74.92764701095282,0.9213304089336004,0.4864467594560611,0.5648752703124982,OAS1_0042_MR1_mpr-3_anon,motion,low
0.4524347484111786,0.0803860276937484,0.0064938426949083,5.667947292327881,2.996516466140747,0.1132659167051315,0.0063928416930139,0.1132659167051315,68.96401295381435,0.9194018660329404,0.4892784279651155,0.5712778777415741,OAS1_0042_MR1_mpr-3_anon,motion,medium
0.4623103141784668,0.0801355764269828,0.0064600058831274,5.806800842285156,3.0009875297546387,0.1220620274543762,0.006239887792617,0.1220620274543762,73.04867398131128,0.9129870542598104,0.488814410800243,0.5640895591455604,OAS1_0042_MR1_mpr-3_anon,motion,high
0.0889450013637542,0.1450898796319961,0.0214621853083372,0.5949116945266724,2.537055015563965,0.1735266149044037,0.0213461145758628,0.1735266149044037,215.9965844247856,0.9172327108231184,0.6070291889387465,0.6357021703215302,OAS1_0042_MR1_mpr-4_anon,original,none
0.1195119693875312,0.1775944828987121,0.0323123708367347,0.6517587900161743,2.734177827835083,0.1321513354778289,0.0008008226868696,0.1321513354778289,48.49441683900123,0.9874894676094942,0.5829787829656988,0.6685626805613902,OAS1_0042_MR1_mpr-4_anon,blur,low
0.1397855877876281,0.1955542266368866,0.0391375944018363,0.6967843770980835,2.880268096923828,0.0967682376503944,0.0001063079835148,0.0967682376503944,19.74058837890625,0.9960308374840626,0.5601797329345639,0.668641384459855,OAS1_0042_MR1_mpr-4_anon,blur,medium
0.1709929853677749,0.2241095751523971,0.0514466948807239,0.7453322410583496,3.0947728157043457,0.0773694887757301,1.819541648728773e-05,0.0773694887757301,10.678337785309438,0.9984141766692076,0.5234651685222074,0.6572508687881276,OAS1_0042_MR1_mpr-4_anon,blur,high
0.090588241815567,0.1440335661172866,0.021152202039957,0.611328125,2.8465123176574707,0.1769979745149612,0.021331338211894,0.1769979745149612,215.95563462201287,0.916842711512566,0.408148062398635,0.5355314050404939,OAS1_0042_MR1_mpr-4_anon,noise,low
0.0922968387603759,0.1430723220109939,0.0208730325102806,0.6279865503311157,3.207026481628418,0.1806409060955047,0.021445196121931,0.1806409060955047,216.50208895814183,0.9156235512882998,0.2168413219021576,0.4093426199709651,OAS1_0042_MR1_mpr-4_anon,noise,medium
0.0957016274333,0.1411557346582412,0.0203183256089687,0.6619943976402283,3.555660963058472,0.1880364865064621,0.0220047459006309,0.1880364865064621,219.5686887254902,0.9123159225501588,0.1170540038063703,0.2879307448802067,OAS1_0042_MR1_mpr-4_anon,noise,high
0.0884273275732994,0.1444296240806579,0.0212678425014019,0.5942327976226807,2.5348892211914062,0.1730048805475235,0.0212716944515705,0.1730048805475235,214.72179170496327,0.9168942717231372,0.6070285995543926,0.6357854186136973,OAS1_0042_MR1_mpr-4_anon,original,none
0.0876311063766479,0.1433876156806945,0.0209607798606157,0.5933737754821777,2.5314483642578125,0.1719248592853546,0.0210754368454217,0.1719248592853546,212.2651362400429,0.9165869892502828,0.6070285211483096,0.6359937093820845,OAS1_0042_MR1_mpr-4_anon,original,none
0.0858537703752517,0.1410028338432312,0.020259540528059,0.5918247699737549,2.5237927436828613,0.1691361218690872,0.0205171070992946,0.1691361218690872,205.96875119676776,0.9162012928185416,0.6070292903424152,0.6365067970320584,OAS1_0042_MR1_mpr-4_anon,original,none
0.4257846474647522,0.0844212770462036,0.0071509722620248,5.057044982910156,3.020272254943848,0.1174707859754562,0.0072189373895525,0.1174707859754562,73.58669816559437,0.9203016365211024,0.4930488879420324,0.5724223360918592,OAS1_0042_MR1_mpr-4_anon,motion,low
0.4615626335144043,0.0803153663873672,0.0064833452925086,5.794888019561768,2.9658894538879395,0.1143943220376968,0.0066114263609051,0.1143943220376968,70.25437681908701,0.9178534964585487,0.4963308002748653,0.577004949287582,OAS1_0042_MR1_mpr-4_anon,motion,medium
0.4672818481922149,0.0794219970703125,0.0063463659025728,5.927253723144531,2.962336540222168,0.1216293424367904,0.0063160457648336,0.1216293424367904,72.6959929821538,0.9119581725418686,0.4967824827608283,0.5709001369669062,OAS1_0042_MR1_mpr-4_anon,motion,high
