Mean,Std,Variance,SNR,Entropy,Sharpness,LaplacianVariance,GradientMagnitude,GLCMContrast,GLCMCorrelation,GLCMEnergy,GLCMHomogeneity,MRI_ID,Artifact,Level
0.07850053161382675,0.13925915956497192,0.02060246653854847,0.5373092889785767,2.4451041221618652,0.1438530534505844,0.011171266436576843,0.1438530534505844,156.76319221047797,0.9223241208051719,0.6159751531903379,0.65602038496823,OAS1_0001_MR1_mpr-1_anon,original,none
0.10137881338596344,0.16516557335853577,0.028769120573997498,0.5889424681663513,2.5898733139038086,0.10846053063869476,0.0006865303730592132,0.10846053063869476,43.82370342179841,0.9857463163895985,0.594493485656959,0.7105524210137918,OAS1_0001_MR1_mpr-1_anon,blur,low
0.1207648441195488,0.18240679800510406,0.034999728202819824,0.6343169212341309,2.748631477355957,0.08187032490968704,0.00010036060120910406,0.08187032490968704,17.698578000536152,0.9959763478029091,0.5740598256285228,0.7127908257567858,OAS1_0001_MR1_mpr-1_anon,blur,medium
0.14863154292106628,0.20936879515647888,0.04611185938119888,0.6806153059005737,2.968810558319092,0.06630048155784607,1.8078339053317904e-05,0.06630048155784607,9.155019483379288,0.9985811916760601,0.5410947926694589,0.6997568876023927,OAS1_0001_MR1_mpr-1_anon,blur,high
0.08012019097805023,0.13843640685081482,0.020369794219732285,0.5584105253219604,2.716426134109497,0.14725933969020844,0.01119096390902996,0.14725933969020844,156.93326583563115,0.921654900694959,0.45367307328492934,0.5732024677717044,OAS1_0001_MR1_mpr-1_anon,noise,low
0.08174928277730942,0.13764123618602753,0.020140238106250763,0.579851508140564,3.091404914855957,0.15077313780784607,0.011314456351101398,0.15077313780784607,157.63711751302083,0.919730154862509,0.23429105650505488,0.43803203895739906,OAS1_0001_MR1_mpr-1_anon,noise,medium
0.08501546084880829,0.136077418923378,0.019682161509990692,0.6228479146957397,3.430013656616211,0.15805277228355408,0.011856386438012123,0.15805277228355408,160.68452016793046,0.9140392117752709,0.12820322627243705,0.3149685839253983,OAS1_0001_MR1_mpr-1_anon,noise,high
0.07838397473096848,0.1391543447971344,0.02056664228439331,0.5372321009635925,2.4443564414978027,0.1440020650625229,0.011203105561435223,0.1440020650625229,156.6680245193781,0.9221988938592949,0.6159742135844624,0.6558731602594328,OAS1_0001_MR1_mpr-1_anon,bias,low
0.0781177207827568,0.13881729543209076,0.020461728796362877,0.5370411276817322,2.442934513092041,0.14385643601417542,0.011192850768566132,0.14385643601417542,155.99003810508583,0.9220952903230255,0.6159738037647684,0.6558131026074339,OAS1_0001_MR1_mpr-1_anon,bias,medium
0.07755887508392334,0.13807381689548492,0.02023489587008953,0.5365791320800781,2.4402546882629395,0.14331044256687164,0.011132407002151012,0.14331044256687164,154.39368154488358,0.9219576923099668,0.615973532182006,0.6558756803881998,OAS1_0001_MR1_mpr-1_anon,bias,high
0.4410736560821533,0.08567724376916885,0.007397259119898081,5.174906253814697,2.931354522705078,0.10499174892902374,0.004098959267139435,0.10499174892902374,59.08141635071998,0.9375403274867959,0.506775490470174,0.6029275466113051,OAS1_0001_MR1_mpr-1_anon,motion,low
0.4558650255203247,0.08024492114782333,0.006458753254264593,5.699200630187988,2.8557024002075195,0.10053993761539459,0.003571649082005024,0.10053993761539459,53.358557128906256,0.9363924565739681,0.515412114670415,0.6117938478430649,OAS1_0001_MR1_mpr-1_anon,motion,medium
0.4713636040687561,0.07816571742296219,0.006147135514765978,6.077363014221191,2.8298237323760986,0.10610316693782806,0.0033964936155825853,0.10610316693782806,55.09671678730086,0.9306381054083347,0.5159529756275406,0.6059131645434667,OAS1_0001_MR1_mpr-1_anon,motion,high
0.07769913971424103,0.13831965625286102,0.020322613418102264,0.5353928208351135,2.433926582336426,0.14324520528316498,0.011038389056921005,0.14324520528316498,154.07347675398285,0.9223064489527862,0.6179778928564404,0.6575187099218985,OAS1_0001_MR1_mpr-2_anon,original,none
0.10039306432008743,0.1641109138727188,0.02842528186738491,0.5870969295501709,2.5802855491638184,0.10766306519508362,0.0006832926301285625,0.10766306519508362,43.2606871361826,0.9856541101610614,0.5966609329692107,0.7114159136844262,OAS1_0001_MR1_mpr-2_anon,blur,low
0.11990737169981003,0.1817685067653656,0.0347176119685173,0.6322616934776306,2.7376527786254883,0.08119776844978333,9.947229409590364e-05,0.08119776844978333,17.55996213426777,0.9960039185083469,0.5763971538620215,0.7136189788537153,OAS1_0001_MR1_mpr-2_anon,blur,medium
0.14839471876621246,0.20978355407714844,0.04629187285900116,0.6777920722961426,2.9575469493865967,0.06600254774093628,1.7927744920598343e-05,0.06600254774093628,9.194646857766545,0.9985849555423725,0.5436150004552505,0.7005234797197795,OAS1_0001_MR1_mpr-2_anon,blur,high
0.07930432260036469,0.13752374053001404,0.02009708248078823,0.5564684867858887,2.699277877807617,0.14662675559520721,0.01106077991425991,0.14662675559520721,154.29327201095282,0.9216440643077997,0.4596556331518642,0.57702271268392,OAS1_0001_MR1_mpr-2_anon,noise,low
0.08092059940099716,0.1367504596710205,0.019879041239619255,0.5779099464416504,3.0766234397888184,0.15010347962379456,0.011180114932358265,0.15010347962379456,154.9758670582491,0.9196890311097927,0.2367835222228643,0.4405930032977481,OAS1_0001_MR1_mpr-2_anon,noise,medium
0.08407273888587952,0.13509657979011536,0.019405566155910492,0.6208199262619019,3.4161646366119385,0.15712976455688477,0.011682272888720036,0.15712976455688477,157.62920639935663,0.9140486446869145,0.1299768040921118,0.31757788867542236,OAS1_0001_MR1_mpr-2_anon,noise,high
0.07758854329586029,0.13822385668754578,0.020292311906814575,0.535325825214386,2.433253765106201,0.14339664578437805,0.011073021218180656,0.14339664578437805,154.0162214690564,0.9221603149859295,0.6179769260284946,0.6573584157078736,OAS1_0001_MR1_mpr-2_anon,bias,low
0.07740411162376404,0.13802355527877808,0.02023175358772278,0.5351448059082031,2.4322705268859863,0.14339669048786163,0.011088278144598007,0.14339669048786163,153.68618882123164,0.9220462361950235,0.6179760581731326,0.6572875637108485,OAS1_0001_MR1_mpr-2_anon,bias,medium
0.07691406458616257,0.13740503787994385,0.020044442266225815,0.5346972942352295,2.430014133453369,0.14297175407409668,0.011049475520849228,0.14297175407409668,152.3840011297488,0.9218869395703713,0.6179752070143711,0.6572985341559503,OAS1_0001_MR1_mpr-2_anon,bias,high
0.439211905002594,0.08501123636960983,0.00728182028979063,5.195843696594238,2.9085593223571777,0.10430191457271576,0.004058988764882088,0.10430191457271576,58.18413253484988,0.9374672082257015,0.5113747293580364,0.6058433205120757,OAS1_0001_MR1_mpr-2_anon,motion,low
0.4569797217845917,0.07996637374162674,0.0064127687364816666,5.735060691833496,2.8387372493743896,0.10024707019329071,0.003576877759769559,0.10024707019329071,53.1109068627451,0.9363643964825735,0.5187115381367211,0.614288564108052,OAS1_0001_MR1_mpr-2_anon,motion,medium
0.47095584869384766,0.07747957110404968,0.006037629209458828,6.129149436950684,2.8044626712799072,0.10526832938194275,0.0033627247903496027,0.10526832938194275,54.19751000497856,0.9306207491016403,0.5215511075190081,0.6091930111694048,OAS1_0001_MR1_mpr-2_anon,motion,high
0.07781713455915451,0.13897740840911865,0.02055348828434944,0.53370201587677,2.4325127601623535,0.14298057556152344,0.011172291822731495,0.14298057556152344,155.0441995059743,0.9221435799438361,0.6184805999168843,0.6581815207624475,OAS1_0001_MR1_mpr-3_anon,original,none
0.09965965151786804,0.1633562594652176,0.028220675885677338,0.5851972699165344,2.572432041168213,0.10677969455718994,0.0006697281496599317,0.10677969455718994,42.60517793543199,0.985622295483001,0.5972335596811575,0.7127383150353476,OAS1_0001_MR1_mpr-3_anon,blur,low
0.11959590017795563,0.18176157772541046,0.03476826101541519,0.630278468132019,2.734279155731201,0.08129119873046875,9.975281864171848e-05,0.08129119873046875,17.611332194010416,0.9959864910814112,0.5768761518925491,0.7142867134720579,OAS1_0001_MR1_mpr-3_anon,blur,medium
0.1478484570980072,0.20960447192192078,0.04627150669693947,0.6758776903152466,2.9555039405822754,0.06602313369512558,1.805428291845601e-05,0.06602313369512558,9.18594611672794,0.9985862435108446,0.5440705776944473,0.7010765647943904,OAS1_0001_MR1_mpr-3_anon,blur,high
0.0794089138507843,0.1381741166114807,0.02032645419239998,0.5546538829803467,2.6963462829589844,0.14633285999298096,0.011191311292350292,0.14633285999298096,155.20230353860293,0.9215032652169874,0.4608407719090134,0.5782050479010088,OAS1_0001_MR1_mpr-3_anon,noise,low
0.08101364970207214,0.1373702734708786,0.02009616233408451,0.5760348439216614,3.074120044708252,0.14980030059814453,0.011309643276035786,0.14980030059814453,155.8959726371017,0.9196145933673467,0.23737440941877158,0.4414111370476094,OAS1_0001_MR1_mpr-3_anon,noise,medium
0.08419903367757797,0.1357700526714325,0.019625987857580185,0.6187291145324707,3.4147253036499023,0.15692996978759766,0.011827202513813972,0.15692996978759766,158.71311059091607,0.913995472855347,0.13006776918047838,0.3180338455858912,OAS1_0001_MR1_mpr-3_anon,noise,high
0.07761524617671967,0.1387351155281067,0.020475959405303,0.5336575508117676,2.431455612182617,0.1429695188999176,0.01118049118667841,0.1429695188999176,154.58820752910543,0.9220075450805997,0.6184798298366803,0.6580807683856786,OAS1_0001_MR1_mpr-3_anon,bias,low
0.0773582011461258,0.13841399550437927,0.020376522094011307,0.533498227596283,2.4301233291625977,0.14284071326255798,0.011174000799655914,0.14284071326255798,153.95879265280334,0.9218844274126452,0.6184793888734846,0.6580084804310358,OAS1_0001_MR1_mpr-3_anon,bias,medium
0.0768900066614151,0.13780799508094788,0.02019278146326542,0.5330816507339478,2.42791485786438,0.14246520400047302,0.011141756549477577,0.14246520400047302,152.75192871093753,0.9217290176637134,0.6184788431604213,0.6580038712108944,OAS1_0001_MR1_mpr-3_anon,bias,high
0.4401822090148926,0.08530695736408234,0.007332919165492058,5.189874649047852,2.908015727996826,0.10430111736059189,0.004105166532099247,0.10430111736059189,58.475168265548405,0.9375493855528447,0.5115974675137162,0.6061535917527997,OAS1_0001_MR1_mpr-3_anon,motion,low
0.45617544651031494,0.08009378612041473,0.006431814283132553,5.714735984802246,2.8318331241607666,0.10005297511816025,0.0036041652783751488,0.10005297511816025,53.22085152420344,0.9364750484402506,0.520655725158046,0.6154423709909775,OAS1_0001_MR1_mpr-3_anon,motion,medium
0.47195518016815186,0.07739891856908798,0.006021046079695225,6.139229774475098,2.8098859786987305,0.10483501851558685,0.0033636814914643764,0.10483501851558685,53.9134791953891,0.9307677177927969,0.5195924592260107,0.6089909105640533,OAS1_0001_MR1_mpr-3_anon,motion,high
0.07777957618236542,0.13858681917190552,0.020411012694239616,0.5353579521179199,2.432011365890503,0.14240598678588867,0.011120976880192757,0.14240598678588867,153.91385713465073,0.9221006464194941,0.618434018868489,0.658140138113365,OAS1_0001_MR1_mpr-4_anon,original,none
0.10020656138658524,0.16399835050106049,0.028351109474897385,0.5869127511978149,2.5757646560668945,0.10690189898014069,0.0006733391201123595,0.10690189898014069,42.57192717907476,0.9857130992549206,0.5970252583245725,0.7120755667104633,OAS1_0001_MR1_mpr-4_anon,blur,low
0.11961381882429123,0.18156129121780396,0.03461647406220436,0.6317768692970276,2.7343673706054688,0.0808296725153923,9.845837485045195e-05,0.0808296725153923,17.322044462316175,0.996026138841656,0.5767107474305164,0.7139812108155126,OAS1_0001_MR1_mpr-4_anon,blur,medium
0.14792120456695557,0.20940372347831726,0.04612816497683525,0.6772545576095581,2.955247163772583,0.0658019408583641,1.782976141839754e-05,0.0658019408583641,9.09229425168505,0.9985944088703406,0.5438674253634936,0.701003147274945,OAS1_0001_MR1_mpr-4_anon,blur,high
0.07940930128097534,0.13780415058135986,0.02019110880792141,0.5565439462661743,2.699678897857666,0.14582708477973938,0.011145574040710926,0.14582708477973938,154.1592307894838,0.9214440631223921,0.45890807783112103,0.5768595974695696,OAS1_0001_MR1_mpr-4_anon,noise,low
0.08101177215576172,0.13697823882102966,0.019955620169639587,0.5779335498809814,3.0762972831726074,0.14931583404541016,0.011266791261732578,0.14931583404541016,154.84632305070465,0.9195067630710676,0.23669346803968672,0.44064459036576453,OAS1_0001_MR1_mpr-4_anon,noise,medium
0.08433854579925537,0.13554927706718445,0.01953834295272827,0.6212115287780762,3.4182510375976562,0.15667852759361267,0.011810476891696453,0.15667852759361267,158.03160388422947,0.913892052224523,0.12960446163065842,0.31706360337943756,OAS1_0001_MR1_mpr-4_anon,noise,high
0.07762274891138077,0.13841460645198822,0.020355815067887306,0.5352875590324402,2.4310529232025146,0.14247792959213257,0.011142523027956486,0.14247792959213257,153.67551796109072,0.9219591293144788,0.6184331349795988,0.6580249128469211,OAS1_0001_MR1_mpr-4_anon,bias,low
0.07737430930137634,0.13810080289840698,0.020259782671928406,0.5351032018661499,2.42966890335083,0.14236244559288025,0.011138703674077988,0.14236244559288025,153.09890806908703,0.9218441932801178,0.6184327255452481,0.6579302761673783,OAS1_0001_MR1_mpr-4_anon,bias,medium
0.07685863226652145,0.1374097764492035,0.02004948817193508,0.5346506834030151,2.4271368980407715,0.14190015196800232,0.01109296828508377,0.14190015196800232,151.72344037224266,0.9216923118566462,0.6184322358480204,0.657955329431227,OAS1_0001_MR1_mpr-4_anon,bias,high
0.43854695558547974,0.08539386838674545,0.007344737648963928,5.161467552185059,2.933236837387085,0.1044628769159317,0.004102776758372784,0.1044628769159317,58.34408748851103,0.9379012883156135,0.5060028100654468,0.6027766727512794,OAS1_0001_MR1_mpr-4_anon,motion,low
0.45658931136131287,0.08029152452945709,0.006467735394835472,5.711205005645752,2.8532588481903076,0.10037801414728165,0.0036148843355476856,0.10037801414728165,53.26288966758579,0.9366561701794255,0.5157967428490428,0.6123566863990005,OAS1_0001_MR1_mpr-4_anon,motion,medium
0.4714033603668213,0.07769627869129181,0.006068614311516285,6.112002849578857,2.827800989151001,0.10530424863100052,0.0033888835459947586,0.10530424863100052,54.208736165364584,0.9309781295327868,0.5158037881037321,0.6065400539060335,OAS1_0001_MR1_mpr-4_anon,motion,high
0.0754980593919754,0.143874391913414,0.02200264111161232,0.4948524236679077,2.1694998741149902,0.13538405299186707,0.010678756050765514,0.13538405299186707,141.9640225279565,0.9338674730215302,0.6735931952105823,0.7075519401206658,OAS1_0002_MR1_mpr-1_anon,original,none
0.09765882045030594,0.17296814918518066,0.0314226895570755,0.5386571884155273,2.3330488204956055,0.10940138250589371,0.000630088965408504,0.10940138250589371,42.58809144263174,0.988095513598747,0.6537326209007592,0.7400983087298216,OAS1_0002_MR1_mpr-1_anon,blur,low
0.11174114793539047,0.18583323061466217,0.035644903779029846,0.5810723304748535,2.467090368270874,0.08117615431547165,9.877308912109584e-05,0.08117615431547165,17.39934560738358,0.996169389373331,0.633952651571997,0.7380760068570404,OAS1_0002_MR1_mpr-1_anon,blur,medium
0.13568472862243652,0.21058717370033264,0.04548657685518265,0.6265024542808533,2.664058208465576,0.06428224593400955,1.7019341612467542e-05,0.06428224593400955,8.636457615272672,0.9985745571532728,0.6013852137147855,0.7252009326875521,OAS1_0002_MR1_mpr-1_anon,blur,high
0.07758274674415588,0.14302586019039154,0.02176462486386299,0.5225930213928223,2.4860668182373047,0.1397855281829834,0.01071111485362053,0.1397855281829834,142.10876979453892,0.9324492763138921,0.5002329694453663,0.6127868795195057,OAS1_0002_MR1_mpr-1_anon,noise,low
0.07966986298561096,0.14223961532115936,0.021535467356443405,0.5505133271217346,2.904456853866577,0.1442665159702301,0.010923206806182861,0.1442665159702301,143.2942466586244,0.9289347292681622,0.2558592543074103,0.46375400210049955,OAS1_0002_MR1_mpr-1_anon,noise,medium
0.08381175994873047,0.1407935917377472,0.021077988669276237,0.6031383275985718,3.2868196964263916,0.1533953696489334,0.011883738450706005,0.1533953696489334,148.89101682176778,0.9190388377803117,0.14088235770770993,0.333375456283342,OAS1_0002_MR1_mpr-1_anon,noise,high
0.07519949972629547,0.1434352695941925,0.021879088133573532,0.49390584230422974,2.1684556007385254,0.13524708151817322,0.010652451775968075,0.13524708151817322,141.67248104319856,0.9338008225454497,0.6735923846801609,0.7075419861952383,OAS1_0002_MR1_mpr-1_anon,bias,low
0.07440484315156937,0.1422000527381897,0.021499767899513245,0.4928581416606903,2.165458917617798,0.13422220945358276,0.010499563068151474,0.13422220945358276,139.62294323491116,0.9337462853548755,0.6735926085359445,0.7077803330921062,OAS1_0002_MR1_mpr-1_anon,bias,medium
0.07236974686384201,0.13902688026428223,0.020517447963356972,0.49114561080932617,2.157522678375244,0.13115093111991882,0.01005206722766161,0.13115093111991882,133.50969525505516,0.9336707712733134,0.6735941389771316,0.7084901944104185,OAS1_0002_MR1_mpr-1_anon,bias,high
0.4394461512565613,0.08644439280033112,0.007591322995722294,5.0961689949035645,2.706758499145508,0.09901520609855652,0.0036714556626975536,0.09901520609855652,50.26856833065257,0.9474946589396696,0.5597284597570595,0.6474300564936246,OAS1_0002_MR1_mpr-1_anon,motion,low
0.4863724708557129,0.0839126780629158,0.007202764041721821,5.865474700927734,2.675309181213379,0.09822419285774231,0.0033898036926984787,0.09822419285774231,48.985872635186894,0.9460592635766746,0.5595729738329406,0.6462251908434098,OAS1_0002_MR1_mpr-1_anon,motion,medium
0.4806789457798004,0.08137831091880798,0.006744517479091883,5.947901248931885,2.6534736156463623,0.10371536016464233,0.0032030283473432064,0.10371536016464233,51.1908385033701,0.940387112329052,0.5608338884330013,0.6402689294810326,OAS1_0002_MR1_mpr-1_anon,motion,high
0.07569669187068939,0.1434275358915329,0.021932251751422882,0.49693506956100464,2.1769211292266846,0.13447147607803345,0.010114938020706177,0.13447147607803345,137.4851225011489,0.9362176690525055,0.6722741302349373,0.7063002095293549,OAS1_0002_MR1_mpr-2_anon,original,none
0.09897461533546448,0.17403686046600342,0.03209550678730011,0.5397055149078369,2.340269088745117,0.1094675213098526,0.0006199797498993576,0.1094675213098526,42.183480057061885,0.9881871382232899,0.6526317062368807,0.7393935784924294,OAS1_0002_MR1_mpr-2_anon,blur,low
0.11220284551382065,0.18575145304203033,0.035813771188259125,0.5823526382446289,2.473144054412842,0.08096098154783249,9.610586857888848e-05,0.08096098154783249,17.142104923023897,0.996131323038157,0.6327466561786452,0.7375627036029092,OAS1_0002_MR1_mpr-2_anon,blur,medium
0.1365368366241455,0.21121099591255188,0.04581921547651291,0.6280018091201782,2.671736717224121,0.06450839340686798,1.7054257114068605e-05,0.06450839340686798,8.636028933057599,0.9985810834147297,0.6002039515684957,0.7244253413588408,OAS1_0002_MR1_mpr-2_anon,blur,high
0.0775994211435318,0.14262434840202332,0.021703999489545822,0.5223715305328369,2.478167772293091,0.13852140307426453,0.010147295892238617,0.13852140307426453,137.73333105947458,0.9350730081367127,0.5005934033027759,0.6156753819458872,OAS1_0002_MR1_mpr-2_anon,noise,low
0.07948818057775497,0.14181755483150482,0.021468237042427063,0.548184871673584,2.895071029663086,0.1426205337047577,0.010296676307916641,0.1426205337047577,138.5844222723269,0.9322840433388526,0.25628576031185146,0.46603941641180435,OAS1_0002_MR1_mpr-2_anon,noise,medium
0.08338648080825806,0.1404840350151062,0.021061165258288383,0.5986748933792114,3.278059482574463,0.1512170433998108,0.011017171666026115,0.1512170433998108,142.92922267539828,0.9238459479793706,0.1406421832492818,0.33404043306406084,OAS1_0002_MR1_mpr-2_anon,noise,high
0.07531828433275223,0.14289990067481995,0.02177230641245842,0.49601343274116516,2.175602436065674,0.13420632481575012,0.01007150486111641,0.13420632481575012,136.92148533241425,0.9361373744713454,0.6722741073032689,0.7063337015511175,OAS1_0002_MR1_mpr-2_anon,bias,low
0.07455812394618988,0.14177635312080383,0.02142503671348095,0.4949871301651001,2.1727442741394043,0.1332513689994812,0.00993356667459011,0.1332513689994812,135.02981866574757,0.9360721712299137,0.6722743296021199,0.7065516621475195,OAS1_0002_MR1_mpr-2_anon,bias,medium
0.07278664410114288,0.13907912373542786,0.020594101399183273,0.4933012127876282,2.1659674644470215,0.13066965341567993,0.009572360664606094,0.13066965341567993,130.00182890050553,0.9359833690402495,0.6722754691463869,0.7071846541078101,OAS1_0002_MR1_mpr-2_anon,bias,high
0.43766915798187256,0.08624812960624695,0.0075340126641094685,5.0928826332092285,2.7040748596191406,0.0986420065164566,0.0035604839213192463,0.0986420065164566,49.48519670075061,0.947977068391634,0.5601997823083104,0.6474310061667126,OAS1_0002_MR1_mpr-2_anon,motion,low
0.4862612187862396,0.08393248170614243,0.007220319472253323,5.869047164916992,2.6682004928588867,0.09804163873195648,0.0032958961091935635,0.09804163873195648,48.42283169615503,0.9465582689012588,0.5613831566806741,0.6465213763759701,OAS1_0002_MR1_mpr-2_anon,motion,medium
0.47904032468795776,0.0813017338514328,0.006726115942001343,5.930896282196045,2.6549243927001953,0.10356000810861588,0.003110641846433282,0.10356000810861588,50.66781173406863,0.9408645512344702,0.5605951948758812,0.6402053787393692,OAS1_0002_MR1_mpr-2_anon,motion,high
0.07628777623176575,0.1448826938867569,0.022387510165572166,0.4950939118862152,2.1746912002563477,0.1361650824546814,0.010806776583194733,0.1361650824546814,143.7972948261336,0.9355494098518728,0.6733088535193437,0.7070448818490163,OAS1_0002_MR1_mpr-3_anon,original,none
0.0987040102481842,0.17400869727134705,0.03209446743130684,0.5380716323852539,2.334010124206543,0.10948395729064941,0.0006290843011811376,0.10948395729064941,42.41539186963848,0.9880945420356854,0.6537649822707872,0.7403530899508319,OAS1_0002_MR1_mpr-3_anon,blur,low
0.11173869669437408,0.18543314933776855,0.03571253642439842,0.5807090997695923,2.4666314125061035,0.08077557384967804,9.641241194913164e-05,0.08077557384967804,17.155044615502455,0.996091189050456,0.6339492695153055,0.738367612240397,OAS1_0002_MR1_mpr-3_anon,blur,medium
0.13625553250312805,0.21139003336429596,0.045877695083618164,0.6262339353561401,2.666351318359375,0.06443456560373306,1.7067353837774135e-05,0.06443456560373306,8.666046262254904,0.9985758610093899,0.6014943747373798,0.7249825773845214,OAS1_0002_MR1_mpr-3_anon,blur,high
0.07819969952106476,0.14403484761714935,0.022143427282571793,0.5204480886459351,2.4812402725219727,0.1402302384376526,0.010829059407114983,0.1402302384376526,143.9247599283854,0.9343926772977597,0.4990497194560761,0.6146607366324619,OAS1_0002_MR1_mpr-3_anon,noise,low
0.08014991879463196,0.14329448342323303,0.02192741073668003,0.5460752248764038,2.8986740112304688,0.14444750547409058,0.010999102145433426,0.14444750547409058,144.9437686695772,0.9316209600800183,0.25551075418436653,0.4651171981986838,OAS1_0002_MR1_mpr-3_anon,noise,medium
0.08390969038009644,0.14162752032279968,0.02141313999891281,0.5963153839111328,3.2795798778533936,0.15283434092998505,0.011700660921633244,0.15283434092998505,148.82276312136185,0.9231758262020036,0.14060064595736266,0.333724409501579,OAS1_0002_MR1_mpr-3_anon,noise,high
0.07583887130022049,0.14425979554653168,0.022195996716618538,0.4941880404949188,2.1730809211730957,0.13577881455421448,0.01074255257844925,0.13577881455421448,142.94603726256128,0.9354588377401367,0.6733082612522743,0.7071012369497995,OAS1_0002_MR1_mpr-3_anon,bias,low
0.07481488585472107,0.14267054200172424,0.02170082926750183,0.49317774176597595,2.1691484451293945,0.13434360921382904,0.010525812394917011,0.13434360921382904,140.00960286458337,0.9353723043820846,0.6733088931474436,0.707407232017244,OAS1_0002_MR1_mpr-3_anon,bias,medium
0.07253582775592804,0.13910068571567535,0.020589511841535568,0.49151572585105896,2.1602439880371094,0.13083435595035553,0.010007443837821484,0.13083435595035553,132.93028899548102,0.9352698286877222,0.6733102604335599,0.7082492541961143,OAS1_0002_MR1_mpr-3_anon,bias,high
0.4387369751930237,0.08649688959121704,0.007579599041491747,5.090601921081543,2.6959939002990723,0.09915309399366379,0.003744867630302906,0.09915309399366379,50.96559843175552,0.9468353836019486,0.5621602491972721,0.648850934757345,OAS1_0002_MR1_mpr-3_anon,motion,low
0.4862588942050934,0.0843452513217926,0.007285100873559713,5.837233543395996,2.6619837284088135,0.0987565666437149,0.0034763808362185955,0.0987565666437149,49.95332174862133,0.9454458382916548,0.5632657966279182,0.6473189126393348,OAS1_0002_MR1_mpr-3_anon,motion,medium
0.4774177074432373,0.08111342787742615,0.0066826315596699715,5.926613807678223,2.640073776245117,0.10347076505422592,0.0032369354739785194,0.10347076505422592,51.411171827129294,0.9398076246961111,0.5637762071033718,0.6423390180779556,OAS1_0002_MR1_mpr-3_anon,motion,high
0.07525395601987839,0.14355702698230743,0.02194800414144993,0.49355262517929077,2.1571547985076904,0.13456793129444122,0.01063607633113861,0.13456793129444122,140.95098637599574,0.933941160649684,0.676080687916792,0.7094582197031885,OAS1_0002_MR1_mpr-4_anon,original,none
0.09689155220985413,0.17165769636631012,0.0311245359480381,0.5368739366531372,2.3163857460021973,0.10789665579795837,0.0006095839198678732,0.10789665579795837,41.22159998276655,0.9879536381269465,0.6563986320948539,0.7422070413328383,OAS1_0002_MR1_mpr-4_anon,blur,low
0.11063416302204132,0.1843453198671341,0.035196248441934586,0.5790723562240601,2.451082229614258,0.08028772473335266,9.547362424200401e-05,0.08028772473335266,16.994814165900735,0.9961485484518595,0.6365334538000685,0.7396656324339859,OAS1_0002_MR1_mpr-4_anon,blur,medium
0.13526424765586853,0.21063801646232605,0.045502372086048126,0.6241730451583862,2.651331901550293,0.06417754292488098,1.6984089597826824e-05,0.06417754292488098,8.647582050398285,0.9985762705515502,0.6038829171804405,0.7260345875105163,OAS1_0002_MR1_mpr-4_anon,blur,high
0.07722936570644379,0.14272116124629974,0.021714340895414352,0.5204528570175171,2.4639368057250977,0.1387631595134735,0.010658349841833115,0.1387631595134735,141.05857914943323,0.9326111160226358,0.5047735730445018,0.617631606725511,OAS1_0002_MR1_mpr-4_anon,noise,low
0.07917289435863495,0.1418759971857071,0.021462708711624146,0.5476641058921814,2.8844680786132812,0.14299704134464264,0.01083282008767128,0.14299704134464264,142.00051760206034,0.929378923177417,0.25806016486692546,0.46711097666176904,OAS1_0002_MR1_mpr-4_anon,noise,medium
0.08314154297113419,0.14041981101036072,0.021005557850003242,0.5997360944747925,3.270089864730835,0.15180325508117676,0.011660370975732803,0.15180325508117676,146.8079299029182,0.9198621199185912,0.14209713489347248,0.33550453064394525,OAS1_0002_MR1_mpr-4_anon,noise,high
0.0749991163611412,0.14325681328773499,0.02186291664838791,0.4926376938819885,2.1562957763671875,0.1345050185918808,0.010621247813105583,0.1345050185918808,140.8037877699908,0.9338768800711323,0.676079883152481,0.7094325501489258,OAS1_0002_MR1_mpr-4_anon,bias,low
0.07431595027446747,0.14225003123283386,0.021556507796049118,0.4916185438632965,2.153733253479004,0.13366970419883728,0.010496512986719608,0.13366970419883728,139.15410036573223,0.9338221377588956,0.6760799350404814,0.7096287753212115,OAS1_0002_MR1_mpr-4_anon,bias,medium
0.07235077023506165,0.13919062912464142,0.020611010491847992,0.48994386196136475,2.1461451053619385,0.13071537017822266,0.01006365567445755,0.13071537017822266,133.24794203814338,0.9337513884283629,0.6760811633633688,0.7103373083770181,OAS1_0002_MR1_mpr-4_anon,bias,high
0.4373277425765991,0.08599784970283508,0.007489548996090889,5.097992897033691,2.6935243606567383,0.0982593297958374,0.0036796596832573414,0.0982593297958374,49.94769837622549,0.9471786063289397,0.5622250234929485,0.6491596812998315,OAS1_0002_MR1_mpr-4_anon,motion,low
0.48797866702079773,0.08353865891695023,0.007143331691622734,5.923513412475586,2.6600868701934814,0.09769231081008911,0.003413786180317402,0.09769231081008911,48.89549799900429,0.945745272770492,0.5626688940017998,0.6479616794627621,OAS1_0002_MR1_mpr-4_anon,motion,medium
0.477980375289917,0.08083868771791458,0.006634560879319906,5.950948715209961,2.640674114227295,0.10299979150295258,0.0032130475156009197,0.10299979150295258,50.879024969362746,0.9400450471815605,0.5633060972205591,0.6421805497589803,OAS1_0002_MR1_mpr-4_anon,motion,high
0.0783742219209671,0.1446610987186432,0.021935269236564636,0.5134256482124329,2.3361072540283203,0.15064787864685059,0.011804580688476562,0.15064787864685059,164.46061066272216,0.9308735508212529,0.641338488473563,0.6782093101104881,OAS1_0003_MR1_mpr-1_anon,original,none
0.10299529135227203,0.17475196719169617,0.031904060393571854,0.5643581748008728,2.49832820892334,0.11904409527778625,0.000797636981587857,0.11904409527778625,49.000756716260724,0.9870649434023235,0.6203887859907246,0.7184176348353033,OAS1_0003_MR1_mpr-1_anon,blur,low
0.11974108219146729,0.19064490497112274,0.03739314526319504,0.6088887453079224,2.6427464485168457,0.08704471588134766,0.0001038880436681211,0.08704471588134766,18.502521230660232,0.9962462666593357,0.6003650533836362,0.7158527861450437,OAS1_0003_MR1_mpr-1_anon,blur,medium
0.14667990803718567,0.2191019058227539,0.048926204442977905,0.6548455953598022,2.8513784408569336,0.0682397335767746,1.7611400835448876e-05,0.0682397335767746,9.286755849800858,0.99858731816655,0.5683029106332225,0.7041890390479238,OAS1_0003_MR1_mpr-1_anon,blur,high
0.08031958341598511,0.14384840428829193,0.021702487021684647,0.536351203918457,2.635819911956787,0.1546967327594757,0.011822691187262535,0.1546967327594757,164.51980483111214,0.9299171629535502,0.473535205249098,0.5881016769049612,OAS1_0003_MR1_mpr-1_anon,noise,low
0.08229264616966248,0.1430983692407608,0.021475719287991524,0.5595067739486694,3.031466007232666,0.15893973410129547,0.01207297295331955,0.15893973410129547,166.03949596928615,0.9274241692668825,0.24266747924022913,0.4464468956980593,OAS1_0003_MR1_mpr-1_anon,noise,medium
0.0862528383731842,0.14172878861427307,0.02105819806456566,0.6044709086418152,3.38944673538208,0.16753846406936646,0.012970560230314732,0.16753846406936646,171.2564416025199,0.9203070463470987,0.13316496093014546,0.32088621555118063,OAS1_0003_MR1_mpr-1_anon,noise,high
0.07690102607011795,0.1422911137342453,0.021201157942414284,0.5128213167190552,2.3297061920166016,0.14835207164287567,0.011469896882772446,0.14835207164287567,159.8493648753447,0.9306513332482879,0.6413393047766445,0.6786530823437997,OAS1_0003_MR1_mpr-1_anon,bias,low
0.07537984102964401,0.13987356424331665,0.020461564883589745,0.5121150016784668,2.323007106781006,0.1459314525127411,0.0111233526840806,0.1459314525127411,155.0478380390242,0.9304302278791365,0.6413405357229758,0.6791162598263761,OAS1_0003_MR1_mpr-1_anon,bias,medium
0.07307732105255127,0.13625359535217285,0.019372092559933662,0.5109090805053711,2.312695264816284,0.1421882063150406,0.010598312132060528,0.1421882063150406,147.71780407475492,0.9301347743711116,0.6413425059632211,0.6799205405114261,OAS1_0003_MR1_mpr-1_anon,bias,high
0.4509950280189514,0.08576594293117523,0.007445079740136862,5.287435531616211,2.8437891006469727,0.10589879751205444,0.003877044655382633,0.10589879751205444,54.709388523475795,0.9408216402046983,0.5275629641173742,0.6218340764928656,OAS1_0003_MR1_mpr-1_anon,motion,low
0.4649459719657898,0.08210770785808563,0.006848315708339214,5.715030670166016,2.8093183040618896,0.1052921786904335,0.0035081568639725447,0.1052921786904335,52.92702038334866,0.9395160004603097,0.5282021312325191,0.6207544948659874,OAS1_0003_MR1_mpr-1_anon,motion,medium
0.475151002407074,0.0819084644317627,0.006779846735298634,5.816593170166016,2.8046364784240723,0.1127137616276741,0.003548205131664872,0.1127137616276741,57.93848841050092,0.934169736589673,0.5268848882772685,0.6127412974533321,OAS1_0003_MR1_mpr-1_anon,motion,high
0.07822971045970917,0.1448918730020523,0.021958159282803535,0.5123231410980225,2.3231515884399414,0.15011844038963318,0.011891588568687439,0.15011844038963318,164.18467718386182,0.9314820342446544,0.6442490880060954,0.680664861303212,OAS1_0003_MR1_mpr-2_anon,original,none
0.10292617976665497,0.17503225803375244,0.03205568343400955,0.5628502368927002,2.484928846359253,0.11857414990663528,0.0007954561151564121,0.11857414990663528,48.73457115023744,0.987135933555482,0.623322886361926,0.7198792079948799,OAS1_0003_MR1_mpr-2_anon,blur,low
0.12012539803981781,0.1918584704399109,0.03790510818362236,0.6069363355636597,2.6289405822753906,0.08705239742994308,0.00010480995115358382,0.08705239742994308,18.596342797372856,0.9962884888369898,0.6033783159762611,0.7171563287866785,OAS1_0003_MR1_mpr-2_anon,blur,medium
0.14734451472759247,0.220979243516922,0.04976239800453186,0.6524419784545898,2.8379287719726562,0.06828885525465012,1.7736867448547855e-05,0.06828885525465012,9.353339101753985,0.9986048653921902,0.5713142259428514,0.7052105039670219,OAS1_0003_MR1_mpr-2_anon,blur,high
0.08018584549427032,0.1440359354019165,0.021717343479394913,0.5350863933563232,2.6254258155822754,0.15419770777225494,0.011902978643774986,0.15419770777225494,164.16953795189954,0.9305602463496911,0.4756211453505681,0.5898677722183405,OAS1_0003_MR1_mpr-2_anon,noise,low
0.08212719857692719,0.1432267427444458,0.02147524431347847,0.5582779049873352,3.0229523181915283,0.1583176851272583,0.012086905539035797,0.1583176851272583,165.06225609872854,0.928141553963433,0.24353494658974803,0.447711896907244,OAS1_0003_MR1_mpr-2_anon,noise,medium
0.0860036239027977,0.14169356226921082,0.021007515490055084,0.6028105616569519,3.382690906524658,0.16678225994110107,0.012954691424965858,0.16678225994110107,169.97666817459407,0.9211372630928097,0.13387515898751243,0.32204866946522787,OAS1_0003_MR1_mpr-2_anon,noise,high
0.07678841054439545,0.14260344207286835,0.021245118230581284,0.5117106437683105,2.3169312477111816,0.14789973199367523,0.011564024724066257,0.14789973199367523,159.71046346028646,0.9312526438727503,0.6442500003700276,0.6810695153682231,OAS1_0003_MR1_mpr-2_anon,bias,low
0.07531112432479858,0.14027945697307587,0.020532850176095963,0.5109965801239014,2.3104028701782227,0.1455705463886261,0.011228247545659542,0.1455705463886261,155.09897329293045,0.9310342335104245,0.6442512019808313,0.6815251454782227,OAS1_0003_MR1_mpr-2_anon,bias,medium
0.07308913767337799,0.13676702976226807,0.019481167197227478,0.5097798109054565,2.300539493560791,0.14196941256523132,0.010710815899074078,0.14196941256523132,147.99917291379444,0.9307356973768037,0.6442531468209559,0.682328755075802,OAS1_0003_MR1_mpr-2_anon,bias,high
0.4501723647117615,0.08582309633493423,0.007475375197827816,5.28178071975708,2.8367769718170166,0.10565921664237976,0.003910384140908718,0.10565921664237976,54.725734097349886,0.9407775021702202,0.529270372404,0.6232524701329812,OAS1_0003_MR1_mpr-2_anon,motion,low
0.4657887816429138,0.08217574656009674,0.006863107904791832,5.7226409912109375,2.814067840576172,0.1050252616405487,0.0035237660631537437,0.1050252616405487,52.7312286975337,0.9397031717402491,0.5269523088535499,0.6211901602944274,OAS1_0003_MR1_mpr-2_anon,motion,medium
0.4755555987358093,0.08188457787036896,0.006772839464247227,5.820527076721191,2.7988739013671875,0.11247336864471436,0.0035636010579764843,0.11247336864471436,57.712684421913295,0.9343102105232951,0.5282936262378919,0.6140519604881706,OAS1_0003_MR1_mpr-2_anon,motion,high
0.07780922949314117,0.14446723461151123,0.021883951500058174,0.510371208190918,2.3101344108581543,0.1494506150484085,0.011786607094109058,0.1494506150484085,163.1660236433441,0.9313885002197737,0.6467527006862253,0.6827548966029264,OAS1_0003_MR1_mpr-3_anon,original,none
0.10221398621797562,0.17439743876457214,0.03182484954595566,0.5606629848480225,2.470818519592285,0.1182083934545517,0.0007929243729449809,0.1182083934545517,48.60431829714308,0.9870640173829106,0.6260330774295596,0.7216563869504465,OAS1_0003_MR1_mpr-3_anon,blur,low
0.11932414025068283,0.19119080901145935,0.03766608238220215,0.6048204302787781,2.6148321628570557,0.08685266971588135,0.00010462376667419448,0.08685266971588135,18.53673885569853,0.9962444489077787,0.6061172258757412,0.7184692556786774,OAS1_0003_MR1_mpr-3_anon,blur,medium
0.14540228247642517,0.21890133619308472,0.048848286271095276,0.6502596139907837,2.818843364715576,0.06768788397312164,1.7437305359635502e-05,0.06768788397312164,9.224735633999693,0.9985907398198881,0.5743111408508548,0.7070936855115176,OAS1_0003_MR1_mpr-3_anon,blur,high
0.07969190925359726,0.14362724125385284,0.021643133834004402,0.5328747034072876,2.6045496463775635,0.15337903797626495,0.011795423924922943,0.15337903797626495,163.15447890337776,0.9305097192222522,0.4812368091338751,0.5943976188328988,OAS1_0003_MR1_mpr-3_anon,noise,low
0.08161839097738266,0.14288806915283203,0.021426696330308914,0.5556505918502808,3.0049357414245605,0.15750683844089508,0.011995811946690083,0.15750683844089508,164.37426027784159,0.9281133746797179,0.24614666071713828,0.4510930026802215,OAS1_0003_MR1_mpr-3_anon,noise,medium
0.08542342483997345,0.1413896083831787,0.020960688591003418,0.6000553369522095,3.3672609329223633,0.1658349633216858,0.012803863734006882,0.1658349633216858,168.90670572916667,0.9214085523207887,0.13533410203932017,0.32431743559796916,OAS1_0003_MR1_mpr-3_anon,noise,high
0.07635364681482315,0.14211001992225647,0.021155554801225662,0.5097523927688599,2.3038480281829834,0.14718618988990784,0.011448455974459648,0.14718618988990784,158.574318560432,0.9311564201108855,0.6467535782668659,0.6831866119866579,OAS1_0003_MR1_mpr-3_anon,bias,low
0.0748971626162529,0.13977846503257751,0.020447149872779846,0.5090305805206299,2.2974038124084473,0.14488032460212708,0.01111450232565403,0.14488032460212708,154.00388315238206,0.930940562332651,0.6467545022896154,0.6836357637409585,OAS1_0003_MR1_mpr-3_anon,bias,medium
0.07273055613040924,0.13634935021400452,0.019420664757490158,0.5078004598617554,2.2877862453460693,0.14139039814472198,0.010620633140206337,0.14139039814472198,147.19271922392008,0.9306481615381981,0.646756130839863,0.6843954688607098,OAS1_0003_MR1_mpr-3_anon,bias,high
0.4512384533882141,0.08544021099805832,0.0073916250839829445,5.31404447555542,2.8070175647735596,0.10495978593826294,0.0039014341309666634,0.10495978593826294,54.55838730755974,0.9404708866282937,0.5358386034690343,0.6278388963920704,OAS1_0003_MR1_mpr-3_anon,motion,low
0.4659022092819214,0.0821760818362236,0.0068702916614711285,5.721658229827881,2.7881009578704834,0.10485506057739258,0.0035416120663285255,0.10485506057739258,52.984469664330575,0.9394072274343602,0.5334148210846438,0.6250716745297284,OAS1_0003_MR1_mpr-3_anon,motion,medium
0.477927565574646,0.08104068040847778,0.006633995100855827,5.909951686859131,2.7694284915924072,0.1110398918390274,0.003514673328027129,0.1110398918390274,56.8526975145527,0.9340142537670202,0.5343985453986111,0.6186845810320512,OAS1_0003_MR1_mpr-3_anon,motion,high
0.07696942239999771,0.14339113235473633,0.021586744114756584,0.5074828863143921,2.2924530506134033,0.14872097969055176,0.01164497435092926,0.14872097969055176,162.02899373372398,0.9309408540428638,0.6500488857688761,0.685565071274894,OAS1_0003_MR1_mpr-4_anon,original,none
0.1013338714838028,0.17330914735794067,0.03145710378885269,0.5578339695930481,2.4535698890686035,0.11765655130147934,0.0007960009388625622,0.11765655130147934,48.70776115866268,0.9871087761295751,0.6295303216424315,0.7236872999064692,OAS1_0003_MR1_mpr-4_anon,blur,low
0.11808580905199051,0.18969108164310455,0.03713923692703247,0.6016574501991272,2.595447301864624,0.08623456954956055,0.00010363884211983532,0.08623456954956055,18.533259971469057,0.9962127179338311,0.6096674918397438,0.7203519995028851,OAS1_0003_MR1_mpr-4_anon,blur,medium
0.14408531785011292,0.21735680103302002,0.048315685242414474,0.6469109654426575,2.79713773727417,0.06728127598762512,1.7363441656925716e-05,0.06728127598762512,9.26936944699755,0.998570433836759,0.5779867061452447,0.7090493094881396,OAS1_0003_MR1_mpr-4_anon,blur,high
0.07885295897722244,0.14259439706802368,0.021361101418733597,0.5301278829574585,2.58026123046875,0.15267619490623474,0.011673590168356895,0.15267619490623474,162.22093051087623,0.930022413295299,0.48908891946439653,0.5997960002992743,OAS1_0003_MR1_mpr-4_anon,noise,low
0.08070359379053116,0.14178210496902466,0.021120674908161163,0.5530574321746826,2.983243465423584,0.15666510164737701,0.011842940002679825,0.15666510164737701,163.06596919041056,0.9276385052203353,0.24991179651245576,0.4550021994948441,OAS1_0003_MR1_mpr-4_anon,noise,medium
0.08453342318534851,0.14046195149421692,0.020717298611998558,0.5973444581031799,3.348937511444092,0.16505345702171326,0.012626424431800842,0.16505345702171326,167.74049910003063,0.920721186198244,0.13748736135895634,0.32770104551229384,OAS1_0003_MR1_mpr-4_anon,noise,high
0.07548173516988754,0.1409907341003418,0.020844221115112305,0.5068677067756653,2.2860591411590576,0.14637936651706696,0.011291484348475933,0.14637936651706696,157.19308543485755,0.9307156820242203,0.650049647605941,0.6860060987750314,OAS1_0003_MR1_mpr-4_anon,bias,low
0.07399299740791321,0.1386081576347351,0.020120998844504356,0.506149411201477,2.2794618606567383,0.14399364590644836,0.010943288914859295,0.14399364590644836,152.40355176738666,0.930501792606792,0.6500506764784777,0.6864846359986452,OAS1_0003_MR1_mpr-4_anon,bias,medium
0.07184150815010071,0.135187029838562,0.01910671405494213,0.5049241781234741,2.2698659896850586,0.1404934525489807,0.010450663045048714,0.1404934525489807,145.58426585477946,0.9302148113489044,0.6500522553754455,0.6872295271877455,OAS1_0003_MR1_mpr-4_anon,bias,high
0.45077788829803467,0.08438759297132492,0.0071946363896131516,5.371860027313232,2.791532516479492,0.10399983823299408,0.0038337549194693565,0.10399983823299408,53.82468094171262,0.9400991886789639,0.5370138385334263,0.6306383374314802,OAS1_0003_MR1_mpr-4_anon,motion,low
0.4651452600955963,0.08111880719661713,0.006680587772279978,5.781427383422852,2.767333507537842,0.10392425954341888,0.003483510110527277,0.10392425954341888,52.33591547947304,0.9386738244393436,0.5362422816315793,0.6282993519891552,OAS1_0003_MR1_mpr-4_anon,motion,medium
0.47854912281036377,0.08034701645374298,0.006520872935652733,5.972653388977051,2.747056007385254,0.11036602407693863,0.003488123882561922,0.11036602407693863,56.629825726677396,0.9331900166732798,0.537845151554326,0.6215170364409267,OAS1_0003_MR1_mpr-4_anon,motion,high
0.08507291972637177,0.13580909371376038,0.01931147836148739,0.6015200614929199,2.681920289993286,0.1423550844192505,0.010689923539757729,0.1423550844192505,131.17322375727636,0.9311882853535243,0.565740882435281,0.6112464227396659,OAS1_0004_MR1_mpr-1_anon,original,none
0.11444273591041565,0.17123013734817505,0.030425433069467545,0.6507432460784912,2.846322536468506,0.10954932868480682,0.0004876081657130271,0.10954932868480682,32.86151194852941,0.9888957767831676,0.5429696949241379,0.6758561698995831,OAS1_0004_MR1_mpr-1_anon,blur,low
0.1462966799736023,0.20587685704231262,0.0437539778649807,0.6931784152984619,3.06022047996521,0.09096129238605499,9.201793727697805e-05,0.09096129238605499,18.13481158088235,0.9966184436456952,0.5209600995150869,0.6744740097541739,OAS1_0004_MR1_mpr-1_anon,blur,medium
0.18786656856536865,0.24929559230804443,0.06366871297359467,0.7372255325317383,3.3362276554107666,0.07607770711183548,1.9735560272238217e-05,0.07607770711183548,10.136359959022673,0.9988150432128824,0.485177013466468,0.6549063582396368,OAS1_0004_MR1_mpr-1_anon,blur,high
0.08660580217838287,0.13484123349189758,0.019044281914830208,0.62131667137146,2.9715871810913086,0.14557760953903198,0.010710718110203743,0.14557760953903198,131.3043519263174,0.93063518254796,0.38245307475169216,0.5185603703657309,OAS1_0004_MR1_mpr-1_anon,noise,low
0.0881982371211052,0.13397732377052307,0.018802551552653313,0.6414941549301147,3.306925058364868,0.14902988076210022,0.010863014496862888,0.14902988076210022,132.18507283528646,0.9290015038232866,0.20228471009750332,0.3996722714335541,OAS1_0004_MR1_mpr-1_anon,noise,medium
0.09137450158596039,0.13215553760528564,0.018303561955690384,0.682631254196167,3.608973741531372,0.15619052946567535,0.01148994266986847,0.15619052946567535,135.7471186619179,0.9242254002892919,0.1097683955921481,0.28575114825822956,OAS1_0004_MR1_mpr-1_anon,noise,high
0.08383284509181976,0.13394495844841003,0.018777385354042053,0.6015079021453857,2.6763131618499756,0.14068880677223206,0.010461052879691124,0.14068880677223206,127.6607204063266,0.9310744773740327,0.5657413145614585,0.6116127820623495,OAS1_0004_MR1_mpr-1_anon,bias,low
0.08191236853599548,0.13117653131484985,0.017983166500926018,0.6012791395187378,2.6674208641052246,0.13792116940021515,0.010075978934764862,0.13792116940021515,122.26163066789218,0.9309865064168064,0.5657429036978657,0.6123276799469534,OAS1_0004_MR1_mpr-1_anon,bias,medium
0.07890918850898743,0.12693525850772858,0.016797732561826706,0.6006069183349609,2.6532535552978516,0.1335034966468811,0.009477337822318077,0.1335034966468811,114.06301437078739,0.9308849561462246,0.565746855824593,0.6136322502438218,OAS1_0004_MR1_mpr-1_anon,bias,high
0.4147821366786957,0.08570918440818787,0.007396050728857517,4.879043102264404,3.143122911453247,0.10407848656177521,0.004189993254840374,0.10407848656177521,52.55827804266238,0.9452407166050567,0.4568349497691825,0.5607575055186242,OAS1_0004_MR1_mpr-1_anon,motion,low
0.45023444294929504,0.08091006428003311,0.00658812839537859,5.5950727462768555,3.071338176727295,0.10226689279079437,0.003669074736535549,0.10226689279079437,48.86617670994178,0.942787360530367,0.4669052797083786,0.5690252628285328,OAS1_0004_MR1_mpr-1_anon,motion,medium
0.4513474702835083,0.07867486774921417,0.006222421303391457,5.768335819244385,3.049851179122925,0.10946085304021835,0.003524316940456629,0.10946085304021835,52.06031135110294,0.9356271981319831,0.4676946074157011,0.5635525520190519,OAS1_0004_MR1_mpr-1_anon,motion,high
0.0859556496143341,0.13463279604911804,0.018777936697006226,0.619081974029541,2.7305643558502197,0.14277711510658264,0.010997938923537731,0.14277711510658264,129.7768004174326,0.9328888149392262,0.5548916733105809,0.6007477774784342,OAS1_0004_MR1_mpr-2_anon,original,none
0.11801805347204208,0.17251980304718018,0.030758649110794067,0.6685583591461182,2.906114101409912,0.11112898588180542,0.00048458113451488316,0.11112898588180542,32.1713716394761,0.9898058077559888,0.5315255005018809,0.6663477616500049,OAS1_0004_MR1_mpr-2_anon,blur,low
0.15053322911262512,0.20710378885269165,0.04406615346670151,0.7106751203536987,3.1212949752807617,0.0921715795993805,9.03344844118692e-05,0.0921715795993805,17.76093941482843,0.9967820520024002,0.5091922856506648,0.6663986161068484,OAS1_0004_MR1_mpr-2_anon,blur,medium
0.19174665212631226,0.2481573224067688,0.06306542456150055,0.755510151386261,3.3968262672424316,0.07680642604827881,1.9403485566726886e-05,0.07680642604827881,9.884785012637867,0.9988352898353462,0.4726852011806476,0.6481115610854538,OAS1_0004_MR1_mpr-2_anon,blur,high
0.08759383857250214,0.13369791209697723,0.018527556210756302,0.6389199495315552,3.0350475311279297,0.14615309238433838,0.01102758850902319,0.14615309238433838,130.03876103419884,0.9322914334744254,0.3638813407918895,0.5029852017974106,OAS1_0004_MR1_mpr-2_anon,noise,low
0.08923071622848511,0.13275450468063354,0.018273115158081055,0.6590811610221863,3.363823890686035,0.1496851146221161,0.011181455105543137,0.1496851146221161,130.89787825042126,0.9306733964789748,0.19333093202077886,0.3872813961717875,OAS1_0004_MR1_mpr-2_anon,noise,medium
0.09257926791906357,0.13103416562080383,0.017805075272917747,0.7003576159477234,3.662416458129883,0.15717612206935883,0.01187964715063572,0.15717612206935883,134.95274765912225,0.9257808275024675,0.10458121072304644,0.2758425078778406,OAS1_0004_MR1_mpr-2_anon,noise,high
0.08495701849460602,0.1331445425748825,0.018360156565904617,0.6191632747650146,2.726059913635254,0.14149057865142822,0.010823642835021019,0.14149057865142822,127.07390687231924,0.9327361595455655,0.5548919720500212,0.6010255204851542,OAS1_0004_MR1_mpr-2_anon,bias,low
0.08354927599430084,0.13114739954471588,0.01780322566628456,0.6190100312232971,2.7195043563842773,0.13954345881938934,0.010559792630374432,0.13954345881938934,123.3313866708793,0.9326048973098449,0.554893331100363,0.601502820990859,OAS1_0004_MR1_mpr-2_anon,bias,medium
0.08079344779253006,0.12733998894691467,0.016757283359766006,0.618423581123352,2.7063310146331787,0.13555365800857544,0.010019635781645775,0.13555365800857544,116.09754854090076,0.9324478617319634,0.5548971146625841,0.6026691462534715,OAS1_0004_MR1_mpr-2_anon,bias,high
0.4158432185649872,0.08739423006772995,0.0077115208841860294,4.792277812957764,3.2086329460144043,0.10647667944431305,0.004488184116780758,0.10647667944431305,54.267479511335786,0.9453023505379963,0.445012310184824,0.5481220529739956,OAS1_0004_MR1_mpr-2_anon,motion,low
0.44633111357688904,0.08187773823738098,0.006752019748091698,5.4739227294921875,3.1387734413146973,0.10393248498439789,0.0038658869452774525,0.10393248498439789,49.78523116766238,0.9428758547531174,0.4531843185185965,0.5564985946383919,OAS1_0004_MR1_mpr-2_anon,motion,medium
0.4565947353839874,0.07950793951749802,0.006357344798743725,5.767126083374023,3.108591079711914,0.11142535507678986,0.0036968982312828302,0.11142535507678986,52.776129030713854,0.9356706597198914,0.4556158108506343,0.5519175631743931,OAS1_0004_MR1_mpr-2_anon,motion,high
0.0851910188794136,0.133180171251297,0.018423883244395256,0.6200769543647766,2.7395105361938477,0.14131808280944824,0.010630590841174126,0.14131808280944824,126.0808548272825,0.933235432628809,0.551544028774526,0.5986094857852428,OAS1_0004_MR1_mpr-3_anon,original,none
0.11815302073955536,0.1725846230983734,0.03073061630129814,0.6695693731307983,2.916624069213867,0.11132694780826569,0.00048620058805681765,0.11132694780826569,32.31866383272059,0.9898029668922819,0.5285285860823696,0.6652363596957286,OAS1_0004_MR1_mpr-3_anon,blur,low
0.15068402886390686,0.20708823204040527,0.04402230679988861,0.7118809819221497,3.1309027671813965,0.092289999127388,9.057218267116696e-05,0.092289999127388,17.815991450291055,0.9967664804482037,0.5063751094271809,0.666026996678669,OAS1_0004_MR1_mpr-3_anon,blur,medium
0.19284625351428986,0.2490120679140091,0.06356801837682724,0.7568308115005493,3.409463405609131,0.07722657173871994,1.9685439838212915e-05,0.07722657173871994,10.007794309129903,0.9988336010184684,0.47012194033845905,0.6475255713176069,OAS1_0004_MR1_mpr-3_anon,blur,high
0.08676975965499878,0.13225772976875305,0.018178638070821762,0.6396903991699219,3.031132221221924,0.14457917213439941,0.01066091749817133,0.14457917213439941,126.34543385225184,0.9326511766725016,0.36754709806616476,0.5050932727432902,OAS1_0004_MR1_mpr-3_anon,noise,low
0.08836373686790466,0.1313677430152893,0.01793942227959633,0.6596449613571167,3.357631206512451,0.1480158269405365,0.010813677683472633,0.1480158269405365,127.2218033136106,0.9310293750852106,0.1949678882355079,0.3897134623940862,OAS1_0004_MR1_mpr-3_anon,noise,medium
0.09161373972892761,0.1296505182981491,0.01747971773147583,0.7004945278167725,3.6520557403564453,0.15528935194015503,0.01148924045264721,0.15528935194015503,131.21571619370405,0.9262370640986556,0.105616187644678,0.2784234875206426,OAS1_0004_MR1_mpr-3_anon,noise,high
0.08422856777906418,0.13172639906406403,0.018027478829026222,0.6201733946800232,2.7350118160247803,0.14007531106472015,0.010467016138136387,0.14007531106472015,123.50694580078127,0.9330700384507029,0.5515439537159903,0.5988443621756461,OAS1_0004_MR1_mpr-3_anon,bias,low
0.08288004994392395,0.12979421019554138,0.017502017319202423,0.6200326681137085,2.728559970855713,0.1382077932357788,0.010220663622021675,0.1382077932357788,119.97486931295956,0.9329305792376057,0.551545000089555,0.5993660435825146,OAS1_0004_MR1_mpr-3_anon,bias,medium
0.08042676746845245,0.1263873428106308,0.01658274605870247,0.6194612979888916,2.716686487197876,0.13469353318214417,0.009759069420397282,0.13469353318214417,113.67711109834562,0.9327573344652951,0.5515483332969957,0.6004036212777843,OAS1_0004_MR1_mpr-3_anon,bias,high
0.41118186712265015,0.08706024289131165,0.007639942690730095,4.755554676055908,3.205606698989868,0.10634709894657135,0.00443979213014245,0.10634709894657135,53.911804438572304,0.9453013571170015,0.4457984898599905,0.5481964396109167,OAS1_0004_MR1_mpr-3_anon,motion,low
0.4486948251724243,0.08145809173583984,0.006682953797280788,5.539525985717773,3.1371712684631348,0.10355976969003677,0.0038174744695425034,0.10355976969003677,49.344840973498776,0.9428754191733668,0.45323315927786834,0.5567625187314852,OAS1_0004_MR1_mpr-3_anon,motion,medium
0.45516547560691833,0.07905697077512741,0.006277954671531916,5.782341480255127,3.102914333343506,0.11099545657634735,0.003647659905254841,0.11099545657634735,52.26991421568627,0.9356276675973885,0.4566787914870734,0.5528017012073911,OAS1_0004_MR1_mpr-3_anon,motion,high
0.08515484631061554,0.13400787115097046,0.018654976040124893,0.6151584982872009,2.7084288597106934,0.1407487690448761,0.01064055785536766,0.1407487690448761,126.4144823261336,0.9326641645525976,0.5590628039387981,0.6050597997752041,OAS1_0004_MR1_mpr-4_anon,original,none
0.11743196099996567,0.17261075973510742,0.030841607600450516,0.6639719009399414,2.8841841220855713,0.11051009595394135,0.00048248397069983184,0.11051009595394135,32.07978228400735,0.989600261592479,0.5360052276748788,0.6690216905456423,OAS1_0004_MR1_mpr-4_anon,blur,low
0.15003140270709991,0.20753419399261475,0.04436222091317177,0.7058348655700684,3.098977565765381,0.0919569879770279,9.052098903339356e-05,0.0919569879770279,17.82093410117954,0.9967561067297777,0.513746091690855,0.668714614619257,OAS1_0004_MR1_mpr-4_anon,blur,medium
0.19136613607406616,0.24918942153453827,0.06367313861846924,0.7503445148468018,3.373340129852295,0.07680869847536087,1.954018989636097e-05,0.07680869847536087,9.97225341796875,0.9988356217336132,0.47745430371762193,0.6503194750557364,OAS1_0004_MR1_mpr-4_anon,blur,high
0.0867600291967392,0.13308218121528625,0.01840583235025406,0.6348299384117126,3.0037083625793457,0.14408902823925018,0.010672773234546185,0.14408902823925018,126.71697650984223,0.9321049782368395,0.3726415025862691,0.5104824718750769,OAS1_0004_MR1_mpr-4_anon,noise,low
0.08832789957523346,0.13214585185050964,0.018154438585042953,0.6548690795898438,3.3351669311523438,0.1474677324295044,0.010812556371092796,0.1474677324295044,127.44668950099569,0.930519750489457,0.19768584678765588,0.39339534276337385,OAS1_0004_MR1_mpr-4_anon,noise,medium
0.09170717000961304,0.1305597424507141,0.01772436685860157,0.695744514465332,3.6365466117858887,0.15504974126815796,0.011505313217639923,0.15504974126815796,131.6990394741881,0.9258308726852356,0.1069197021024354,0.2803573499547738,OAS1_0004_MR1_mpr-4_anon,noise,high
0.08416875451803207,0.13252295553684235,0.018245453014969826,0.6151996850967407,2.703857660293579,0.13947731256484985,0.01047084666788578,0.13947731256484985,123.76863415287991,0.9325251226933237,0.5590632643305924,0.605356834773626,OAS1_0004_MR1_mpr-4_anon,bias,low
0.08284835517406464,0.13063862919807434,0.01773054152727127,0.6150094866752625,2.6976373195648193,0.13766354322433472,0.010231774300336838,0.13766354322433472,120.32303897633273,0.9324086849453501,0.5590647774525305,0.6058378149639558,OAS1_0004_MR1_mpr-4_anon,bias,medium
0.08034661412239075,0.12715700268745422,0.01678409054875374,0.6143726706504822,2.685706853866577,0.134090393781662,0.009761434979736805,0.134090393781662,113.90841519224878,0.932270905257361,0.559068266772504,0.6068912552512646,OAS1_0004_MR1_mpr-4_anon,bias,high
0.41127777099609375,0.08706780523061752,0.007637396454811096,4.759931564331055,3.184373378753662,0.10558047890663147,0.004391414113342762,0.10558047890663147,53.4844815123315,0.9457976053723285,0.4508398400790175,0.5528233569528127,OAS1_0004_MR1_mpr-4_anon,motion,low
0.4470450282096863,0.08162298798561096,0.006705740932375193,5.505187034606934,3.1155457496643066,0.10297407954931259,0.003781178267672658,0.10297407954931259,49.0977996227788,0.9433992082363382,0.4586098671442297,0.5613945520060037,OAS1_0004_MR1_mpr-4_anon,motion,medium
0.4539158344268799,0.07921849191188812,0.006303108297288418,5.756746292114258,3.0881662368774414,0.1104794591665268,0.0036220550537109375,0.1104794591665268,52.13563064874388,0.9361123108687786,0.46015216122954017,0.5565335680119166,OAS1_0004_MR1_mpr-4_anon,motion,high
0.09688457101583481,0.14465618133544922,0.021749630570411682,0.6454174518585205,2.7303402423858643,0.15676084160804749,0.014077301137149334,0.15676084160804749,163.9687042834712,0.9272563990219377,0.5625315934358275,0.6015706043434843,OAS1_0005_MR1_mpr-1_anon,original,none
0.12879294157028198,0.1807686984539032,0.033679164946079254,0.6962265372276306,2.9047601222991943,0.11652950197458267,0.0005458088126033545,0.11652950197458267,34.92059062882966,0.9902797426841534,0.5371766638479221,0.658673816211768,OAS1_0005_MR1_mpr-1_anon,blur,low
0.16414520144462585,0.21754585206508636,0.048617884516716,0.7347190380096436,3.114902973175049,0.09409645944833755,9.16652352316305e-05,0.09409645944833755,17.844736136642158,0.997209281915002,0.5137598455543406,0.6589978576394527,OAS1_0005_MR1_mpr-1_anon,blur,medium
0.20729470252990723,0.2605685889720917,0.06979887932538986,0.7749537229537964,3.388242721557617,0.07712365686893463,1.79867165570613e-05,0.07712365686893463,10.015360035615808,0.9989405046645238,0.47553945540885023,0.6432643557339432,OAS1_0005_MR1_mpr-1_anon,blur,high
0.09886660426855087,0.1435348093509674,0.021427638828754425,0.6699097752571106,3.123053550720215,0.1608353555202484,0.014113899320363998,0.1608353555202484,164.23973388671874,0.9261739001457028,0.3186780644419555,0.4727635287389448,OAS1_0005_MR1_mpr-1_anon,noise,low
0.10079297423362732,0.14235492050647736,0.021083150058984756,0.6949528455734253,3.4587299823760986,0.1649870127439499,0.014318874105811119,0.1649870127439499,165.21719611672796,0.923662961207121,0.17331170984454047,0.35998959467715075,OAS1_0005_MR1_mpr-1_anon,noise,medium
0.10482241213321686,0.14028708636760712,0.020477481186389923,0.7450810670852661,3.774369478225708,0.17393609881401062,0.015294764190912247,0.17393609881401062,170.87550216375615,0.9161364433585192,0.09246460675507637,0.24981426933394763,OAS1_0005_MR1_mpr-1_anon,noise,high
0.09693107008934021,0.14453096687793732,0.02168995887041092,0.6461831331253052,2.730544328689575,0.15734168887138367,0.014174945652484894,0.15734168887138367,164.52690980200677,0.9268327751504696,0.5625302113744752,0.6013432236934003,OAS1_0005_MR1_mpr-1_anon,bias,low
0.096825510263443,0.14424937963485718,0.021584969013929367,0.6466863751411438,2.7300848960876465,0.15764698386192322,0.014232361689209938,0.15764698386192322,164.64209127987135,0.9264408922180074,0.5625293893369211,0.6011561952678584,OAS1_0005_MR1_mpr-1_anon,bias,medium
0.09629260003566742,0.14339064061641693,0.02130364254117012,0.6470286846160889,2.7282137870788574,0.15745997428894043,0.014216270297765732,0.15745997428894043,163.66330829695158,0.9259231442438376,0.5625283678101589,0.6010996919906564,OAS1_0005_MR1_mpr-1_anon,bias,high
0.4863068461418152,0.0931631326675415,0.008787807077169418,5.243534088134766,3.272965908050537,0.11476507782936096,0.005349650979042053,0.11476507782936096,64.31125823376226,0.9432914716233574,0.4408460070921318,0.536295115728421,OAS1_0005_MR1_mpr-1_anon,motion,low
0.4784206748008728,0.08830596506595612,0.007935144938528538,5.473211288452148,3.200866222381592,0.1135055273771286,0.004800621420145035,0.1135055273771286,61.07121294806985,0.9392031189090583,0.4487500639177162,0.5434547886253631,OAS1_0005_MR1_mpr-1_anon,motion,medium
0.47074782848358154,0.08782869577407837,0.007836738601326942,5.409476280212402,3.191736936569214,0.12430597841739655,0.004729407373815775,0.12430597841739655,66.9915256874234,0.93253057920364,0.4484421861950441,0.536437325168345,OAS1_0005_MR1_mpr-1_anon,motion,high
0.09717607498168945,0.14400723576545715,0.021535713225603104,0.6509220600128174,2.758531332015991,0.15759888291358948,0.01402552705258131,0.15759888291358948,161.7731529086244,0.9276092114194749,0.5568879204610995,0.5966325139851948,OAS1_0005_MR1_mpr-2_anon,original,none
0.12999886274337769,0.180742084980011,0.033668387681245804,0.7027742862701416,2.937500476837158,0.1177612692117691,0.0005587957566604018,0.1177612692117691,35.098451861213235,0.99015149674012,0.531337289522654,0.6546371089142675,OAS1_0005_MR1_mpr-2_anon,blur,low
0.16513344645500183,0.21706312894821167,0.04834546148777008,0.7421349287033081,3.1483371257781982,0.09464198350906372,9.260769002139568e-05,0.09464198350906372,17.769388116574756,0.9971958341715547,0.5077276959352535,0.6555976368826815,OAS1_0005_MR1_mpr-2_anon,blur,medium
0.20866134762763977,0.25991547107696533,0.06937514990568161,0.7829045057296753,3.4218738079071045,0.07746721804141998,1.806430191209074e-05,0.07746721804141998,9.943351715686275,0.9989431261819328,0.4693114222233883,0.640019778604022,OAS1_0005_MR1_mpr-2_anon,blur,high
0.0991697758436203,0.14290659129619598,0.021222740411758423,0.6754003167152405,3.148686408996582,0.1616789996623993,0.014065105468034744,0.1616789996623993,162.0989798751532,0.9265736737121917,0.31398201433023354,0.4683448143627781,OAS1_0005_MR1_mpr-2_anon,noise,low
0.10111621022224426,0.14179077744483948,0.020905157551169395,0.7004095315933228,3.4800631999969482,0.16580429673194885,0.014266366139054298,0.16580429673194885,163.03776520373773,0.9240414605239695,0.1711711930352196,0.35731767794821223,OAS1_0005_MR1_mpr-2_anon,noise,medium
0.10511428862810135,0.13967032730579376,0.020289365202188492,0.7506924271583557,3.7910776138305664,0.17476734519004822,0.01527138240635395,0.17476734519004822,168.986543303845,0.9164547071595351,0.09122869713737658,0.24795733728140912,OAS1_0005_MR1_mpr-2_anon,noise,high
0.09727448225021362,0.14395102858543396,0.021500416100025177,0.6516873240470886,2.758857250213623,0.15826661884784698,0.014141377061605453,0.15826661884784698,162.53044840494792,0.9271855639914328,0.556886450892603,0.5963592146306691,OAS1_0005_MR1_mpr-2_anon,bias,low
0.09724676609039307,0.1437717080116272,0.021433688700199127,0.6521868705749512,2.758695602416992,0.15869098901748657,0.014222185127437115,0.15869098901748657,162.92071940104168,0.9267992006034603,0.5568857068505498,0.5961530233203731,OAS1_0005_MR1_mpr-2_anon,bias,medium
0.0968654453754425,0.14313599467277527,0.02122746966779232,0.6525188684463501,2.7572011947631836,0.15875336527824402,0.014260655269026756,0.15875336527824402,162.55913636450674,0.9262757196662761,0.5568848811593432,0.5960565916228672,OAS1_0005_MR1_mpr-2_anon,bias,high
0.4849522113800049,0.09342285990715027,0.008841324597597122,5.209649562835693,3.2821364402770996,0.11561411619186401,0.005389786791056395,0.11561411619186401,64.34013241038602,0.9436239109093469,0.43944705998866024,0.5345946037550084,OAS1_0005_MR1_mpr-2_anon,motion,low
0.4798860549926758,0.08921059221029282,0.008110223338007927,5.423133850097656,3.2188496589660645,0.11519264429807663,0.004901270382106304,0.11519264429807663,61.859031048943024,0.9394178187180375,0.44628096780764426,0.5399853416388396,OAS1_0005_MR1_mpr-2_anon,motion,medium
0.46957141160964966,0.08799562603235245,0.007856389507651329,5.376070976257324,3.2058420181274414,0.12535110116004944,0.0047607216984033585,0.12535110116004944,66.98018822763481,0.932780277688764,0.4463705655523687,0.5337213166713068,OAS1_0005_MR1_mpr-2_anon,motion,high
0.0973084419965744,0.1445588916540146,0.02176067605614662,0.6473199129104614,2.7349486351013184,0.15801165997982025,0.014283761382102966,0.15801165997982025,163.49355444814648,0.9276401726067571,0.5621623344118015,0.6008033895089213,OAS1_0005_MR1_mpr-3_anon,original,none
0.12959370017051697,0.1807839572429657,0.03376535698771477,0.6992092132568359,2.912487506866455,0.11676318943500519,0.0005438202060759068,0.11676318943500519,34.177903597962626,0.9901868511985032,0.5368470265398663,0.6576874688009275,OAS1_0005_MR1_mpr-3_anon,blur,low
0.16521862149238586,0.21798764169216156,0.04886472225189209,0.7383154630661011,3.1236937046051025,0.09442251920700073,9.209020208800212e-05,0.09442251920700073,17.738979204963236,0.9971901756577403,0.5132318601409596,0.6581590827648922,OAS1_0005_MR1_mpr-3_anon,blur,medium
0.20848482847213745,0.2613751292228699,0.07006707787513733,0.7779994010925293,3.394710063934326,0.07720635831356049,1.7899586964631453e-05,0.07720635831356049,9.927572093290442,0.9989538174669809,0.4747905063142456,0.6424469930189654,OAS1_0005_MR1_mpr-3_anon,blur,high
0.09928463399410248,0.14341899752616882,0.02143501117825508,0.6720046997070312,3.127721071243286,0.16208860278129578,0.014318836852908134,0.16208860278129578,163.76764191272213,0.9266241037011582,0.31746427295476964,0.4716923420993887,OAS1_0005_MR1_mpr-3_anon,noise,low
0.10139581561088562,0.142531618475914,0.021175377070903778,0.6971554756164551,3.4646358489990234,0.16653168201446533,0.014573768712580204,0.16653168201446533,165.32962562710634,0.9241150573642268,0.1728158806762607,0.35917847468900244,OAS1_0005_MR1_mpr-3_anon,noise,medium
0.10513897240161896,0.14008355140686035,0.02046549692749977,0.7475300431251526,3.7781200408935547,0.17502421140670776,0.01547449454665184,0.17502421140670776,170.19813758999695,0.9165852532107348,0.09231855755829585,0.2494303589699805,OAS1_0005_MR1_mpr-3_anon,noise,high
0.09720201790332794,0.14421626925468445,0.021629856899380684,0.6480648517608643,2.7344963550567627,0.15835782885551453,0.014339758083224297,0.15835782885551453,163.5294117647059,0.9272692281237369,0.5621611687339458,0.6005778314655906,OAS1_0005_MR1_mpr-3_anon,bias,low
0.09694451838731766,0.1437290608882904,0.021459518000483513,0.64854496717453,2.7333998680114746,0.15842172503471375,0.0143517991527915,0.15842172503471375,163.07760081571695,0.9269282002997296,0.5621603408647451,0.6004770967515074,OAS1_0005_MR1_mpr-3_anon,bias,medium
0.09639772772789001,0.14287158846855164,0.021178411319851875,0.6488491892814636,2.7313287258148193,0.1582166850566864,0.014334754087030888,0.1582166850566864,162.05484834558825,0.9264730458637869,0.5621594166496853,0.600444728344937,OAS1_0005_MR1_mpr-3_anon,bias,high
0.4888593852519989,0.0924435555934906,0.008648372255265713,5.309945583343506,3.2726073265075684,0.11454474925994873,0.005330913234502077,0.11454474925994873,63.034695255055155,0.9435532705739655,0.43986322503604297,0.5357747788313406,OAS1_0005_MR1_mpr-3_anon,motion,low
0.48481428623199463,0.08938944339752197,0.008130121976137161,5.470938205718994,3.2158002853393555,0.11557865142822266,0.004976598545908928,0.11557865142822266,62.30632874731924,0.9393926812541826,0.4468664676951307,0.5408474459404087,OAS1_0005_MR1_mpr-3_anon,motion,medium
0.46778494119644165,0.08826475590467453,0.007905097678303719,5.341914176940918,3.204537868499756,0.12575268745422363,0.004838302731513977,0.12575268745422363,67.47220411113665,0.9327191135668239,0.4463293436939348,0.5338925664565036,OAS1_0005_MR1_mpr-3_anon,motion,high
0.09729547798633575,0.1425844430923462,0.021120872348546982,0.6574441194534302,2.777191638946533,0.15684780478477478,0.013718299567699432,0.15684780478477478,157.37001043581498,0.9298307032712338,0.5530832159223777,0.5926308978705837,OAS1_0005_MR1_mpr-4_anon,original,none
0.13016851246356964,0.17927271127700806,0.03320123255252838,0.7082688808441162,2.9584381580352783,0.11602112650871277,0.0005193807301111519,0.11602112650871277,33.05548741957721,0.9906898658822535,0.5278294396200308,0.6515006417782762,OAS1_0005_MR1_mpr-4_anon,blur,low
0.16699594259262085,0.21787700057029724,0.048773132264614105,0.7472062110900879,3.1725778579711914,0.09466647356748581,9.036053961608559e-05,0.09466647356748581,17.523886766620713,0.9972557432304312,0.504092392957558,0.6530156589671869,OAS1_0005_MR1_mpr-4_anon,blur,medium
0.2094677984714508,0.2595438063144684,0.06904108822345734,0.7878627777099609,3.4415323734283447,0.07720329612493515,1.7487865989096463e-05,0.07720329612493515,9.736524155560662,0.99895564321282,0.4656973513881979,0.6377948058430764,OAS1_0005_MR1_mpr-4_anon,blur,high
0.09921570122241974,0.1414419263601303,0.020798252895474434,0.6814831495285034,3.161618709564209,0.16078788042068481,0.01374739594757557,0.16078788042068481,157.58961217543657,0.9288799957919025,0.31369757900154827,0.4666126175115628,OAS1_0005_MR1_mpr-4_anon,noise,low
0.10117267072200775,0.1403515487909317,0.020490631461143494,0.7060522437095642,3.491178512573242,0.1649557650089264,0.01396703440696001,0.1649557650089264,158.81740076401655,0.9265362232188639,0.17072142503106907,0.3558228086391839,OAS1_0005_MR1_mpr-4_anon,noise,medium
0.10512205958366394,0.13830670714378357,0.019898805767297745,0.7553960680961609,3.8007216453552246,0.17371797561645508,0.014943581074476242,0.17371797561645508,164.54894433115044,0.9192983580260072,0.09103399791765723,0.2471233195594203,OAS1_0005_MR1_mpr-4_anon,noise,high
0.09744048118591309,0.14258575439453125,0.021100258454680443,0.6583408713340759,2.7776615619659424,0.15758255124092102,0.013836780562996864,0.15758255124092102,158.1538081150429,0.9294047029459647,0.5530818271615823,0.5923051738751014,OAS1_0005_MR1_mpr-4_anon,bias,low
0.09742725640535355,0.14244027435779572,0.02104051038622856,0.6589598655700684,2.7774171829223633,0.15802618861198425,0.013911396265029907,0.15802618861198425,158.43670750038297,0.9290165473059188,0.5530808141442565,0.5921444832487639,OAS1_0005_MR1_mpr-4_anon,bias,medium
0.09722961485385895,0.1420605629682541,0.02091296762228012,0.6594506502151489,2.7765347957611084,0.15837416052818298,0.013989428989589214,0.15837416052818298,158.51914517271751,0.9284872122285327,0.5530799021061517,0.591935089393574,OAS1_0005_MR1_mpr-4_anon,bias,high
0.4889358580112457,0.09354455769062042,0.008867602795362473,5.254538059234619,3.3007400035858154,0.11545756459236145,0.0053542302921414375,0.11545756459236145,63.6007599475337,0.9444614354309969,0.43514089114742605,0.5302662604664395,OAS1_0005_MR1_mpr-4_anon,motion,low
0.47590407729148865,0.0888647735118866,0.008028928190469742,5.385973930358887,3.2390503883361816,0.11463413387537003,0.004806600511074066,0.11463413387537003,60.497119858685664,0.9402100873254386,0.44138977199888085,0.5356151350485134,OAS1_0005_MR1_mpr-4_anon,motion,medium
0.46607616543769836,0.08819079399108887,0.007887971587479115,5.315509796142578,3.227757692337036,0.12564723193645477,0.00472720293328166,0.12564723193645477,66.50149835324756,0.9335562744937346,0.44190793135984807,0.5291643983408546,OAS1_0005_MR1_mpr-4_anon,motion,high
0.06785054504871368,0.13251012563705444,0.01843007281422615,0.4874003529548645,2.2152931690216064,0.12097354233264923,0.008710527792572975,0.12097354233264923,117.4719633214614,0.9342686880910175,0.6566939886220149,0.695985049831789,OAS1_0006_MR1_mpr-1_anon,original,none
0.08710747957229614,0.15834596753120422,0.026175107806921005,0.5292119979858398,2.3519906997680664,0.09464733302593231,0.0005068747559562325,0.09464733302593231,33.17689376531863,0.9870234470629394,0.6378077156265867,0.7470109770720972,OAS1_0006_MR1_mpr-1_anon,blur,low
0.11260084807872772,0.18999263644218445,0.03745151683688164,0.5706530809402466,2.541522264480591,0.08009076118469238,0.0001066502372850664,0.08009076118469238,18.010311111749388,0.996069346538192,0.6181863483106307,0.7412904258396962,OAS1_0006_MR1_mpr-1_anon,blur,medium
0.1493484079837799,0.23515623807907104,0.05738094076514244,0.6119151711463928,2.78804874420166,0.06794901192188263,2.312486685696058e-05,0.06794901192188263,10.106113807827821,0.9987129348760725,0.5858651789730587,0.7197363850763989,OAS1_0006_MR1_mpr-1_anon,blur,high
0.06926916539669037,0.13182151317596436,0.018242085352540016,0.5040584206581116,2.3916139602661133,0.12401553243398666,0.008723586797714233,0.12401553243398666,117.56324821920957,0.9340430880773847,0.5616620056972482,0.6482941773579147,OAS1_0006_MR1_mpr-1_anon,noise,low
0.07073795050382614,0.13122272491455078,0.018079092726111412,0.5209435224533081,2.808462142944336,0.12720127403736115,0.0088152214884758,0.12720127403736115,118.20063715916054,0.9329992531011041,0.2840487372656061,0.49375391379283085,OAS1_0006_MR1_mpr-1_anon,noise,medium
0.07359018921852112,0.12983551621437073,0.017702316865324974,0.5551717281341553,3.171766757965088,0.1336098313331604,0.009176274761557579,0.1336098313331604,120.24242182712928,0.9300350544599719,0.15895325980067906,0.36476179436377765,OAS1_0006_MR1_mpr-1_anon,noise,high
0.06688837707042694,0.13089308142662048,0.017972007393836975,0.4869382977485657,2.2109298706054688,0.11960244178771973,0.008517619222402573,0.11960244178771973,114.3224168964461,0.9342865180923401,0.6566944162026633,0.6962993284424999,OAS1_0006_MR1_mpr-1_anon,bias,low
0.06550644338130951,0.12861162424087524,0.01732691191136837,0.4863848090171814,2.2044858932495117,0.11748209595680237,0.00822303257882595,0.11748209595680237,109.84828814338238,0.9343052929513125,0.6566960116864418,0.6968682017813786,OAS1_0006_MR1_mpr-1_anon,bias,medium
0.06361459940671921,0.1255294680595398,0.016479646787047386,0.4854167699813843,2.1954545974731445,0.11456438899040222,0.007831319235265255,0.11456438899040222,103.91420994178922,0.934350423219908,0.6566984599625065,0.6977090806062174,OAS1_0006_MR1_mpr-1_anon,bias,high
0.4157150089740753,0.07957890629768372,0.00636804336681962,5.264435768127441,2.698117733001709,0.08817519247531891,0.0032018814235925674,0.08817519247531891,43.95640366498162,0.946547463274978,0.5470976783350333,0.6448558025565705,OAS1_0006_MR1_mpr-1_anon,motion,low
0.44396620988845825,0.07362338900566101,0.005442672409117222,6.067121982574463,2.6176013946533203,0.08586674183607101,0.0027484348975121975,0.08586674183607101,39.80284064797794,0.9432600258267506,0.5571977465906954,0.6533692106723068,OAS1_0006_MR1_mpr-1_anon,motion,medium
0.4562148451805115,0.07184802740812302,0.005182305350899696,6.391628742218018,2.612882614135742,0.09051426500082016,0.002649578033015132,0.09051426500082016,42.38376010071998,0.9368056416947637,0.552767326464364,0.6455466483501797,OAS1_0006_MR1_mpr-1_anon,motion,high
0.06786385923624039,0.1328817903995514,0.018598968163132668,0.4846257269382477,2.181225061416626,0.11921040713787079,0.008523387834429741,0.11921040713787079,114.97851514629292,0.9344717262989573,0.664339532068275,0.7024975969755148,OAS1_0006_MR1_mpr-2_anon,original,none
0.0865420401096344,0.1580829918384552,0.026126617565751076,0.5250676274299622,2.313204050064087,0.09319319576025009,0.0004907406400889158,0.09319319576025009,31.923294127221205,0.987164723947695,0.6457319464053762,0.7508794098414426,OAS1_0006_MR1_mpr-2_anon,blur,low
0.11230289936065674,0.1910390555858612,0.03785531967878342,0.5652635097503662,2.5047073364257812,0.07957739382982254,0.00010426066000945866,0.07957739382982254,17.572097359451593,0.9962318904713174,0.6257900866792946,0.743787413795505,OAS1_0006_MR1_mpr-2_anon,blur,medium
0.14863348007202148,0.2364947497844696,0.058019980788230896,0.6051392555236816,2.751774311065674,0.06751489639282227,2.239689820271451e-05,0.06751489639282227,9.867957979090075,0.9987547341495036,0.5933347824761025,0.7222583366807063,OAS1_0006_MR1_mpr-2_anon,blur,high
0.06929397583007812,0.1321854144334793,0.018407609313726425,0.5018609762191772,2.358847141265869,0.12229111790657043,0.008538331836462021,0.12229111790657043,115.07185980104934,0.9342210853296686,0.5687076098131769,0.6545123455054352,OAS1_0006_MR1_mpr-2_anon,noise,low
0.07073237001895905,0.13149049878120422,0.018218278884887695,0.5193103551864624,2.780606746673584,0.1254449486732483,0.00861862301826477,0.1254449486732483,115.58526048847273,0.9331221292230113,0.28767708308542894,0.49801831719335965,OAS1_0006_MR1_mpr-2_anon,noise,medium
0.07366245985031128,0.13021855056285858,0.017866207286715508,0.5546875,3.150686264038086,0.1320209801197052,0.008995933458209038,0.1320209801197052,117.7913438983992,0.9299646611236383,0.16093500814320594,0.3675470833224345,OAS1_0006_MR1_mpr-2_anon,noise,high
0.06652676314115524,0.1306809037923813,0.017967848107218742,0.4840310215950012,2.175224542617798,0.11720795184373856,0.00824238546192646,0.11720795184373856,110.64705499387256,0.934521202324427,0.6643407617212935,0.7030075719581883,OAS1_0006_MR1_mpr-2_anon,bias,low
0.06499766558408737,0.12817184627056122,0.01725934073328972,0.48333701491355896,2.1682333946228027,0.11485431343317032,0.007919395342469215,0.11485431343317032,105.79994877833948,0.9345764571804979,0.6643423976953373,0.7036614167070747,OAS1_0006_MR1_mpr-2_anon,bias,medium
0.06295537948608398,0.12485775351524353,0.016350634396076202,0.4821486473083496,2.158710479736328,0.11171000450849533,0.007503993809223175,0.11171000450849533,99.57582457299328,0.9346686950308235,0.6643447825696879,0.7045979209298018,OAS1_0006_MR1_mpr-2_anon,bias,high
0.40561890602111816,0.08026234060525894,0.0064824908040463924,5.098935127258301,2.6767423152923584,0.08773181587457657,0.003186645917594433,0.08773181587457657,43.88733819699755,0.947569379831638,0.552953246164694,0.6485832908397896,OAS1_0006_MR1_mpr-2_anon,motion,low
0.44400113821029663,0.07358444482088089,0.005435837432742119,6.064912796020508,2.5898351669311523,0.08447632193565369,0.002682893071323633,0.08447632193565369,38.925695082720594,0.9444609406538813,0.5633211149105639,0.6582037392950835,OAS1_0006_MR1_mpr-2_anon,motion,medium
0.45484909415245056,0.07212221622467041,0.005230662412941456,6.358819484710693,2.585512161254883,0.0897267535328865,0.0026131332851946354,0.0897267535328865,41.94993896484375,0.9379113051335224,0.559440776310203,0.6501824075579103,OAS1_0006_MR1_mpr-2_anon,motion,high
0.06890326738357544,0.13421592116355896,0.018923718482255936,0.4890514612197876,2.216465473175049,0.1211026981472969,0.008581974543631077,0.1211026981472969,116.38236083984376,0.9359003289805591,0.6574321643903307,0.696764352438145,OAS1_0006_MR1_mpr-3_anon,original,none
0.08783614635467529,0.15936394035816193,0.026538603007793427,0.5298970937728882,2.347921848297119,0.09457200765609741,0.0004971420858055353,0.09457200765609741,32.363416245404416,0.987225331193914,0.6387176440597018,0.7472201161153076,OAS1_0006_MR1_mpr-3_anon,blur,low
0.11324100196361542,0.19119393825531006,0.03788143768906593,0.570796012878418,2.5377159118652344,0.08021192252635956,0.00010542228119447827,0.08021192252635956,17.68125119676777,0.9961845276025343,0.6189941781321018,0.7413244445396107,OAS1_0006_MR1_mpr-3_anon,blur,medium
0.1486726701259613,0.2346101999282837,0.05703480541706085,0.6114832758903503,2.782626152038574,0.0675097405910492,2.2524725864059292e-05,0.0675097405910492,9.79741809321385,0.9987430097231831,0.5868297747458948,0.7206029272343702,OAS1_0006_MR1_mpr-3_anon,blur,high
0.07035471498966217,0.13353338837623596,0.018734782934188843,0.5058218240737915,2.40138578414917,0.12420988082885742,0.008600172586739063,0.12420988082885742,116.53315704944089,0.9356580708724083,0.5565964416302467,0.6462166082153116,OAS1_0006_MR1_mpr-3_anon,noise,low
0.07184378057718277,0.1329040676355362,0.018562156707048416,0.5227940082550049,2.8167872428894043,0.12744802236557007,0.008695146068930626,0.12744802236557007,117.19805728687959,0.9346384604757842,0.2815140878750808,0.49218307404100076,OAS1_0006_MR1_mpr-3_anon,noise,medium
0.07467089593410492,0.1313914805650711,0.018143538385629654,0.5573258996009827,3.179309606552124,0.13383013010025024,0.00905175507068634,0.13383013010025024,119.06389076382507,0.931703503649879,0.1573486533370812,0.3625644834892274,OAS1_0006_MR1_mpr-3_anon,noise,high
0.06787995994091034,0.13252544403076172,0.018444117158651352,0.4884546101093292,2.212015390396118,0.11963888257741928,0.008380789309740067,0.11963888257741928,113.12179768880209,0.9359352521400677,0.6574326393588126,0.6971230751706873,OAS1_0006_MR1_mpr-3_anon,bias,low
0.06644235551357269,0.130173921585083,0.017774548381567,0.4877580404281616,2.2054996490478516,0.11745253205299377,0.008082251995801926,0.11745253205299377,108.5867900773591,0.9359771864555602,0.6574344525996532,0.6977176137914112,OAS1_0006_MR1_mpr-3_anon,bias,medium
0.0643644630908966,0.1268141120672226,0.016841445118188858,0.4865654706954956,2.195887565612793,0.11425827443599701,0.0076598599553108215,0.11425827443599701,102.24266453163298,0.9360463293611514,0.6574368102045012,0.6986785220217342,OAS1_0006_MR1_mpr-3_anon,bias,high
0.4139842092990875,0.08023148030042648,0.006475355476140976,5.202549934387207,2.6945436000823975,0.08812057971954346,0.0031492009293287992,0.08812057971954346,43.532021436504294,0.9479916998501228,0.5499037705937007,0.6463661902142253,OAS1_0006_MR1_mpr-3_anon,motion,low
0.4455019235610962,0.07458367943763733,0.005583264399319887,6.005563259124756,2.6126911640167236,0.08608874678611755,0.002730896230787039,0.08608874678611755,39.80658150467218,0.9448212852292591,0.5604154134443626,0.6550425222892801,OAS1_0006_MR1_mpr-3_anon,motion,medium
0.45625394582748413,0.07297367602586746,0.00535590248182416,6.3046064376831055,2.613656520843506,0.09121532738208771,0.0026435209438204765,0.09121532738208771,42.70171807981005,0.9383603602157894,0.5549112527701218,0.6466150294235208,OAS1_0006_MR1_mpr-3_anon,motion,high
0.06841254979372025,0.1339488923549652,0.018897851929068565,0.4843335747718811,2.1800265312194824,0.11972200870513916,0.008569810539484024,0.11972200870513916,116.29662559359683,0.934911810001096,0.6649783641856528,0.7031744646879483,OAS1_0006_MR1_mpr-4_anon,original,none
0.08704598993062973,0.1591021567583084,0.026479123160243034,0.5242159962654114,2.3116116523742676,0.09354716539382935,0.0004928787238895893,0.09354716539382935,32.25466380399816,0.9872126379126477,0.6465131907360465,0.7512633175838708,OAS1_0006_MR1_mpr-4_anon,blur,low
0.11242518573999405,0.19144338369369507,0.0380718931555748,0.5640321969985962,2.5006206035614014,0.07960064709186554,0.00010397173173259944,0.07960064709186554,17.636166082643996,0.996235527384395,0.6267317289465011,0.7444165217975072,OAS1_0006_MR1_mpr-4_anon,blur,medium
0.14799995720386505,0.23596815764904022,0.05780002102255821,0.6036993265151978,2.743966579437256,0.06726787984371185,2.227956247224938e-05,0.06726787984371185,9.85102347579657,0.9987522551935402,0.5944812555131247,0.7234553234364867,OAS1_0006_MR1_mpr-4_anon,blur,high
0.0698729008436203,0.13327953219413757,0.01871320605278015,0.5015285015106201,2.3618674278259277,0.12286026775836945,0.008589617908000946,0.12286026775836945,116.455615234375,0.9346649056759931,0.5665129733168286,0.653780462917666,OAS1_0006_MR1_mpr-4_anon,noise,low
0.07128272950649261,0.132513627409935,0.018501829355955124,0.518971860408783,2.7823972702026367,0.1259671300649643,0.00866147130727768,0.1259671300649643,116.83476000019147,0.9335508269712065,0.2866984773864103,0.497779885816901,OAS1_0006_MR1_mpr-4_anon,noise,medium
0.07424694299697876,0.13125592470169067,0.01815110631287098,0.5543081760406494,3.152700901031494,0.1326296031475067,0.009043511003255844,0.1326296031475067,119.08699197208182,0.9304960216615595,0.16008784270092719,0.36667261485215163,OAS1_0006_MR1_mpr-4_anon,noise,high
0.06724013388156891,0.13198909163475037,0.018336504697799683,0.4837391972541809,2.174988269805908,0.118008553981781,0.00833183154463768,0.118008553981781,112.51997931985295,0.9349543446260535,0.6649792484833239,0.7036095688663391,OAS1_0006_MR1_mpr-4_anon,bias,low
0.06575670093297958,0.12955684959888458,0.017641566693782806,0.4830451011657715,2.168379306793213,0.11575070023536682,0.008021862246096134,0.11575070023536682,107.83740617340688,0.9349949017526966,0.6649809954492445,0.7042435470113757,OAS1_0006_MR1_mpr-4_anon,bias,medium
0.06367217004299164,0.12616318464279175,0.016697894781827927,0.48185640573501587,2.158921718597412,0.11255622655153275,0.007597927935421467,0.11255622655153275,101.46824927236523,0.9350710201465535,0.6649836814795871,0.705191175404801,OAS1_0006_MR1_mpr-4_anon,bias,high
0.408932626247406,0.08039508014917374,0.006501992233097553,5.134237289428711,2.6741249561309814,0.08766830712556839,0.003170606680214405,0.08766830712556839,43.902946442248776,0.9478277091744912,0.5533957141503657,0.649687229306978,OAS1_0006_MR1_mpr-4_anon,motion,low
0.44579020142555237,0.07379728555679321,0.005466260015964508,6.07172966003418,2.5884146690368652,0.08454886823892593,0.0026809992268681526,0.08454886823892593,39.13799378638174,0.9446326708657871,0.5636485610833459,0.6590218161580848,OAS1_0006_MR1_mpr-4_anon,motion,medium
0.4570677876472473,0.07242240011692047,0.00527567695826292,6.363280296325684,2.5886270999908447,0.08991299569606781,0.002615025732666254,0.08991299569606781,42.277321729473044,0.9381457308640313,0.5588114308236927,0.6506192089470066,OAS1_0006_MR1_mpr-4_anon,motion,high
0.08131938427686691,0.13726817071437836,0.019468359649181366,0.5692547559738159,2.43601393699646,0.13521385192871094,0.010585851036012173,0.13521385192871094,135.6698845358456,0.9363436134286277,0.6207318376000281,0.6590222562407222,OAS1_0007_MR1_mpr-1_anon,original,none
0.10989047586917877,0.17402410507202148,0.03129222244024277,0.6105998754501343,2.60849666595459,0.10698794573545456,0.0005472564371302724,0.10698794573545456,37.65038392310049,0.9895399698759604,0.5992293430165758,0.7042338135831642,OAS1_0007_MR1_mpr-1_anon,blur,low
0.13998612761497498,0.21030643582344055,0.045775990933179855,0.645139217376709,2.8004612922668457,0.08710704743862152,9.589655383024365e-05,0.08710704743862152,19.548224954044116,0.9967283180081616,0.5780627223318525,0.6985022907975338,OAS1_0007_MR1_mpr-1_anon,blur,medium
0.17162498831748962,0.245459645986557,0.061754051595926285,0.6810781955718994,3.032303810119629,0.07013846933841705,1.685092502157204e-05,0.07013846933841705,10.174997127757354,0.9987691924601785,0.5441430522151625,0.6836919620248842,OAS1_0007_MR1_mpr-1_anon,blur,high
0.08294381201267242,0.13635149598121643,0.01921224407851696,0.5872743129730225,2.7227706909179688,0.13867902755737305,0.010607237927615643,0.13867902755737305,135.84695877374386,0.9359940260971172,0.44363576439420593,0.5698292139873185,OAS1_0007_MR1_mpr-1_anon,noise,low
0.08451423048973083,0.13537360727787018,0.01893625035881996,0.6055359244346619,3.0982112884521484,0.14215055108070374,0.010717901401221752,0.14215055108070374,136.35303296855852,0.9348173253780476,0.23163656373551378,0.43633686488739837,OAS1_0007_MR1_mpr-1_anon,noise,medium
0.08785185217857361,0.13369633257389069,0.018466735258698463,0.6427639722824097,3.4467315673828125,0.14967092871665955,0.011294199153780937,0.14967092871665955,139.73811872893688,0.9314260112897415,0.12608778902619108,0.311442064209501,OAS1_0007_MR1_mpr-1_anon,noise,high
0.0816352516412735,0.13762693107128143,0.019579589366912842,0.5696357488632202,2.43759822845459,0.1361093372106552,0.010731566697359085,0.1361093372106552,137.07468955844058,0.9361000269991753,0.6207300702875572,0.6587251975266284,OAS1_0007_MR1_mpr-1_anon,bias,low
0.08176057040691376,0.1377345323562622,0.019618162885308266,0.569828450679779,2.4383764266967773,0.13667985796928406,0.01083393581211567,0.13667985796928406,137.93011594286153,0.9358723323461041,0.6207290560942785,0.658500336079583,OAS1_0007_MR1_mpr-1_anon,bias,medium
0.08153216540813446,0.1373225748538971,0.019507642835378647,0.5698215961456299,2.4379141330718994,0.13682226836681366,0.010886333882808685,0.13682226836681366,137.9227778416054,0.9355763198384857,0.6207281011370503,0.6584553325177696,OAS1_0007_MR1_mpr-1_anon,bias,high
0.41050514578819275,0.08340562134981155,0.006997062359005213,4.963582992553711,2.9011220932006836,0.09700468182563782,0.0040193540044128895,0.09700468182563782,52.69274088541667,0.9421193842938027,0.5149253779742484,0.6060400831138908,OAS1_0007_MR1_mpr-1_anon,motion,low
0.4629478454589844,0.08058770000934601,0.006537080742418766,5.812100410461426,2.8405325412750244,0.09782342612743378,0.0037308810278773308,0.09782342612743378,51.61635670381434,0.9397135262265424,0.5238028606599172,0.613884211075518,OAS1_0007_MR1_mpr-1_anon,motion,medium
0.4647192358970642,0.07736876606941223,0.006021106615662575,6.051272392272949,2.821746349334717,0.1037750244140625,0.003452620003372431,0.1037750244140625,52.97038693895527,0.9325486667988406,0.523780598935129,0.6066010709239626,OAS1_0007_MR1_mpr-1_anon,motion,high
0.08005335927009583,0.13564488291740417,0.019046030938625336,0.5657675862312317,2.3881850242614746,0.13253554701805115,0.010761422105133533,0.13253554701805115,134.10128437117038,0.9358694379749513,0.6297536453930438,0.6663650507101836,OAS1_0007_MR1_mpr-2_anon,original,none
0.11003898829221725,0.1747577041387558,0.03167927265167236,0.6066347360610962,2.567894458770752,0.1068306714296341,0.0005538020050153136,0.1068306714296341,37.66951784620099,0.9896896953718868,0.6080705928863577,0.7077858977031957,OAS1_0007_MR1_mpr-2_anon,blur,low
0.13950921595096588,0.2106422632932663,0.046064592897892,0.6403051614761353,2.7569379806518555,0.08666029572486877,9.551565744914114e-05,0.08666029572486877,19.240842093673407,0.9968279738721519,0.5867864206711209,0.7018256414344091,OAS1_0007_MR1_mpr-2_anon,blur,medium
0.1704072505235672,0.24543967843055725,0.06183484569191933,0.6751633286476135,2.987226963043213,0.06972169131040573,1.6611602404736914e-05,0.06972169131040573,9.981497252221203,0.9987943594383936,0.5526558672125954,0.6870352149023198,OAS1_0007_MR1_mpr-2_anon,blur,high
0.08167620748281479,0.1347390115261078,0.018795441836118698,0.5840962529182434,2.669771909713745,0.13600915670394897,0.010778317227959633,0.13600915670394897,134.249576104856,0.9355221051561287,0.4576578096762941,0.5797030159080961,OAS1_0007_MR1_mpr-2_anon,noise,low
0.08334356546401978,0.1339055299758911,0.01856464333832264,0.6027072668075562,3.0554628372192383,0.13963915407657623,0.010907642543315887,0.13963915407657623,135.05153341854322,0.934327198955746,0.23750735209498455,0.4426992076393591,OAS1_0007_MR1_mpr-2_anon,noise,medium
0.08659274876117706,0.1320989578962326,0.018067119643092155,0.6405166387557983,3.4121923446655273,0.14697808027267456,0.011431610211730003,0.14697808027267456,137.989291082644,0.930846669181643,0.129663313023222,0.3165406667884915,OAS1_0007_MR1_mpr-2_anon,noise,high
0.0804722011089325,0.13621985912322998,0.019211556762456894,0.566069483757019,2.3903822898864746,0.13360366225242615,0.010939456522464752,0.13360366225242615,135.87958290249696,0.9356270390427945,0.6297519207138678,0.6660190838274372,OAS1_0007_MR1_mpr-2_anon,bias,low
0.08057724684476852,0.13634192943572998,0.01924467273056507,0.5661762952804565,2.391309976577759,0.13414281606674194,0.011040778830647469,0.13414281606674194,136.70085497089462,0.9354077875442015,0.6297511134342861,0.6658397559777514,OAS1_0007_MR1_mpr-2_anon,bias,medium
0.08027223497629166,0.13587316870689392,0.019109826534986496,0.5660321116447449,2.3908543586730957,0.13414619863033295,0.011074581183493137,0.13414619863033295,136.4570350796569,0.9351191218314401,0.6297507603325645,0.6658121476861903,OAS1_0007_MR1_mpr-2_anon,bias,high
0.411213219165802,0.08224768936634064,0.006810401566326618,5.031267166137695,2.85603928565979,0.09493725001811981,0.004073468968272209,0.09493725001811981,51.89258626302083,0.941041229980517,0.5238227529600503,0.6123204008831625,OAS1_0007_MR1_mpr-2_anon,motion,low
0.46812212467193604,0.08046641945838928,0.006525905802845955,5.885236740112305,2.8063788414001465,0.09703746438026428,0.003870323533192277,0.09703746438026428,52.13648466222427,0.939199694781376,0.5318923544779399,0.6182612593177601,OAS1_0007_MR1_mpr-2_anon,motion,medium
0.4536703824996948,0.076383575797081,0.005863155238330364,5.96788215637207,2.7791905403137207,0.10157518088817596,0.003473839722573757,0.10157518088817596,51.988779344745716,0.9317090339265527,0.5322113506641193,0.6130862948580349,OAS1_0007_MR1_mpr-2_anon,motion,high
0.07986927777528763,0.13548238575458527,0.018990758806467056,0.5654360055923462,2.3852877616882324,0.13232919573783875,0.010829704813659191,0.13232919573783875,134.44307191138176,0.9366861056101505,0.6300999041529523,0.6667014288769902,OAS1_0007_MR1_mpr-3_anon,original,none
0.10964905470609665,0.1743914633989334,0.03150418400764465,0.6061030626296997,2.5634098052978516,0.10632763057947159,0.0005506299203261733,0.10632763057947159,37.362516994102336,0.9899574395385586,0.6085202731910275,0.7083188391321334,OAS1_0007_MR1_mpr-3_anon,blur,low
0.13893917202949524,0.20996996760368347,0.04579286277294159,0.6395471096038818,2.751646041870117,0.08614443242549896,9.364837023895234e-05,0.08614443242549896,18.998672066482843,0.9968609690156449,0.5872927951847857,0.7025805216018097,OAS1_0007_MR1_mpr-3_anon,blur,medium
0.16958105564117432,0.24423101544380188,0.06132495403289795,0.6744210124015808,2.982144355773926,0.06929034739732742,1.6406303984695114e-05,0.06929034739732742,9.883464738434437,0.998796945342544,0.5531881326545862,0.6879430285877735,OAS1_0007_MR1_mpr-3_anon,blur,high
0.08148682117462158,0.13456937670707703,0.018738064914941788,0.5835527181625366,2.666128158569336,0.13579778373241425,0.01084890030324459,0.13579778373241425,134.62635569852944,0.9363377247998736,0.4583884640144279,0.5802101747937297,OAS1_0007_MR1_mpr-3_anon,noise,low
0.08310350775718689,0.13367635011672974,0.018489036709070206,0.6019569635391235,3.0511832237243652,0.13932770490646362,0.010958610102534294,0.13932770490646362,135.1756887398514,0.9351916706066965,0.23825018129377673,0.4434069770548743,OAS1_0007_MR1_mpr-3_anon,noise,medium
0.08639642596244812,0.13194310665130615,0.018015947192907333,0.6393288373947144,3.408914804458618,0.14677287638187408,0.011503839865326881,0.14677287638187408,138.38286096909468,0.9317958912945958,0.13005447668300724,0.3172440078543717,OAS1_0007_MR1_mpr-3_anon,noise,high
0.08029580116271973,0.1360485851764679,0.01915208250284195,0.565775454044342,2.3875486850738525,0.1334066390991211,0.011009922251105309,0.1334066390991211,136.23601481119795,0.9364257946774561,0.63009870954474,0.6663376610561347,OAS1_0007_MR1_mpr-3_anon,bias,low
0.08050768822431564,0.13632501661777496,0.019232019782066345,0.5659183859825134,2.3888940811157227,0.13411414623260498,0.011139538139104843,0.13411414623260498,137.38367249731925,0.9361942650825132,0.6300975371759623,0.6661014414367676,OAS1_0007_MR1_mpr-3_anon,bias,medium
0.08047451823949814,0.13625721633434296,0.019213948398828506,0.5658257007598877,2.389617443084717,0.1345757246017456,0.011249402537941933,0.1345757246017456,138.06470683976718,0.935889681676523,0.63009694131842,0.6659617346905515,OAS1_0007_MR1_mpr-3_anon,bias,high
0.4092535376548767,0.08199487626552582,0.0067743961699306965,5.0278472900390625,2.8539042472839355,0.09468087553977966,0.004091933369636536,0.09468087553977966,51.92111888212317,0.9406752858872928,0.5237440265848332,0.6124715219278059,OAS1_0007_MR1_mpr-3_anon,motion,low
0.46951961517333984,0.08023438602685928,0.0064903749153018,5.925902366638184,2.8080663681030273,0.09682485461235046,0.003889328334480524,0.09682485461235046,52.09692646101409,0.938849283605212,0.5309793107871169,0.6182483498785174,OAS1_0007_MR1_mpr-3_anon,motion,medium
0.45400547981262207,0.07597832381725311,0.005802819970995188,6.006135940551758,2.7784314155578613,0.10106995701789856,0.0034700408577919006,0.10106995701789856,51.68859288832721,0.9313092104925751,0.5315421036277672,0.6130876829944538,OAS1_0007_MR1_mpr-3_anon,motion,high
0.07776166498661041,0.1315307915210724,0.01848556101322174,0.5554823279380798,2.5098772048950195,0.133729487657547,0.009517126716673374,0.133729487657547,122.02208587048102,0.930755844855043,0.5972953596135528,0.6408086401909724,OAS1_0009_MR1_mpr-1_anon,original,none
0.10435763001441956,0.1647249311208725,0.028741449117660522,0.6058177351951599,2.67645525932312,0.10711265355348587,0.0005298142787069082,0.10711265355348587,36.343541523054526,0.9869897657656872,0.5756194149580848,0.6982919302675585,OAS1_0009_MR1_mpr-1_anon,blur,low
0.1379084587097168,0.20152348279953003,0.04280056804418564,0.6548823714256287,2.8951544761657715,0.09114778786897659,0.0001223520521307364,0.09114778786897659,20.415270996093753,0.9960081154838463,0.5529602235515366,0.6918360847727293,OAS1_0009_MR1_mpr-1_anon,blur,medium
0.17396646738052368,0.2391340583562851,0.0594668909907341,0.702448844909668,3.1479086875915527,0.07178941369056702,2.1503343305084854e-05,0.07178941369056702,9.665814328661153,0.9987741115936637,0.5170421160780023,0.6752301700653134,OAS1_0009_MR1_mpr-1_anon,blur,high
0.07927514612674713,0.13068097829818726,0.01825433038175106,0.5765321254730225,2.7723894119262695,0.13696077466011047,0.009535545483231544,0.13696077466011047,122.12575958850337,0.9301745711125778,0.4374539793297073,0.5600188643775716,OAS1_0009_MR1_mpr-1_anon,noise,low
0.08078709244728088,0.12981626391410828,0.018020743504166603,0.5979567170143127,3.1341662406921387,0.14026910066604614,0.009643860161304474,0.14026910066604614,122.67486715877757,0.9283957071203726,0.22661412594624614,0.4293560671529992,OAS1_0009_MR1_mpr-1_anon,noise,medium
0.08382740616798401,0.12816664576530457,0.017564546316862106,0.6414371728897095,3.458803653717041,0.14721298217773438,0.01016007736325264,0.14721298217773438,125.47472175149359,0.9230542748669572,0.12408422396547704,0.30966634875237037,OAS1_0009_MR1_mpr-1_anon,noise,high
0.07649937272071838,0.12956589460372925,0.017921414226293564,0.5550203323364258,2.50430965423584,0.1321556568145752,0.009306339547038078,0.1321556568145752,118.85602644378065,0.9306017384864849,0.597296088249029,0.6412117486238111,OAS1_0009_MR1_mpr-1_anon,bias,low
0.07457543164491653,0.12672320008277893,0.017108533531427383,0.5544109344482422,2.4953973293304443,0.1294245421886444,0.00893679540604353,0.1294245421886444,113.67117417279412,0.9304552580021611,0.5972982074544338,0.6419851812991808,OAS1_0009_MR1_mpr-1_anon,bias,medium
0.07184267044067383,0.12274906039237976,0.016006838530302048,0.5532758831977844,2.4823131561279297,0.12547647953033447,0.008419748395681381,0.12547647953033447,106.47097191904106,0.9302746056278843,0.5973018038118132,0.643181473793873,OAS1_0009_MR1_mpr-1_anon,bias,high
0.4110865592956543,0.0839308351278305,0.007093939930200577,4.915229797363281,3.0517725944519043,0.1002333015203476,0.003725393209606409,0.1002333015203476,49.10943412032782,0.9464945220144204,0.46994819794899867,0.5781904794155389,OAS1_0009_MR1_mpr-1_anon,motion,low
0.4415318965911865,0.07830251008272171,0.00615723617374897,5.6566162109375,2.964797019958496,0.09658633172512054,0.0031951917335391045,0.09658633172512054,44.41877848307292,0.944117039885184,0.47974499021443995,0.5881585507412439,OAS1_0009_MR1_mpr-1_anon,motion,medium
0.45345407724380493,0.07631853967905045,0.005849150009453297,5.974390983581543,2.9463746547698975,0.10378094017505646,0.00307103106752038,0.10378094017505646,47.16481383080576,0.9376612885345047,0.48093727220878474,0.5818225925646633,OAS1_0009_MR1_mpr-1_anon,motion,high
0.09511896222829819,0.15825584530830383,0.027190949767827988,0.5556014776229858,2.5431671142578125,0.14825917780399323,0.011501134373247623,0.14825917780399323,149.13550905713848,0.9390713186447504,0.6051569104892323,0.6446801597627791,OAS1_0009_MR1_mpr-2_anon,original,none
0.11447903513908386,0.18063125014305115,0.034733258187770844,0.5985715389251709,2.6717474460601807,0.10916900634765625,0.0005353877786546946,0.10916900634765625,37.48404301662072,0.9887166273549075,0.5839209639803409,0.7020211009153273,OAS1_0009_MR1_mpr-2_anon,blur,low
0.14400221407413483,0.21374493837356567,0.048275090754032135,0.6407700777053833,2.866488456726074,0.08949163556098938,0.00011589446512516588,0.08949163556098938,19.72694259344363,0.9965903630401671,0.5618373165039867,0.6970645615109943,OAS1_0009_MR1_mpr-2_anon,blur,medium
0.17760339379310608,0.2503787577152252,0.06545630097389221,0.6811985969543457,3.1112513542175293,0.06906735897064209,1.974887891265098e-05,0.06906735897064209,9.072557875689338,0.9989546699745973,0.5268865840266923,0.6827816068567163,OAS1_0009_MR1_mpr-2_anon,blur,high
0.09659996628761292,0.1567040979862213,0.02666391059756279,0.5780660510063171,2.908623218536377,0.15165089070796967,0.011455973610281944,0.15165089070796967,148.30660843194698,0.938326991277207,0.36583515516969545,0.5231066204317036,OAS1_0009_MR1_mpr-2_anon,noise,low
0.0980394259095192,0.15511317551136017,0.02612532489001751,0.6009469032287598,3.257763624191284,0.15510080754756927,0.011539877392351627,0.15510080754756927,148.08408909217982,0.9364168621280216,0.20019140410161085,0.40273462182050507,OAS1_0009_MR1_mpr-2_anon,noise,medium
0.10105647146701813,0.1522127389907837,0.025138109922409058,0.6472131013870239,3.580338478088379,0.16252931952476501,0.012132486328482628,0.16252931952476501,150.37011216107538,0.9306681630251243,0.10779867771327512,0.28218688409793624,OAS1_0009_MR1_mpr-2_anon,noise,high
0.0919632613658905,0.15355104207992554,0.025502096861600876,0.5552997589111328,2.5321056842803955,0.14416757225990295,0.010873015969991684,0.14416757225990295,140.4100782207414,0.9388730781402788,0.6051587771406268,0.6456315654192275,OAS1_0009_MR1_mpr-2_anon,bias,low
0.08915193378925323,0.1493844836950302,0.024059567600488663,0.5548385381698608,2.5220651626586914,0.14051666855812073,0.010333636775612831,0.14051666855812073,132.9416422526042,0.9386879370275113,0.6051607753348032,0.6465174503672008,OAS1_0009_MR1_mpr-2_anon,bias,medium
0.08549205958843231,0.14401672780513763,0.022271262481808662,0.5539044141769409,2.5085270404815674,0.13576337695121765,0.00966101698577404,0.13576337695121765,123.61948337928922,0.9384527810273339,0.6051638198028724,0.6477509167796548,OAS1_0009_MR1_mpr-2_anon,bias,high
0.425840824842453,0.09380500018596649,0.008841384202241898,4.566776275634766,3.0914711952209473,0.10439710319042206,0.003921288065612316,0.10439710319042206,52.22555362477022,0.954969845376326,0.470380408858606,0.5789400499142903,OAS1_0009_MR1_mpr-2_anon,motion,low
0.45941153168678284,0.08608701825141907,0.007441078778356314,5.368708610534668,3.001091957092285,0.10017077624797821,0.0032855048775672913,0.10017077624797821,46.8965722177543,0.9519383537018853,0.47936864814388935,0.5891969488215003,OAS1_0009_MR1_mpr-2_anon,motion,medium
0.47038793563842773,0.08370541036128998,0.007043227553367615,5.670169353485107,2.976101875305176,0.10884817689657211,0.0031237504445016384,0.10884817689657211,50.35009215111826,0.9453582298433667,0.48227940488431387,0.5826490108568232,OAS1_0009_MR1_mpr-2_anon,motion,high
0.09401410818099976,0.15659859776496887,0.026585973799228668,0.555598258972168,2.5382814407348633,0.14814862608909607,0.011437736451625824,0.14814862608909607,148.68272034888176,0.9379044509199996,0.605593017169965,0.6447470578161318,OAS1_0009_MR1_mpr-3_anon,original,none
0.1125124990940094,0.17780561745166779,0.03356250375509262,0.5991592407226562,2.6673336029052734,0.10816393792629242,0.0005236731376498938,0.10816393792629242,36.763681449142155,0.9885782002698732,0.5842491864708298,0.7023757855872725,OAS1_0009_MR1_mpr-3_anon,blur,low
0.14267779886722565,0.21167993545532227,0.0472649447619915,0.6419175863265991,2.863896369934082,0.08936028927564621,0.00011572888615773991,0.08936028927564621,19.64450803270527,0.9965462194212242,0.562133296364558,0.6968855899953239,OAS1_0009_MR1_mpr-3_anon,blur,medium
0.17680662870407104,0.24891173839569092,0.0646401047706604,0.6828839778900146,3.1079814434051514,0.06931722909212112,1.9917712052119896e-05,0.06931722909212112,9.122079407935049,0.9989381016630793,0.5270971213291716,0.682476972971626,OAS1_0009_MR1_mpr-3_anon,blur,high
0.0955004096031189,0.1550758183002472,0.026075774803757668,0.5779656171798706,2.8996286392211914,0.15153035521507263,0.011395212262868881,0.15153035521507263,147.8964075425092,0.9371720282555833,0.37001107298178953,0.5250406262172219,OAS1_0009_MR1_mpr-3_anon,noise,low
0.0969979390501976,0.1536063700914383,0.025582242757081985,0.6007107496261597,3.250918388366699,0.15504573285579681,0.011491949670016766,0.15504573285579681,147.84403734394147,0.935293532712986,0.20172621241018862,0.40389060372189856,OAS1_0009_MR1_mpr-3_anon,noise,medium
0.09991787374019623,0.1506395936012268,0.024584393948316574,0.6467687487602234,3.5744996070861816,0.16228094696998596,0.012059545144438744,0.16228094696998596,149.89066114238665,0.9294955068824511,0.10871883501812711,0.28323195246986127,OAS1_0009_MR1_mpr-3_anon,noise,high
0.0909312292933464,0.151991605758667,0.02495758980512619,0.5552528500556946,2.527327299118042,0.14408427476882935,0.010813679546117783,0.14408427476882935,140.03394775390626,0.9377106441753308,0.6055946983234084,0.6456751782276424,OAS1_0009_MR1_mpr-3_anon,bias,low
0.08818019181489944,0.14790940284729004,0.02356351912021637,0.5547493100166321,2.5173301696777344,0.1404530555009842,0.010276991873979568,0.1404530555009842,132.61597517424943,0.9375362464425384,0.6055964128605149,0.6465191762873294,OAS1_0009_MR1_mpr-3_anon,bias,medium
0.08459777384996414,0.14265787601470947,0.021835602819919586,0.5537542104721069,2.5038843154907227,0.1357247531414032,0.009607760235667229,0.1357247531414032,123.3550403071385,0.9373042341587321,0.6055994131779159,0.6477477885373251,OAS1_0009_MR1_mpr-3_anon,bias,high
0.4239614009857178,0.09320972859859467,0.008728889748454094,4.573479652404785,3.0855164527893066,0.10450650751590729,0.0039181956090033054,0.10450650751590729,52.29438883463542,0.9542553990253189,0.471316259204989,0.5787880961863132,OAS1_0009_MR1_mpr-3_anon,motion,low
0.45896899700164795,0.08546027541160583,0.007333589717745781,5.401989936828613,2.999453544616699,0.10007989406585693,0.0032850722782313824,0.10007989406585693,46.93506290211397,0.9511836342271929,0.47939166718561976,0.5891122250250356,OAS1_0009_MR1_mpr-3_anon,motion,medium
0.4695974588394165,0.08328689634799957,0.006968982517719269,5.681910514831543,2.9742822647094727,0.10871010273694992,0.0031217942014336586,0.10871010273694992,50.27878465839461,0.9446827712580097,0.48272770594997383,0.5821284472816994,OAS1_0009_MR1_mpr-3_anon,motion,high
0.09460876882076263,0.157065749168396,0.026768706738948822,0.5575575828552246,2.547729015350342,0.14881670475006104,0.011573007330298424,0.14881670475006104,149.57199180453432,0.938154491489491,0.6036329776271767,0.643011864437537,OAS1_0009_MR1_mpr-4_anon,original,none
0.11353125423192978,0.17867302894592285,0.03392137214541435,0.6014009118080139,2.6759819984436035,0.1085968166589737,0.0005303205107338727,0.1085968166589737,37.04965772441789,0.9885503048728295,0.5823037778538174,0.7012434734457429,OAS1_0009_MR1_mpr-4_anon,blur,low
0.14426612854003906,0.2131131887435913,0.04796196520328522,0.6441312432289124,2.8745503425598145,0.08974587917327881,0.00011665624333545566,0.08974587917327881,19.836106722962622,0.9965473506727284,0.5601613878656062,0.6960949446391691,OAS1_0009_MR1_mpr-4_anon,blur,medium
0.17794014513492584,0.2495761513710022,0.06505799293518066,0.6849358081817627,3.118166923522949,0.06926801800727844,1.985583730856888e-05,0.06926801800727844,9.118498918121936,0.9989439788743467,0.5251560531722839,0.6819806754365885,OAS1_0009_MR1_mpr-4_anon,blur,high
0.09606650471687317,0.15550526976585388,0.026245150715112686,0.5800467729568481,2.9082207679748535,0.15215855836868286,0.01152527704834938,0.15215855836868286,148.72239032820158,0.9374158726180695,0.3680064380091751,0.5232737411027233,OAS1_0009_MR1_mpr-4_anon,noise,low
0.09759227186441422,0.1540871262550354,0.025765087455511093,0.6029746532440186,3.258401393890381,0.15572836995124817,0.01163037121295929,0.15572836995124817,148.76646345549938,0.9354774741860032,0.20074835172137834,0.40282568898397064,OAS1_0009_MR1_mpr-4_anon,noise,medium
0.10056404769420624,0.15116508305072784,0.02477545663714409,0.6494208574295044,3.5806944370269775,0.16304709017276764,0.012210460379719734,0.16304709017276764,150.964992388557,0.9296430793300954,0.10803216258546251,0.2822664223175633,OAS1_0009_MR1_mpr-4_anon,noise,high
0.09151650965213776,0.1524689495563507,0.025136340409517288,0.5572762489318848,2.536733627319336,0.144758403301239,0.010947314091026783,0.144758403301239,140.92369384765624,0.9379450660421091,0.6036350090104532,0.6439188099602536,OAS1_0009_MR1_mpr-4_anon,bias,low
0.08874668180942535,0.14837460219860077,0.023732677102088928,0.556833028793335,2.526681423187256,0.1411161720752716,0.010406747460365295,0.1411161720752716,133.47713527305456,0.9377573213021022,0.6036369835124532,0.6447873210384479,OAS1_0009_MR1_mpr-4_anon,bias,medium
0.08513294905424118,0.14308717846870422,0.02198745869100094,0.5559216737747192,2.513117790222168,0.13636276125907898,0.009731057099997997,0.13636276125907898,124.16765902650124,0.9375133126140667,0.6036398786690053,0.6459999492284324,OAS1_0009_MR1_mpr-4_anon,bias,high
0.4249570369720459,0.09310077130794525,0.00870781484991312,4.58997917175293,3.08927059173584,0.10452886670827866,0.003939391113817692,0.10452886670827866,52.26984145220589,0.954168851254662,0.4702397173456643,0.577920011863706,OAS1_0009_MR1_mpr-4_anon,motion,low
0.4591120481491089,0.085484579205513,0.007336659822613001,5.401826858520508,3.0051376819610596,0.10026474297046661,0.003315499285236001,0.10026474297046661,47.09265184589461,0.9510335773248982,0.47797860112843327,0.587888924993877,OAS1_0009_MR1_mpr-4_anon,motion,medium
0.4691929817199707,0.08349433541297913,0.007004938554018736,5.665124893188477,2.9815149307250977,0.10917790234088898,0.0031609779689460993,0.10917790234088898,50.64315089805454,0.9445879718586697,0.48096468477137244,0.5811226535419514,OAS1_0009_MR1_mpr-4_anon,motion,high
0.0876467227935791,0.14798715710639954,0.022444138303399086,0.573650062084198,2.541203260421753,0.16352629661560059,0.019158370792865753,0.16352629661560059,201.94528090533092,0.9262195185673201,0.6058764779897458,0.6367740779767823,OAS1_0010_MR1_mpr-1_anon,original,none
0.11578075587749481,0.17946414649486542,0.03297218680381775,0.6273329257965088,2.7375917434692383,0.12616266310214996,0.0007022928912192583,0.12616266310214996,49.938323974609375,0.9877961578102651,0.5815561909691744,0.6769401189819246,OAS1_0010_MR1_mpr-1_anon,blur,low
0.13500981032848358,0.19534680247306824,0.03887394443154335,0.6764873266220093,2.8901333808898926,0.09624139964580536,0.00010337699495721608,0.09624139964580536,20.769323730468752,0.995875496148594,0.5595202485271169,0.6753296295329277,OAS1_0010_MR1_mpr-1_anon,blur,medium
0.16065970063209534,0.2169352024793625,0.0475396066904068,0.7329937219619751,3.089702844619751,0.07700282335281372,1.7935984942596406e-05,0.07700282335281372,10.507366584329045,0.9983141607494417,0.5247812170820498,0.6636386015097124,OAS1_0010_MR1_mpr-1_anon,blur,high
0.08939169347286224,0.14705964922904968,0.022166848182678223,0.5911157131195068,2.859389305114746,0.16718581318855286,0.019161708652973175,0.16718581318855286,202.12404390222886,0.9258197709122773,0.40311456403368784,0.5334840805880681,OAS1_0010_MR1_mpr-1_anon,noise,low
0.09112223982810974,0.14609485864639282,0.02188067138195038,0.6088362336158752,3.2168431282043457,0.17088058590888977,0.019280457869172096,0.17088058590888977,202.7064478257123,0.9245541430192993,0.21386817971033595,0.40749040169389067,OAS1_0010_MR1_mpr-1_anon,noise,medium
0.09468309581279755,0.14437207579612732,0.021367371082305908,0.6449745297431946,3.56007719039917,0.17857010662555695,0.01985902711749077,0.17857010662555695,205.93338515337777,0.920957159922676,0.1154713373384453,0.2865003417939713,OAS1_0010_MR1_mpr-1_anon,noise,high
0.08654624223709106,0.14656099677085876,0.022000234574079514,0.5722844004631042,2.536525249481201,0.16196146607398987,0.018815888091921806,0.16196146607398987,198.4408126531863,0.9259886129106769,0.6058758629181884,0.6370007814075191,OAS1_0010_MR1_mpr-1_anon,bias,low
0.08525565266609192,0.14485977590084076,0.021481173112988472,0.570767879486084,2.530837059020996,0.16001074016094208,0.01840270310640335,0.16001074016094208,194.14350394454658,0.9257883278076925,0.6058759524741751,0.6373493107330531,OAS1_0010_MR1_mpr-1_anon,bias,medium
0.08320591598749161,0.14215973019599915,0.020672863349318504,0.5682971477508545,2.521693706512451,0.1568085104227066,0.0177464596927166,0.1568085104227066,187.2552204206878,0.9255359348223353,0.6058755368928211,0.637970921443118,OAS1_0010_MR1_mpr-1_anon,bias,high
0.4463162422180176,0.08672267198562622,0.007570374757051468,5.169294357299805,3.047685146331787,0.11053408682346344,0.00631952378898859,0.11053408682346344,66.93552928251378,0.9303931248626245,0.48692218847310925,0.5717250752679089,OAS1_0010_MR1_mpr-1_anon,motion,low
0.4501262605190277,0.08461402356624603,0.007197781465947628,5.3375325202941895,3.03951096534729,0.11353965848684311,0.005957320798188448,0.11353965848684311,66.51542968750002,0.927723709871646,0.48443832564602435,0.5704441943903928,OAS1_0010_MR1_mpr-1_anon,motion,medium
0.4684869647026062,0.08407638967037201,0.007103505078703165,5.596902370452881,3.033019542694092,0.12189415097236633,0.005974937230348587,0.12189415097236633,72.07568826114431,0.9220839015768747,0.4828773527857358,0.5621191675201638,OAS1_0010_MR1_mpr-1_anon,motion,high
0.0860307589173317,0.14714974164962769,0.02218428999185562,0.5661981105804443,2.5181965827941895,0.1622387170791626,0.01973503828048706,0.1622387170791626,200.42700410730703,0.9258356257415497,0.6095856668692243,0.6409244135712044,OAS1_0010_MR1_mpr-2_anon,original,none
0.1140415370464325,0.17882521450519562,0.032704975455999374,0.6208213567733765,2.714089870452881,0.12561668455600739,0.0007282415172085166,0.12561668455600739,49.492135679955574,0.987819947000928,0.585458405919316,0.6815863633368191,OAS1_0010_MR1_mpr-2_anon,blur,low
0.13389812409877777,0.19556915760040283,0.038950882852077484,0.6702051162719727,2.870741367340088,0.09643919765949249,0.00010619533713907003,0.09643919765949249,21.073434508080574,0.9958388137697135,0.5634606488371624,0.6780792962865823,OAS1_0010_MR1_mpr-2_anon,blur,medium
0.1601538062095642,0.21816150844097137,0.048088960349559784,0.7268577814102173,3.0738725662231445,0.07742369174957275,1.830529436119832e-05,0.07742369174957275,10.726379155177696,0.9982966419683832,0.5285593071143926,0.6652509537520779,OAS1_0010_MR1_mpr-2_anon,blur,high
0.08776497840881348,0.146263986825943,0.021921686828136444,0.5835563540458679,2.8276989459991455,0.16587823629379272,0.019742315635085106,0.16587823629379272,200.65842261220894,0.9254468812481732,0.4134123957259548,0.5411742922003354,OAS1_0010_MR1_mpr-2_anon,noise,low
0.08940290659666061,0.14521774649620056,0.02160930633544922,0.6011948585510254,3.1874167919158936,0.16939350962638855,0.019817763939499855,0.16939350962638855,200.84599573471965,0.9241979966345981,0.2184025243551908,0.41346338315145936,OAS1_0010_MR1_mpr-2_anon,noise,medium
0.09298545122146606,0.14357466995716095,0.021130014210939407,0.6371142864227295,3.531690835952759,0.17711757123470306,0.020403258502483368,0.17711757123470306,204.33782743566178,0.9205824944624811,0.11823092087728676,0.2915548809567099,OAS1_0010_MR1_mpr-2_anon,noise,high
0.08477441221475601,0.14543107151985168,0.021662142127752304,0.5647674798965454,2.512688398361206,0.1603514701128006,0.01932208612561226,0.1603514701128006,196.21919603534778,0.9255931567055649,0.6095863728824582,0.641248544104026,OAS1_0010_MR1_mpr-2_anon,bias,low
0.08336962759494781,0.14349502325057983,0.021086566150188446,0.5631993412971497,2.5062501430511475,0.1581372171640396,0.018849045038223267,0.1581372171640396,191.3765854779412,0.9253840449450077,0.6095872126109962,0.6416506113756858,OAS1_0010_MR1_mpr-2_anon,bias,medium
0.08098243176937103,0.140189528465271,0.02011832222342491,0.5606715083122253,2.4952754974365234,0.15423595905303955,0.01803346537053585,0.15423595905303955,182.96712514839922,0.9251185369352282,0.609588869731272,0.6424353457847383,OAS1_0010_MR1_mpr-2_anon,bias,high
0.4514036476612091,0.08622553944587708,0.0074864402413368225,5.259397506713867,3.015165328979492,0.11043064296245575,0.006543575786054134,0.11043064296245575,66.7529505112592,0.9299521799076007,0.4936221965515041,0.5780013105445545,OAS1_0010_MR1_mpr-2_anon,motion,low
0.4518868923187256,0.0838419571518898,0.007061555050313473,5.402666091918945,3.0024845600128174,0.11310022324323654,0.006153721362352371,0.11310022324323654,66.09248310163909,0.927112403295828,0.4923074763548931,0.5769233165665731,OAS1_0010_MR1_mpr-2_anon,motion,medium
0.4673541188240051,0.08267064392566681,0.0068648457527160645,5.678547382354736,2.989732265472412,0.12021292001008987,0.006060472223907709,0.12021292001008987,70.20173220166974,0.9215647213038741,0.4914544260965897,0.5693846254111883,OAS1_0010_MR1_mpr-2_anon,motion,high
0.08743733912706375,0.14834505319595337,0.02257869951426983,0.5693901777267456,2.535358428955078,0.16474305093288422,0.020166389644145966,0.16474305093288422,207.21855708103556,0.9249782377627795,0.6069719669502895,0.6380474364841804,OAS1_0010_MR1_mpr-3_anon,original,none
0.11534436047077179,0.1798676699399948,0.03306678682565689,0.624415397644043,2.7298216819763184,0.12662972509860992,0.0007423213100992143,0.12662972509860992,50.19656264361214,0.9878087765757309,0.5827424060466644,0.6796785409128024,OAS1_0010_MR1_mpr-3_anon,blur,low
0.1349816918373108,0.19611379504203796,0.0391688346862793,0.673802375793457,2.884979248046875,0.09667373448610306,0.00010615428618621081,0.09667373448610306,21.10332857019761,0.9958616144352446,0.5607303342023058,0.6767341211282157,OAS1_0010_MR1_mpr-3_anon,blur,medium
0.16131284832954407,0.21859189867973328,0.048276569694280624,0.7304477095603943,3.089076519012451,0.0775732696056366,1.8294927940587513e-05,0.0775732696056366,10.739083802466299,0.9983028187372303,0.525658319783491,0.6634513943309228,OAS1_0010_MR1_mpr-3_anon,blur,high
0.08916980773210526,0.14742247760295868,0.02230154164135456,0.5869385600090027,2.8497204780578613,0.16838017106056213,0.020166663452982903,0.16838017106056213,207.3749818091299,0.92456098873767,0.40721536103954276,0.5363730225207582,OAS1_0010_MR1_mpr-3_anon,noise,low
0.09091374278068542,0.146498441696167,0.022023890167474747,0.6047919988632202,3.2079501152038574,0.17209887504577637,0.020284317433834076,0.17209887504577637,207.97796355602785,0.9232799351762864,0.21561857989752364,0.4095245115220634,OAS1_0010_MR1_mpr-3_anon,noise,medium
0.0943203866481781,0.1445503979921341,0.021444767713546753,0.6410924196243286,3.549133777618408,0.17949606478214264,0.02080499567091465,0.17949606478214264,210.6309809666054,0.9195156756339427,0.11662753372820522,0.2886380994085529,OAS1_0010_MR1_mpr-3_anon,noise,high
0.0859868973493576,0.14638946950435638,0.02197389304637909,0.5679771900177002,2.5290074348449707,0.1624969094991684,0.019681937992572784,0.1624969094991684,202.09174254174332,0.9247379930927515,0.6069711227238614,0.6384333630228917,OAS1_0010_MR1_mpr-3_anon,bias,low
0.0842023491859436,0.14394602179527283,0.02122836746275425,0.5664252638816833,2.520961284637451,0.15958240628242493,0.019051948562264442,0.15958240628242493,195.42872039196538,0.9245253984397581,0.6069716692960301,0.6389597549754152,OAS1_0010_MR1_mpr-3_anon,bias,medium
0.0816209465265274,0.14041927456855774,0.02018185332417488,0.5639188289642334,2.509143829345703,0.15531794726848602,0.018161296844482422,0.15531794726848602,186.02727338005516,0.9242555095348031,0.6069737458077442,0.6398198756965905,OAS1_0010_MR1_mpr-3_anon,bias,high
0.45089292526245117,0.08622302860021591,0.0074775330722332,5.249731540679932,3.0354490280151367,0.11112681031227112,0.006555919069796801,0.11112681031227112,67.60358539656096,0.9292453971581347,0.4884591187403224,0.5741834812276865,OAS1_0010_MR1_mpr-3_anon,motion,low
0.45531630516052246,0.08419335633516312,0.007116933353245258,5.422429084777832,3.018768787384033,0.11390804499387741,0.006187467835843563,0.11390804499387741,67.2564199410233,0.9265682150955292,0.4883594547990204,0.5738091067190553,OAS1_0010_MR1_mpr-3_anon,motion,medium
0.4641880989074707,0.08271428197622299,0.0068694790825247765,5.632083415985107,3.0158987045288086,0.12058905512094498,0.00603173952549696,0.12058905512094498,70.56539079254749,0.9210326155727409,0.4844867350560172,0.5651690337458222,OAS1_0010_MR1_mpr-3_anon,motion,high
0.08667243272066116,0.14790797233581543,0.022450432181358337,0.5670702457427979,2.5202653408050537,0.16294705867767334,0.020227190107107162,0.16294705867767334,205.48986289828434,0.9247039579470084,0.609543286505533,0.640536532797997,OAS1_0010_MR1_mpr-4_anon,original,none
0.11486893147230148,0.1797037422657013,0.033076077699661255,0.6217294335365295,2.7157235145568848,0.12588903307914734,0.0007318446878343821,0.12588903307914734,49.94997175628063,0.9878441890099164,0.5852660731480804,0.681169720209017,OAS1_0010_MR1_mpr-4_anon,blur,low
0.13391393423080444,0.1954706609249115,0.0389677956700325,0.6705858707427979,2.8703246116638184,0.09592746943235397,0.00010446931992191821,0.09592746943235397,20.93113870059743,0.995864767503811,0.5632276920006061,0.6786538508192939,OAS1_0010_MR1_mpr-4_anon,blur,medium
0.16076210141181946,0.21904906630516052,0.04848368465900421,0.7267659902572632,3.0772972106933594,0.07735003530979156,1.828536369430367e-05,0.07735003530979156,10.764076861213237,0.9983056164258544,0.5281329515466925,0.6648906349492189,OAS1_0010_MR1_mpr-4_anon,blur,high
0.0884205624461174,0.14704260230064392,0.02219219133257866,0.5844509601593018,2.830794334411621,0.1666235476732254,0.020245475694537163,0.1666235476732254,205.8306104473039,0.924300140257508,0.41200966389524113,0.5402920975243174,OAS1_0010_MR1_mpr-4_anon,noise,low
0.09015226364135742,0.14616388082504272,0.0219284538179636,0.6020702123641968,3.191709280014038,0.1703086644411087,0.020361516624689102,0.1703086644411087,206.4589821011412,0.9230605805178169,0.21759142721445962,0.4124224997848641,OAS1_0010_MR1_mpr-4_anon,noise,medium
0.09357286989688873,0.14427034556865692,0.021367687731981277,0.63803631067276,3.5346412658691406,0.17774039506912231,0.020885130390524864,0.17774039506912231,209.25594386680456,0.9194139511895724,0.11785717462315433,0.2908485714243162,OAS1_0010_MR1_mpr-4_anon,noise,high
0.08525238931179047,0.14596998691558838,0.021852392703294754,0.5656876564025879,2.5141029357910156,0.16075049340724945,0.01973927766084671,0.16075049340724945,200.41460391773902,0.9244643075304497,0.609543347804069,0.6408821767047463,OAS1_0010_MR1_mpr-4_anon,bias,low
0.08360539376735687,0.14369851350784302,0.021162599325180054,0.5641664862632751,2.5066845417022705,0.15810322761535645,0.0191591028124094,0.15810322761535645,194.36118140127147,0.924260544509547,0.6095441035694908,0.6413635513175133,OAS1_0010_MR1_mpr-4_anon,bias,medium
0.08115234225988388,0.14033645391464233,0.020167095586657524,0.5617060661315918,2.4955387115478516,0.15408334136009216,0.018303371965885162,0.15408334136009216,185.44300166111367,0.9239988965340802,0.6095455500659543,0.6421949237756555,OAS1_0010_MR1_mpr-4_anon,bias,high
0.45098209381103516,0.08564312756061554,0.007380479946732521,5.289044380187988,3.0167744159698486,0.10970428586006165,0.006559569388628006,0.10970428586006165,66.9737320245481,0.9289821134446439,0.49224230658109247,0.5773979327374686,OAS1_0010_MR1_mpr-4_anon,motion,low
0.452120304107666,0.08370484411716461,0.007031258661299944,5.415366172790527,3.0067224502563477,0.11273354291915894,0.0062074484303593636,0.11273354291915894,66.70785450654873,0.9261904995156783,0.49059928526826535,0.5764234474392119,OAS1_0010_MR1_mpr-4_anon,motion,medium
0.46373486518859863,0.08243067562580109,0.006825122982263565,5.648059368133545,3.00227689743042,0.1196279376745224,0.006085306406021118,0.1196279376745224,70.37395665785846,0.9206836337846148,0.48741735753842463,0.5677899862030191,OAS1_0010_MR1_mpr-4_anon,motion,high
0.07486734539270401,0.14272566139698029,0.02127397432923317,0.5051485300064087,2.284658193588257,0.1316784918308258,0.009640676900744438,0.1316784918308258,129.26707787607234,0.9376259525201613,0.6477127114749358,0.6877409634975833,OAS1_0011_MR1_mpr-1_anon,original,none
0.09640079736709595,0.17041555047035217,0.03007490187883377,0.5477175712585449,2.447840929031372,0.10880528390407562,0.0005955161759629846,0.10880528390407562,44.36256941253064,0.9876467646105267,0.6272338873932835,0.7337207730461348,OAS1_0011_MR1_mpr-1_anon,blur,low
0.11937674880027771,0.19520777463912964,0.03927638381719589,0.5926421880722046,2.626460552215576,0.08948962390422821,0.00012830275227315724,0.08948962390422821,23.43072820925245,0.9955323062825441,0.6066597064323573,0.7275480624941386,OAS1_0011_MR1_mpr-1_anon,blur,medium
0.15285557508468628,0.23117226362228394,0.05477064102888107,0.6418721675872803,2.8565070629119873,0.07321543991565704,2.6622066798154265e-05,0.07321543991565704,12.287185968137255,0.9983810438794695,0.5728297755636793,0.7114172700177741,OAS1_0011_MR1_mpr-1_anon,blur,high
0.07736992835998535,0.1417863965034485,0.021030347794294357,0.5354703664779663,2.6305112838745117,0.13690859079360962,0.009704561904072762,0.13690859079360962,129.40476373410695,0.9356358037277541,0.47093685752439,0.5844404749202943,OAS1_0011_MR1_mpr-1_anon,noise,low
0.07986163347959518,0.14093336462974548,0.020792007446289062,0.566304087638855,3.032219886779785,0.14224642515182495,0.010126378387212753,0.14224642515182495,131.78573117723653,0.9311278408470438,0.2405503434224478,0.4430500740206282,OAS1_0011_MR1_mpr-1_anon,noise,medium
0.08492644876241684,0.13972198963165283,0.02041289210319519,0.62403404712677,3.3917787075042725,0.15333417057991028,0.012023964896798134,0.15333417057991028,143.4474623736213,0.9177910475345766,0.13265489817508774,0.32035786867461447,OAS1_0011_MR1_mpr-1_anon,noise,high
0.07490523159503937,0.1429457664489746,0.02133449912071228,0.5041084289550781,2.285186290740967,0.1321502923965454,0.009711027145385742,0.1321502923965454,129.9897056429994,0.9375960333377249,0.6477110756743527,0.6875552983659683,OAS1_0011_MR1_mpr-1_anon,bias,low
0.07480777055025101,0.14296144247055054,0.021338041871786118,0.5030016899108887,2.28495192527771,0.13237245380878448,0.00975562259554863,0.13237245380878448,130.32471469056375,0.9375794259001673,0.6477095339890565,0.687426183100805,OAS1_0011_MR1_mpr-1_anon,bias,medium
0.07419724762439728,0.14227288961410522,0.0211297869682312,0.5012533068656921,2.2826333045959473,0.13186050951480865,0.009721092879772186,0.13186050951480865,129.37604597503065,0.9375699161419037,0.6477092303490805,0.6875030032036028,OAS1_0011_MR1_mpr-1_anon,bias,high
0.46776604652404785,0.08652746677398682,0.007609684020280838,5.3950042724609375,2.8306679725646973,0.09632992744445801,0.00306279631331563,0.09632992744445801,45.15305702359069,0.952777775595447,0.525738483016025,0.6285214269146923,OAS1_0011_MR1_mpr-1_anon,motion,low
0.4704248309135437,0.08592380583286285,0.007533892523497343,5.459887504577637,2.7751662731170654,0.09641304612159729,0.0028628711588680744,0.09641304612159729,44.368586042815565,0.9523181248123688,0.5312677863986183,0.6313301716556889,OAS1_0011_MR1_mpr-1_anon,motion,medium
0.47896164655685425,0.0834200382232666,0.007116637658327818,5.726523399353027,2.769618034362793,0.10444960743188858,0.002738088136538863,0.10444960743188858,47.76044802198223,0.9460022951206342,0.530895187282567,0.6224387183368312,OAS1_0011_MR1_mpr-1_anon,motion,high
0.07504820823669434,0.14254102110862732,0.021238058805465698,0.5064629316329956,2.2889761924743652,0.13204827904701233,0.009744402021169662,0.13204827904701233,129.8254961799173,0.937685693584136,0.6469205143520295,0.687326054685957,OAS1_0011_MR1_mpr-2_anon,original,none
0.09720784425735474,0.1715480387210846,0.03044252097606659,0.5490851402282715,2.4562273025512695,0.11009499430656433,0.0006128721870481968,0.11009499430656433,45.222271130131745,0.9876776003221874,0.6263398994660473,0.7322862757131351,OAS1_0011_MR1_mpr-2_anon,blur,low
0.1200745552778244,0.1958770900964737,0.039533667266368866,0.5940921306610107,2.633557081222534,0.09008428454399109,0.0001291609660256654,0.09008428454399109,23.495768468520218,0.9955499595649437,0.6057870599603774,0.7261459528623733,OAS1_0011_MR1_mpr-2_anon,blur,medium
0.15376555919647217,0.23203402757644653,0.05520182102918625,0.64328533411026,2.863258123397827,0.07367198169231415,2.6749698008643463e-05,0.07367198169231415,12.319978123085173,0.9983907222139916,0.5719549721562391,0.7103837891531475,OAS1_0011_MR1_mpr-2_anon,blur,high
0.07760719954967499,0.14166992902755737,0.021004028618335724,0.5370741486549377,2.6357173919677734,0.13742996752262115,0.00988162960857153,0.13742996752262115,130.60285907820162,0.9356784668532305,0.4708469949172782,0.583925716252762,OAS1_0011_MR1_mpr-2_anon,noise,low
0.08012628555297852,0.14080454409122467,0.020767217501997948,0.5681924819946289,3.0365185737609863,0.14275288581848145,0.010279877111315727,0.14275288581848145,132.7244815602022,0.9310252868267689,0.2402272691345232,0.44269749735079766,OAS1_0011_MR1_mpr-2_anon,noise,medium
0.08502689003944397,0.13929006457328796,0.02031395584344864,0.626338005065918,3.391782760620117,0.15347769856452942,0.012105466797947884,0.15347769856452942,143.54342830882354,0.9176810254885724,0.13279529700121095,0.3208884635298568,OAS1_0011_MR1_mpr-2_anon,noise,high
0.07516706734895706,0.14292821288108826,0.021347051486372948,0.5054150223731995,2.2899484634399414,0.13268321752548218,0.009848220273852348,0.13268321752548218,130.91842830882354,0.9376772514905602,0.6469181966781948,0.6870557165646893,OAS1_0011_MR1_mpr-2_anon,bias,low
0.07515175640583038,0.14310574531555176,0.021397976204752922,0.5042992830276489,2.2901487350463867,0.13305935263633728,0.009923034347593784,0.13305935263633728,131.622298895144,0.9376627500960741,0.6469168364346991,0.6869013070157763,OAS1_0011_MR1_mpr-2_anon,bias,medium
0.07464894652366638,0.1426098644733429,0.021246856078505516,0.5025361180305481,2.2883822917938232,0.13274261355400085,0.009929667226970196,0.13274261355400085,131.14668375651044,0.9376575906179816,0.6469157573382446,0.6869413366592464,OAS1_0011_MR1_mpr-2_anon,bias,high
0.4682580232620239,0.08693277090787888,0.007683652453124523,5.378481388092041,2.8369300365448,0.09685403853654861,0.003090635873377323,0.09685403853654861,45.44483379289216,0.9529398709225665,0.5248282218345739,0.6280736670297375,OAS1_0011_MR1_mpr-2_anon,motion,low
0.4693705439567566,0.08615167438983917,0.007576391100883484,5.428895950317383,2.7764387130737305,0.09693197906017303,0.0028868638910353184,0.09693197906017303,44.632862764246326,0.9523937314045836,0.5315110901602818,0.6307792323938655,OAS1_0011_MR1_mpr-2_anon,motion,medium
0.477213978767395,0.08357979357242584,0.007152336183935404,5.6946611404418945,2.7721447944641113,0.10478895157575607,0.002747901016846299,0.10478895157575607,47.83157288794423,0.9460784778138345,0.5306344646228993,0.6218088611852567,OAS1_0011_MR1_mpr-2_anon,motion,high
0.07567567378282547,0.14331774413585663,0.021442316472530365,0.5080561637878418,2.2987537384033203,0.13338600099086761,0.009826188907027245,0.13338600099086761,131.2272824754902,0.9381564689053753,0.6453338115971899,0.6857537965704191,OAS1_0011_MR1_mpr-3_anon,original,none
0.09707517921924591,0.17107859253883362,0.030214421451091766,0.5508605241775513,2.4622669219970703,0.10968232154846191,0.0006040676962584257,0.10968232154846191,44.52777769799326,0.9878364987223691,0.6246939714439668,0.7316152393019443,OAS1_0011_MR1_mpr-3_anon,blur,low
0.12110405415296555,0.19703935086727142,0.03993253782391548,0.5958622694015503,2.6434078216552734,0.09074734151363373,0.00013065429811831564,0.09074734151363373,23.66070317287071,0.9956001170134687,0.604026026209568,0.7252848687200957,OAS1_0011_MR1_mpr-3_anon,blur,medium
0.1526954174041748,0.2297724187374115,0.05408201739192009,0.6454765796661377,2.865835189819336,0.07296125590801239,2.595700789242983e-05,0.07296125590801239,11.950367168351715,0.9983974041922152,0.5703470420926815,0.7109926234441305,OAS1_0011_MR1_mpr-3_anon,blur,high
0.0782899335026741,0.142409086227417,0.021198859438300133,0.5387208461761475,2.652092456817627,0.1388714462518692,0.009948886930942535,0.1388714462518692,131.8006400314032,0.9361272205645796,0.4657872138145738,0.5800743905909376,OAS1_0011_MR1_mpr-3_anon,noise,low
0.08082889765501022,0.14149275422096252,0.02094181999564171,0.5697171688079834,3.050629138946533,0.14433637261390686,0.010415468364953995,0.14433637261390686,134.3496291216682,0.9315097091090749,0.23826784813624177,0.4401476629786213,OAS1_0011_MR1_mpr-3_anon,noise,medium
0.08586736768484116,0.1400911509990692,0.02052593231201172,0.6279150247573853,3.405980110168457,0.15521526336669922,0.01225263625383377,0.15521526336669922,145.15157255284927,0.9181289227967424,0.1313703626515321,0.31830481184415926,OAS1_0011_MR1_mpr-3_anon,noise,high
0.07590354979038239,0.1438858062028885,0.021607693284749985,0.5069775581359863,2.3003883361816406,0.13417595624923706,0.009938571602106094,0.13417595624923706,132.51415895948224,0.9381509138690636,0.6453319774064825,0.6854051214936749,OAS1_0011_MR1_mpr-3_anon,bias,low
0.07599110901355743,0.1442323625087738,0.02170785702764988,0.5058302879333496,2.3012516498565674,0.13471025228500366,0.01002131775021553,0.13471025228500366,133.39090552236524,0.9381494322835323,0.6453305843682099,0.6851843688732824,OAS1_0011_MR1_mpr-3_anon,bias,medium
0.07582131773233414,0.14427503943443298,0.021718770265579224,0.5040193200111389,2.3012917041778564,0.13496455550193787,0.01008432824164629,0.13496455550193787,133.83451933019302,0.9381573546594721,0.6453293718852398,0.6850291221580509,OAS1_0011_MR1_mpr-3_anon,bias,high
0.4639645516872406,0.08667975664138794,0.007638466544449329,5.3419294357299805,2.844789505004883,0.09706933796405792,0.003054825123399496,0.09706933796405792,44.83860964307598,0.9532234866005693,0.5227168965700573,0.6261003868825947,OAS1_0011_MR1_mpr-3_anon,motion,low
0.468028724193573,0.08651414513587952,0.007634663488715887,5.389052391052246,2.7947030067443848,0.09801673144102097,0.002900855615735054,0.09801673144102097,44.79503844018076,0.9525579149408023,0.5275340072195611,0.6278183138789952,OAS1_0011_MR1_mpr-3_anon,motion,medium
0.4766747057437897,0.08332587778568268,0.007109006866812706,5.716134071350098,2.7859067916870117,0.10503393411636353,0.002728306222707033,0.10503393411636353,47.45649868834252,0.9463179736093446,0.5266247227744683,0.6198228392799578,OAS1_0011_MR1_mpr-3_anon,motion,high
0.07553955912590027,0.14356225728988647,0.021496150642633438,0.5057379007339478,2.2880330085754395,0.1322888284921646,0.009870955720543861,0.1322888284921646,131.93902659696693,0.9384752959239098,0.6475834458341805,0.6881386824791523,OAS1_0011_MR1_mpr-4_anon,original,none
0.0981900617480278,0.17330339550971985,0.031091975048184395,0.5478221774101257,2.453544855117798,0.11046551167964935,0.0006122816121205688,0.11046551167964935,45.68727859796262,0.9879004254025537,0.6270733689359012,0.7332092655017631,OAS1_0011_MR1_mpr-4_anon,blur,low
0.12028741091489792,0.196860671043396,0.03982244059443474,0.5922857522964478,2.627228021621704,0.09006792306900024,0.00012973191041965038,0.09006792306900024,23.753429457720593,0.9955846432700703,0.6066754992099412,0.7273968481280939,OAS1_0011_MR1_mpr-4_anon,blur,medium
0.1533888578414917,0.2317989319562912,0.05514555424451828,0.6415870189666748,2.855095863342285,0.07331332564353943,2.6736070140032098e-05,0.07331332564353943,12.370468079810049,0.9983823757341206,0.5730728205617941,0.712027513242687,OAS1_0011_MR1_mpr-4_anon,blur,high
0.07817058265209198,0.14271050691604614,0.021265367045998573,0.5362821817398071,2.6392292976379395,0.13781970739364624,0.010015437379479408,0.13781970739364624,132.7414659687117,0.9364525975663869,0.46950325519142455,0.583326625428924,OAS1_0011_MR1_mpr-4_anon,noise,low
0.08078417181968689,0.14189007878303528,0.02103540301322937,0.5671629309654236,3.039729595184326,0.14340323209762573,0.0105130048468709,0.14340323209762573,135.61118295706953,0.9318391153230805,0.23980886843609478,0.44259260837102987,OAS1_0011_MR1_mpr-4_anon,noise,medium
0.08563026785850525,0.14026999473571777,0.020557930693030357,0.6248388886451721,3.3932383060455322,0.15394164621829987,0.012240374460816383,0.15394164621829987,145.49703333237593,0.9185574241644174,0.13245461909643705,0.32052317369406713,OAS1_0011_MR1_mpr-4_anon,noise,high
0.07550334930419922,0.1436876505613327,0.021526414901018143,0.5047035217285156,2.2882347106933594,0.1326284408569336,0.009934362955391407,0.1326284408569336,132.45401683134193,0.9384511682240487,0.6475819501343576,0.6879533154487062,OAS1_0011_MR1_mpr-4_anon,bias,low
0.07533381879329681,0.14360743761062622,0.021498452872037888,0.503598690032959,2.287757396697998,0.13271981477737427,0.009969357401132584,0.13271981477737427,132.57763767616424,0.938438403453919,0.6475811326575823,0.6878318343218086,OAS1_0011_MR1_mpr-4_anon,bias,medium
0.07462301850318909,0.14276884496212006,0.02123878337442875,0.5018481612205505,2.285095691680908,0.13203838467597961,0.009923677891492844,0.13203838467597961,131.34307191138177,0.9384319686298357,0.6475808009366646,0.687996474661656,OAS1_0011_MR1_mpr-4_anon,bias,high
0.46913373470306396,0.08659186959266663,0.007608817424625158,5.408847808837891,2.8292086124420166,0.09617355465888977,0.00306371646001935,0.09617355465888977,45.191230325137866,0.952937015408174,0.5262364045091703,0.6297890888168667,OAS1_0011_MR1_mpr-4_anon,motion,low
0.47002851963043213,0.0861378088593483,0.00755144190043211,5.441869735717773,2.7770028114318848,0.09662716090679169,0.0028803166933357716,0.09662716090679169,44.72387838924632,0.9524548740986647,0.5311927716788519,0.6322278719806582,OAS1_0011_MR1_mpr-4_anon,motion,medium
0.4766222834587097,0.08335193991661072,0.007098257541656494,5.7052741050720215,2.7654061317443848,0.10427559912204742,0.0027303078677505255,0.10427559912204742,47.67647513595282,0.9461248247417837,0.532104288427356,0.6237082766216153,OAS1_0011_MR1_mpr-4_anon,motion,high
0.09119442105293274,0.15169230103492737,0.02398768439888954,0.5757246017456055,2.4395008087158203,0.15140315890312195,0.012676351703703403,0.15140315890312195,154.16221995634191,0.9381721483955506,0.6220867365219452,0.6575964612132424,OAS1_0012_MR1_mpr-1_anon,original,none
0.1229054182767868,0.1905829757452011,0.03768885135650635,0.6194624304771423,2.637063503265381,0.12223484367132187,0.0005989751080051064,0.12223484367132187,42.0273095224418,0.9897125681470377,0.5995617200320786,0.6958198110909302,OAS1_0012_MR1_mpr-1_anon,blur,low
0.14044201374053955,0.20542381703853607,0.04342885687947273,0.6601808667182922,2.7805652618408203,0.09237433969974518,9.058463911060244e-05,0.09237433969974518,19.068632477405025,0.99657190191159,0.5776045139511639,0.6960668220461437,OAS1_0012_MR1_mpr-1_anon,blur,medium
0.17061862349510193,0.23408353328704834,0.05618959292769432,0.7063450813293457,2.990078926086426,0.07379299402236938,1.8974224076373503e-05,0.07379299402236938,10.371865066827514,0.9986247489332896,0.5422162718037744,0.6842844184376126,OAS1_0012_MR1_mpr-1_anon,blur,high
0.09303631633520126,0.15074187517166138,0.02369050681591034,0.5949059724807739,2.805124282836914,0.1553238332271576,0.012707957997918129,0.1553238332271576,154.5009429333257,0.9377469578448784,0.39716510161722207,0.5430230758344196,OAS1_0012_MR1_mpr-1_anon,noise,low
0.09483352303504944,0.14971071481704712,0.023368459194898605,0.6143966913223267,3.1743645668029785,0.15927493572235107,0.01285367552191019,0.15927493572235107,155.226610251034,0.9364862882375509,0.21373986344600704,0.4158620209988287,OAS1_0012_MR1_mpr-1_anon,noise,medium
0.09845991432666779,0.14772823452949524,0.022745095193386078,0.6539430618286133,3.5274946689605713,0.16746696829795837,0.013530918397009373,0.16746696829795837,159.04465128580728,0.9326877705714915,0.11480386129681444,0.2907711681893004,OAS1_0012_MR1_mpr-1_anon,noise,high
0.09097561240196228,0.15143507719039917,0.02388840541243553,0.5751291513442993,2.4553842544555664,0.15137246251106262,0.012675996869802475,0.15137246251106262,153.74200343711706,0.9381426312892381,0.6220785735805155,0.657440933097613,OAS1_0012_MR1_mpr-1_anon,bias,low
0.09045617282390594,0.1507718861103058,0.023661915212869644,0.5743823051452637,2.454698085784912,0.15082287788391113,0.012596420012414455,0.15082287788391113,152.3798392501532,0.9380879406775131,0.6220772663158373,0.6574023112856722,OAS1_0012_MR1_mpr-1_anon,bias,medium
0.08933493494987488,0.14930634200572968,0.02319040149450302,0.5730395317077637,2.4517245292663574,0.14940834045410156,0.012398040853440762,0.14940834045410156,149.4177262848499,0.9380172935423208,0.6220767859725098,0.6575425161764454,OAS1_0012_MR1_mpr-1_anon,bias,high
0.4361986219882965,0.08913415670394897,0.00799402967095375,4.919382572174072,3.007333278656006,0.10656459629535675,0.0044428398832678795,0.10656459629535675,54.70714877259498,0.9466630326615092,0.4983463425048117,0.5932556180960311,OAS1_0012_MR1_mpr-1_anon,motion,low
0.46257710456848145,0.08550318330526352,0.007333108223974705,5.422702789306641,2.9644289016723633,0.10588731616735458,0.004020982887595892,0.10588731616735458,52.69002877029718,0.9447359254510289,0.49975293397843723,0.5938971140458469,OAS1_0012_MR1_mpr-1_anon,motion,medium
0.4747354984283447,0.08520805090665817,0.007291189860552549,5.607442378997803,2.961324453353882,0.11555210500955582,0.003973457962274551,0.11555210500955582,58.058299584482235,0.9387934957682211,0.4999596000337544,0.5842448248793359,OAS1_0012_MR1_mpr-1_anon,motion,high
0.08994367718696594,0.1502889096736908,0.0236133374273777,0.5743464231491089,2.4207513332366943,0.14916956424713135,0.012725413776934147,0.14916956424713135,153.73411458333337,0.9373008756189605,0.6253051402476315,0.6605085573825671,OAS1_0012_MR1_mpr-2_anon,original,none
0.12211263924837112,0.1899879425764084,0.037429824471473694,0.6178588271141052,2.6212737560272217,0.12113912403583527,0.0005912240594625473,0.12113912403583527,41.51064141965381,0.9896136539864631,0.6027050441597896,0.6968005344856182,OAS1_0012_MR1_mpr-2_anon,blur,low
0.14063920080661774,0.2062731832265854,0.04373013228178024,0.6582431197166443,2.7669858932495117,0.09225732088088989,9.15282143978402e-05,0.09225732088088989,19.068391927083333,0.9966066107937759,0.580706594589917,0.6964479629622089,OAS1_0012_MR1_mpr-2_anon,blur,medium
0.1712661236524582,0.235912024974823,0.05706172436475754,0.7036967873573303,2.9766035079956055,0.07365702837705612,1.907380465127062e-05,0.07365702837705612,10.338199391084558,0.9986549003422963,0.5454742688421312,0.6852702012529321,OAS1_0012_MR1_mpr-2_anon,blur,high
0.09175229072570801,0.14931397140026093,0.02330968528985977,0.5935662984848022,2.7779836654663086,0.15303388237953186,0.01275227963924408,0.15303388237953186,154.00933945599724,0.9368900900175274,0.4054086449625469,0.5486313920859204,OAS1_0012_MR1_mpr-2_anon,noise,low
0.09360379725694656,0.14839699864387512,0.02302466332912445,0.6130349040031433,3.151482105255127,0.15706302225589752,0.012909956276416779,0.15706302225589752,154.9300734576057,0.9356232186517734,0.21755743566587793,0.42030388227031296,OAS1_0012_MR1_mpr-2_anon,noise,medium
0.09727715700864792,0.14652878046035767,0.0224465262144804,0.6526493430137634,3.5082969665527344,0.1653178483247757,0.013588568195700645,0.1653178483247757,158.88205123602177,0.9318087367291299,0.11698014924991489,0.29428406858554895,OAS1_0012_MR1_mpr-2_anon,noise,high
0.0899246409535408,0.15026754140853882,0.023586014285683632,0.5738030672073364,2.4361486434936523,0.14944159984588623,0.01276300847530365,0.14944159984588623,153.84120806525738,0.9372451798214292,0.6252977434747776,0.6602987149240249,OAS1_0012_MR1_mpr-2_anon,bias,low
0.08964662253856659,0.1498986780643463,0.023450534790754318,0.5731037855148315,2.4364378452301025,0.14925731718540192,0.012730232439935207,0.14925731718540192,153.1304268631281,0.9371974112736465,0.6252965498849785,0.660141326293427,OAS1_0012_MR1_mpr-2_anon,bias,medium
0.08893904089927673,0.14896683394908905,0.02313859947025776,0.5718254446983337,2.4352071285247803,0.14846815168857574,0.012609736993908882,0.14846815168857574,151.21409194048715,0.9371473162689381,0.6252952555721591,0.6601016621840111,OAS1_0012_MR1_mpr-2_anon,bias,high
0.42832452058792114,0.08847266435623169,0.007882025092840195,4.86815071105957,2.9741246700286865,0.10486870259046555,0.004459856543689966,0.10486870259046555,54.54204388786765,0.9457048301006329,0.5054594204422431,0.5978343153832646,OAS1_0012_MR1_mpr-2_anon,motion,low
0.46337568759918213,0.08526882529258728,0.007295399904251099,5.447304725646973,2.939478635787964,0.10523117333650589,0.0041021928191185,0.10523117333650589,53.42565175972733,0.9436832964308071,0.5061511364561639,0.5973964430786647,OAS1_0012_MR1_mpr-2_anon,motion,medium
0.47280147671699524,0.08521528542041779,0.00729804951697588,5.582128524780273,2.945061683654785,0.11503101140260696,0.004066812340170145,0.11503101140260696,58.96825070848652,0.9377897022367481,0.5041060034421332,0.5871302383598602,OAS1_0012_MR1_mpr-2_anon,motion,high
0.09248682856559753,0.15024031698703766,0.02361505851149559,0.5909048318862915,2.468355655670166,0.14426739513874054,0.011589402332901955,0.14426739513874054,133.40746543734684,0.9433247646063052,0.6156961621489552,0.6517519821066335,OAS1_0012_MR1_mpr-3_anon,original,none
0.1240784302353859,0.18884119391441345,0.03693621605634689,0.6314817667007446,2.676788568496704,0.11766171455383301,0.00047745805932208896,0.11766171455383301,36.34863113702512,0.9905516226121189,0.5925958632142294,0.6886746851748502,OAS1_0012_MR1_mpr-3_anon,blur,low
0.1431640088558197,0.2062043994665146,0.04368231073021889,0.6703864336013794,2.822662830352783,0.09135159850120544,8.304585935547948e-05,0.09135159850120544,18.164891620710783,0.9967483805275369,0.5703911428129675,0.6908909264251641,OAS1_0012_MR1_mpr-3_anon,blur,medium
0.17262046039104462,0.23392072319984436,0.05603034794330597,0.7151961326599121,3.02667236328125,0.0731782466173172,1.7798933185986243e-05,0.0731782466173172,10.024377561083028,0.9986716155964772,0.5348230920230934,0.6815151362877694,OAS1_0012_MR1_mpr-3_anon,blur,high
0.09436076879501343,0.14927814900875092,0.023316174745559692,0.6107335686683655,2.842521905899048,0.1482534408569336,0.011629655957221985,0.1482534408569336,133.81332265816485,0.9428798303560779,0.38590891591050824,0.5344378147770219,OAS1_0012_MR1_mpr-3_anon,noise,low
0.09618088603019714,0.14823690056800842,0.022992094978690147,0.6308295130729675,3.2082996368408203,0.15224623680114746,0.01178506389260292,0.15224623680114746,134.62566576191023,0.9415783360020781,0.2089190741052747,0.40956773677950126,OAS1_0012_MR1_mpr-3_anon,noise,medium
0.09986096620559692,0.14620399475097656,0.022363748401403427,0.671690821647644,3.5602457523345947,0.16059592366218567,0.012509379535913467,0.16059592366218567,138.8068662157246,0.9377105053461028,0.11204404823599323,0.2858910678874371,OAS1_0012_MR1_mpr-3_anon,noise,high
0.09202155470848083,0.14955341815948486,0.023361746221780777,0.5904191732406616,2.4849181175231934,0.14386725425720215,0.01151629164814949,0.14386725425720215,132.2107101141238,0.9432191522901024,0.6156889163257665,0.651587923285381,OAS1_0012_MR1_mpr-3_anon,bias,low
0.0914059430360794,0.14866138994693756,0.023053035140037537,0.5897667407989502,2.483806848526001,0.14322537183761597,0.011415228247642517,0.14322537183761597,130.72592940984993,0.9431202739558098,0.6156878412032298,0.6515545168217817,OAS1_0012_MR1_mpr-3_anon,bias,medium
0.09032116830348969,0.14715319871902466,0.022552110254764557,0.5885413885116577,2.4809699058532715,0.1420040726661682,0.011240286752581596,0.1420040726661682,128.24841356464464,0.9429972203397818,0.6156871724567003,0.6516314872352322,OAS1_0012_MR1_mpr-3_anon,bias,high
0.43322238326072693,0.09056135267019272,0.008256101980805397,4.811335563659668,3.0469512939453125,0.103017158806324,0.004230401944369078,0.103017158806324,49.30040761910233,0.9532867375656828,0.4920856297209365,0.5863243039652287,OAS1_0012_MR1_mpr-3_anon,motion,low
0.4585334062576294,0.08708125352859497,0.0076102763414382935,5.276363372802734,3.005227565765381,0.10337792336940765,0.0038567122537642717,0.10337792336940765,48.35446585860907,0.9510899596673583,0.49335756720294294,0.5865320524284904,OAS1_0012_MR1_mpr-3_anon,motion,medium
0.46229004859924316,0.08662477880716324,0.007535560522228479,5.360070705413818,3.010225534439087,0.11374951899051666,0.003782843705266714,0.11374951899051666,53.87968486711091,0.9450008251994437,0.49121121386938965,0.5764778903802631,OAS1_0012_MR1_mpr-3_anon,motion,high
0.09154263883829117,0.15223753452301025,0.02418231964111328,0.5764517784118652,2.426581859588623,0.1502310335636139,0.012629374861717224,0.1502310335636139,152.38977720971204,0.9384313278840796,0.6253964216154335,0.6599614725104621,OAS1_0012_MR1_mpr-4_anon,original,none
0.12316577136516571,0.19118106365203857,0.037900201976299286,0.6193661093711853,2.625459671020508,0.12134154140949249,0.0005787594127468765,0.12134154140949249,41.29861892999388,0.9897194188169008,0.6027427767331142,0.6968826364405524,OAS1_0012_MR1_mpr-4_anon,blur,low
0.14102046191692352,0.20691145956516266,0.04390925168991089,0.6593832969665527,2.7682342529296875,0.09197965264320374,9.029826469486579e-05,0.09197965264320374,18.911084941789216,0.996650958017166,0.5807867442922614,0.6973526642377864,OAS1_0012_MR1_mpr-4_anon,blur,medium
0.17157873511314392,0.2363409548997879,0.05718544125556946,0.704293966293335,2.976106882095337,0.07347871363162994,1.8907341654994525e-05,0.07347871363162994,10.294151994293813,0.9986648477045613,0.5453852647447153,0.6862634105497045,OAS1_0012_MR1_mpr-4_anon,blur,high
0.09338697791099548,0.15123513340950012,0.02386699803173542,0.5959242582321167,2.7967681884765625,0.15417034924030304,0.012655905447900295,0.15417034924030304,152.67602467256432,0.9379558345474931,0.39710189011242114,0.5435901657998548,OAS1_0012_MR1_mpr-4_anon,noise,low
0.09514136612415314,0.15013107657432556,0.02351921796798706,0.6156400442123413,3.1680355072021484,0.15806737542152405,0.012785904109477997,0.15806737542152405,153.21672243604473,0.9366683124199353,0.214158284668543,0.416271109283989,OAS1_0012_MR1_mpr-4_anon,noise,medium
0.09892831742763519,0.1482800841331482,0.02294517681002617,0.6556888818740845,3.525827169418335,0.16651766002178192,0.013498444110155106,0.16651766002178192,157.4302584779029,0.9328315351307832,0.1149782573392801,0.2906798399528495,OAS1_0012_MR1_mpr-4_anon,noise,high
0.0915018692612648,0.1521753966808319,0.024146007373929024,0.5758739709854126,2.4425125122070312,0.1504831612110138,0.012672370299696922,0.1504831612110138,152.44787382238053,0.9383603335304525,0.6253895672737797,0.6597278195438994,OAS1_0012_MR1_mpr-4_anon,bias,low
0.0911177396774292,0.15165157616138458,0.02396000176668167,0.5751399993896484,2.442427396774292,0.15014290809631348,0.012622928246855736,0.15014290809631348,151.4387025122549,0.9382970830429732,0.6253885138618089,0.6596389990788469,OAS1_0012_MR1_mpr-4_anon,bias,medium
0.09017553180456161,0.15037138760089874,0.023537972941994667,0.5738098621368408,2.4403228759765625,0.1490049511194229,0.012464149855077267,0.1490049511194229,148.94463345396753,0.9382250018250871,0.6253879036820102,0.6596883913930907,OAS1_0012_MR1_mpr-4_anon,bias,high
0.4379482567310333,0.089439257979393,0.008047282695770264,4.921844482421875,2.9826533794403076,0.10549496859312057,0.004414013121277094,0.10549496859312057,54.01818608302696,0.9475487685136605,0.5056383627610981,0.5969226447866346,OAS1_0012_MR1_mpr-4_anon,motion,low
0.46508243680000305,0.08615674823522568,0.007448234595358372,5.411373138427734,2.942955493927002,0.10540720820426941,0.004045025911182165,0.10540720820426941,52.77182736864277,0.9455511244853172,0.506828149939472,0.5976817056764271,OAS1_0012_MR1_mpr-4_anon,motion,medium
0.4780771732330322,0.08592811226844788,0.007417491637170315,5.595561504364014,2.943619728088379,0.1154293641448021,0.003998943138867617,0.1154293641448021,58.346003035003065,0.9395694195156987,0.5063761867849177,0.5876806940076906,OAS1_0012_MR1_mpr-4_anon,motion,high
0.08425743877887726,0.14228877425193787,0.02113037370145321,0.5663769245147705,2.594541072845459,0.15979842841625214,0.011929657310247421,0.15979842841625214,164.35050120634193,0.9286402889937647,0.588126006884104,0.6306784534486704,OAS1_0013_MR1_mpr-1_anon,original,none
0.11718328297138214,0.1825168877840042,0.03443281352519989,0.6216031312942505,2.7920751571655273,0.13038989901542664,0.0008572915103286505,0.13038989901542664,52.50008473115809,0.9873398739658172,0.5652657671885942,0.6795881423069365,OAS1_0013_MR1_mpr-1_anon,blur,low
0.14682292938232422,0.21318469941616058,0.04685111343860626,0.6674529314041138,2.978574752807617,0.10136011242866516,0.0001324747718172148,0.10136011242866516,22.986404957490812,0.9964269467082502,0.5435167887938086,0.6757391569513502,OAS1_0013_MR1_mpr-1_anon,blur,medium
0.1788499653339386,0.2432326078414917,0.060905758291482925,0.7147023677825928,3.2067019939422607,0.07990889251232147,2.1941905288258567e-05,0.07990889251232147,11.569647097120098,0.9986425723933559,0.5085662949831103,0.6622354606986387,OAS1_0013_MR1_mpr-1_anon,blur,high
0.0862005352973938,0.1413721889257431,0.020876580849289894,0.5895625352859497,2.9256157875061035,0.16373634338378906,0.011953778564929962,0.16373634338378906,164.4789628571155,0.9276382464684584,0.39378839124324416,0.5264406171987874,OAS1_0013_MR1_mpr-1_anon,noise,low
0.08820804953575134,0.14057672023773193,0.020652392879128456,0.6132780313491821,3.277817487716675,0.16789638996124268,0.012179834768176079,0.16789638996124268,165.74172949697459,0.9250995856054739,0.20632656699136695,0.40257304899617397,OAS1_0013_MR1_mpr-1_anon,noise,medium
0.0920964702963829,0.1388992816209793,0.020152945071458817,0.660067081451416,3.595184564590454,0.1763008087873459,0.013118186965584755,0.1763008087873459,170.9873583026961,0.917413085340284,0.11212581951879257,0.2870707154558477,OAS1_0013_MR1_mpr-1_anon,noise,high
0.08385645598173141,0.14162036776542664,0.020915701985359192,0.5665055513381958,2.5929646492004395,0.15953797101974487,0.011906921863555908,0.15953797101974487,163.3363477519914,0.9283805399697135,0.5881252488963984,0.6306223745680806,OAS1_0013_MR1_mpr-1_anon,bias,low
0.08330808579921722,0.14073611795902252,0.020641455426812172,0.56646728515625,2.590632200241089,0.15897829830646515,0.011847945861518383,0.15897829830646515,161.84216811236217,0.9281552426513864,0.5881249974947755,0.630637005164181,OAS1_0013_MR1_mpr-1_anon,bias,medium
0.08226446062326431,0.13911527395248413,0.02014927938580513,0.5661536455154419,2.586266040802002,0.1576668620109558,0.011701400391757488,0.1576668620109558,158.85005122166055,0.9278591887721694,0.5881247760685174,0.6308770812559992,OAS1_0013_MR1_mpr-1_anon,bias,high
0.4405173659324646,0.08769170939922333,0.00776289077475667,5.034432411193848,3.0726442337036133,0.11455471813678741,0.004155988339334726,0.11455471813678741,59.93232326133578,0.9399985451057103,0.4767911354459725,0.5758144670879499,OAS1_0013_MR1_mpr-1_anon,motion,low
0.4702723026275635,0.08476051688194275,0.007259889505803585,5.55377197265625,3.018155336380005,0.11222735047340393,0.00380053767003119,0.11222735047340393,57.25546013327207,0.9389138417383205,0.4837088509613306,0.5826618716933002,OAS1_0013_MR1_mpr-1_anon,motion,medium
0.46581950783729553,0.08260606229305267,0.006906131748110056,5.655811786651611,2.991333484649658,0.11928454041481018,0.0036661126650869846,0.11928454041481018,60.40449099073223,0.9319302283909106,0.48498675631767996,0.5771016790298416,OAS1_0013_MR1_mpr-1_anon,motion,high
0.08479548990726471,0.14261490106582642,0.02126143127679825,0.5679605007171631,2.6009182929992676,0.16031284630298615,0.012042619287967682,0.16031284630298615,165.00287439682904,0.9285487828905155,0.5870298823285345,0.6296245771579216,OAS1_0013_MR1_mpr-2_anon,original,none
0.11830833554267883,0.18356573581695557,0.034899428486824036,0.6230804920196533,2.8007314205169678,0.1312132477760315,0.0008618875872343779,0.1312132477760315,53.057124837239584,0.9873797066147898,0.5641040954549463,0.6784777260767942,OAS1_0013_MR1_mpr-2_anon,blur,low
0.14744341373443604,0.2133033573627472,0.04700128361582756,0.6691028475761414,2.9852633476257324,0.10150042176246643,0.00013256078818812966,0.10150042176246643,23.030591059666055,0.9964386743012068,0.542391670796188,0.6749126550053939,OAS1_0013_MR1_mpr-2_anon,blur,medium
0.1794440746307373,0.24356240034103394,0.061019010841846466,0.7163492441177368,3.2130274772644043,0.07985207438468933,2.1801437469548546e-05,0.07985207438468933,11.527978276271448,0.9986500593720489,0.5074724364494002,0.6615583166178121,OAS1_0013_MR1_mpr-2_anon,blur,high
0.0867065042257309,0.1416991949081421,0.021007375791668892,0.5911997556686401,2.9321045875549316,0.16419947147369385,0.012073174118995667,0.16419947147369385,165.19899303959863,0.9275185600277387,0.39112671448277614,0.5250301613700455,OAS1_0013_MR1_mpr-2_anon,noise,low
0.08867283165454865,0.1409052610397339,0.020777251571416855,0.6149543523788452,3.283353328704834,0.16831161081790924,0.012289589270949364,0.16831161081790924,166.4509103812423,0.9249804421510953,0.20521646160684692,0.4014384765389576,OAS1_0013_MR1_mpr-2_anon,noise,medium
0.09234485030174255,0.1390196979045868,0.020232632756233215,0.6617721915245056,3.597257137298584,0.17625567317008972,0.013085437938570976,0.17625567317008972,170.66448136871935,0.9171413933878603,0.11161743741467184,0.28625912879788984,OAS1_0013_MR1_mpr-2_anon,noise,high
0.08436223864555359,0.1419025957584381,0.02103245258331299,0.568115234375,2.5992698669433594,0.15999332070350647,0.012014193460345268,0.15999332070350647,163.87362275965074,0.9282912780165864,0.5870290201326968,0.6296040674751067,OAS1_0013_MR1_mpr-2_anon,bias,low
0.08380472660064697,0.14100632071495056,0.02075415477156639,0.5681021213531494,2.596937656402588,0.15941739082336426,0.01195576786994934,0.15941739082336426,162.37021412568936,0.9280583462993747,0.5870284483655075,0.6296273665440846,OAS1_0013_MR1_mpr-2_anon,bias,medium
0.08278469741344452,0.139434814453125,0.020274071022868156,0.5678246021270752,2.5927584171295166,0.15816044807434082,0.011818861588835716,0.15816044807434082,159.49626440908395,0.927744675327526,0.5870284733063729,0.6298607549095124,OAS1_0013_MR1_mpr-2_anon,bias,high
0.43916213512420654,0.0882013738155365,0.007853967137634754,4.988502502441406,3.078031539916992,0.1152549758553505,0.004269221797585487,0.1152549758553505,60.812140251608454,0.9397895609854023,0.47625718998852007,0.5747862068470765,OAS1_0013_MR1_mpr-2_anon,motion,low
0.47088494896888733,0.08545896410942078,0.007378763519227505,5.515912055969238,3.029914617538452,0.1131787896156311,0.003919793758541346,0.1131787896156311,58.34855382582721,0.9386389497603496,0.4817528496290032,0.5812720025740286,OAS1_0013_MR1_mpr-2_anon,motion,medium
0.4668056070804596,0.08277696371078491,0.006926867179572582,5.655150890350342,2.997061252593994,0.11964975297451019,0.0037348042242228985,0.11964975297451019,60.87370413985907,0.9317196304092948,0.4837697813601992,0.5762205404227976,OAS1_0013_MR1_mpr-2_anon,motion,high
0.08364686369895935,0.14078783988952637,0.020708568394184113,0.5683940649032593,2.5879220962524414,0.15654650330543518,0.011396271176636219,0.15654650330543518,157.01128671683517,0.9289529874165773,0.5886286339786839,0.6314833439824279,OAS1_0013_MR1_mpr-3_anon,original,none
0.1181352436542511,0.1830863356590271,0.034795619547367096,0.6231131553649902,2.7910208702087402,0.1304771602153778,0.0008342306828126311,0.1304771602153778,52.141510368795956,0.9873421691763776,0.5657029554681093,0.6793470741480646,OAS1_0013_MR1_mpr-3_anon,blur,low
0.14721833169460297,0.2127610743045807,0.046806275844573975,0.6693058609962463,2.9765233993530273,0.10160142928361893,0.00013168992882128805,0.10160142928361893,22.966284658394606,0.9964207612771467,0.5438426460225891,0.675132474499706,OAS1_0013_MR1_mpr-3_anon,blur,medium
0.17932400107383728,0.24299293756484985,0.0607886016368866,0.7170556783676147,3.204463005065918,0.08015540987253189,2.212237086496316e-05,0.08015540987253189,11.581228458180147,0.9986398168721131,0.5086859308168028,0.6619168038396623,OAS1_0013_MR1_mpr-3_anon,blur,high
0.08555664122104645,0.1399298459291458,0.020473476499319077,0.5916351079940796,2.9136903285980225,0.1604529619216919,0.011437511071562767,0.1604529619216919,157.3629119274663,0.927961908651443,0.3955585165385161,0.5286997802582998,OAS1_0013_MR1_mpr-3_anon,noise,low
0.08742257207632065,0.13903743028640747,0.020219258964061737,0.6154264211654663,3.266054153442383,0.16436132788658142,0.01161690428853035,0.16436132788658142,158.2444683000153,0.9254828094030387,0.2071819968151121,0.40414748115442384,OAS1_0013_MR1_mpr-3_anon,noise,medium
0.09120666980743408,0.13739371299743652,0.019750850275158882,0.6621955633163452,3.5831804275512695,0.17256030440330505,0.012431416660547256,0.17256030440330505,162.91779509899663,0.9180837861129056,0.11263924771518022,0.28822439264168287,OAS1_0013_MR1_mpr-3_anon,noise,high
0.08316531032323837,0.14000600576400757,0.020464487373828888,0.5685144066810608,2.5859336853027344,0.15613919496536255,0.011356154456734657,0.15613919496536255,155.73155326095284,0.9287259497574687,0.5886283175889004,0.6314770160636738,OAS1_0013_MR1_mpr-3_anon,bias,low
0.08257108181715012,0.1390647441148758,0.020176976919174194,0.5684665441513062,2.5834083557128906,0.15550099313259125,0.011289119720458984,0.15550099313259125,154.11541771982232,0.928522964078999,0.5886282040145123,0.6315700894929925,OAS1_0013_MR1_mpr-3_anon,bias,medium
0.08145071566104889,0.13735073804855347,0.019658243283629417,0.5681371092796326,2.578669309616089,0.15406957268714905,0.011127946898341179,0.15406957268714905,150.93133305568324,0.9282599979992965,0.5886285947778734,0.6318396983475175,OAS1_0013_MR1_mpr-3_anon,bias,high
0.439973920583725,0.08781988173723221,0.007775694597512484,5.0237321853637695,3.088616371154785,0.11395466327667236,0.004135276190936565,0.11395466327667236,59.29076765471814,0.9408478994473652,0.47293492629886635,0.5739575763760069,OAS1_0013_MR1_mpr-3_anon,motion,low
0.46946126222610474,0.0848124697804451,0.007264356128871441,5.540760040283203,3.0357799530029297,0.11168047785758972,0.003775565419346094,0.11168047785758972,56.55243733723958,0.9396396445003554,0.47924358199367456,0.5804547307878796,OAS1_0013_MR1_mpr-3_anon,motion,medium
0.46144652366638184,0.08249840140342712,0.006882039830088615,5.617308616638184,3.0005598068237305,0.1186327189207077,0.0036377504002302885,0.1186327189207077,59.69853084788603,0.9327775145040147,0.4823812052941313,0.5755953512978133,OAS1_0013_MR1_mpr-3_anon,motion,high
0.08391684293746948,0.14198032021522522,0.02104809135198593,0.5652468800544739,2.5810346603393555,0.15887895226478577,0.012118533253669739,0.15887895226478577,163.99540895948223,0.9279732240390709,0.5905847798196762,0.633012089760482,OAS1_0013_MR1_mpr-4_anon,original,none
0.11763612180948257,0.1831762194633484,0.034780554473400116,0.6203848719596863,2.781503677368164,0.13085836172103882,0.0008605324546806514,0.13085836172103882,52.67038957184437,0.9873253194732432,0.5677166426232418,0.6806891764898455,OAS1_0013_MR1_mpr-4_anon,blur,low
0.14651668071746826,0.21271687746047974,0.046771660447120667,0.6664806604385376,2.9659650325775146,0.10128532350063324,0.00013241218402981758,0.10128532350063324,22.921907073376225,0.9964281714710266,0.5459545304045506,0.6764188816012517,OAS1_0013_MR1_mpr-4_anon,blur,medium
0.17833584547042847,0.2428409904241562,0.06069089099764824,0.7139047980308533,3.193289041519165,0.07974539697170258,2.18588684219867e-05,0.07974539697170258,11.507889571844363,0.9986432383779806,0.5109130305070676,0.6629887262069322,OAS1_0013_MR1_mpr-4_anon,blur,high
0.08587036281824112,0.14110448956489563,0.02080560103058815,0.5885095596313477,2.911147356033325,0.1628533899784088,0.012149421498179436,0.1628533899784088,164.2237444709329,0.9269725932580025,0.39662496430429656,0.5292035453328643,OAS1_0013_MR1_mpr-4_anon,noise,low
0.0878022164106369,0.14022225141525269,0.020559685304760933,0.6121996641159058,3.264726161956787,0.16688676178455353,0.012339489534497261,0.16688676178455353,165.17918162626378,0.9244836037246843,0.20765462420788292,0.40448426142321603,OAS1_0013_MR1_mpr-4_anon,noise,medium
0.09171155095100403,0.13867443799972534,0.02011687494814396,0.659001886844635,3.5834269523620605,0.1752520501613617,0.013201337307691574,0.1752520501613617,170.10756393133425,0.9169132367770144,0.11279871484314177,0.2881894621256036,OAS1_0013_MR1_mpr-4_anon,noise,high
0.08365476876497269,0.14155040681362152,0.020914766937494278,0.5653517246246338,2.5800867080688477,0.15885993838310242,0.012130111455917358,0.15885993838310242,163.47713120404413,0.9277283451791425,0.5905840550210708,0.6329106228756651,OAS1_0013_MR1_mpr-4_anon,bias,low
0.08314450085163116,0.14073720574378967,0.020666347816586494,0.5652918219566345,2.5779380798339844,0.15835030376911163,0.01207524724304676,0.15835030376911163,162.0768030503217,0.9275061262574515,0.590583708415851,0.6329363470812175,OAS1_0013_MR1_mpr-4_anon,bias,medium
0.0818934440612793,0.13879452645778656,0.020082328468561172,0.5649493932723999,2.572561740875244,0.15663257241249084,0.011863148771226406,0.15663257241249084,158.22863338694856,0.9272197708099803,0.5905841211884999,0.6332980493875404,OAS1_0013_MR1_mpr-4_anon,bias,high
0.43769070506095886,0.0880032628774643,0.007811730727553368,4.974379539489746,3.0703797340393066,0.11475023627281189,0.004306421615183353,0.11475023627281189,60.70276501225491,0.9396203319077695,0.4777779136483497,0.576685773573011,OAS1_0013_MR1_mpr-4_anon,motion,low
0.46879857778549194,0.08526799827814102,0.0073431567288935184,5.5020751953125,3.014073610305786,0.11279505491256714,0.003962767776101828,0.11279505491256714,58.32456150428921,0.9384363717818482,0.48515834808916736,0.5835534291722793,OAS1_0013_MR1_mpr-4_anon,motion,medium
0.46753978729248047,0.08309192955493927,0.006985987536609173,5.6424760818481445,2.9892263412475586,0.12002110481262207,0.003824162296950817,0.12002110481262207,61.56936011220895,0.9314831206776744,0.4863399337971436,0.5775190443373637,OAS1_0013_MR1_mpr-4_anon,motion,high
0.07238523662090302,0.12916767597198486,0.017516344785690308,0.5323407649993896,2.313375473022461,0.11951775848865509,0.00808117538690567,0.11951775848865509,106.57438318589155,0.937374339824949,0.6367939675827016,0.6790587168951125,OAS1_0014_MR1_mpr-1_anon,original,none
0.10273014008998871,0.17210984230041504,0.030816983431577682,0.5742954611778259,2.4893815517425537,0.10111300647258759,0.0005327304825186729,0.10111300647258759,34.96850107230392,0.9887631422576525,0.6165225981664171,0.7259085911091827,OAS1_0014_MR1_mpr-1_anon,blur,low
0.13397783041000366,0.21182557940483093,0.04648388922214508,0.6112849116325378,2.6892290115356445,0.08463317155838013,0.0001000769916572608,0.08463317155838013,18.099899950214457,0.9968621658482488,0.5955761753353922,0.7173421713374413,OAS1_0014_MR1_mpr-1_anon,blur,medium
0.16670572757720947,0.25041893124580383,0.06447999179363251,0.6460760235786438,2.9276511669158936,0.06691235303878784,1.8064982214127667e-05,0.06691235303878784,9.128484748391545,0.9989317805464535,0.5622245940854106,0.703015557724999,OAS1_0014_MR1_mpr-1_anon,blur,high
0.07392453402280807,0.12843888998031616,0.017323795706033707,0.5524753332138062,2.53908634185791,0.12279674410820007,0.00810486264526844,0.12279674410820007,106.79165481866576,0.9368868814520641,0.5056235234390236,0.6128668192056524,OAS1_0014_MR1_mpr-1_anon,noise,low
0.0754704475402832,0.12770017981529236,0.01712866872549057,0.5729495882987976,2.933784008026123,0.12617328763008118,0.00821351632475853,0.12617328763008118,107.49025400199142,0.9353776557738873,0.2581020536723936,0.4679324457770828,OAS1_0014_MR1_mpr-1_anon,noise,medium
0.07851316779851913,0.12617726624011993,0.016719184815883636,0.6140519976615906,3.282592296600342,0.1330982744693756,0.008657705038785934,0.1330982744693756,110.06519942938112,0.9309038958920397,0.14309139932915593,0.34143080013242766,OAS1_0014_MR1_mpr-1_anon,noise,high
0.07200239598751068,0.1283549964427948,0.017297906801104546,0.53243088722229,2.3118062019348145,0.11926089227199554,0.008050680160522461,0.11926089227199554,105.71171707452514,0.9372310707490913,0.6367924250039173,0.6790252902667031,OAS1_0014_MR1_mpr-1_anon,bias,low
0.07152535021305084,0.1274351179599762,0.017055470496416092,0.5323458909988403,2.3099024295806885,0.11883722245693207,0.008005518466234207,0.11883722245693207,104.67887800628066,0.9370999992895727,0.6367915287727862,0.6790899874968538,OAS1_0014_MR1_mpr-1_anon,bias,medium
0.07055790722370148,0.12574832141399384,0.016613516956567764,0.5319472551345825,2.306036949157715,0.117754265666008,0.007886112667620182,0.117754265666008,102.49632544424021,0.9369359951011311,0.6367910633249649,0.679414829735142,OAS1_0014_MR1_mpr-1_anon,bias,high
0.42812198400497437,0.08135370910167694,0.006715962663292885,5.354330062866211,2.826169013977051,0.09084130823612213,0.0032908953726291656,0.09084130823612213,44.38206356272978,0.9489579658530929,0.5187569481938095,0.6210697103078013,OAS1_0014_MR1_mpr-1_anon,motion,low
0.45877864956855774,0.07524265348911285,0.005732635501772165,6.136613845825195,2.7564120292663574,0.08851191401481628,0.0027808595914393663,0.08851191401481628,39.89517582912071,0.9454175924325678,0.5276621366485048,0.6295191449319392,OAS1_0014_MR1_mpr-1_anon,motion,medium
0.45041361451148987,0.07494974136352539,0.005659937392920256,6.028072834014893,2.7578248977661133,0.0966857448220253,0.002786679659038782,0.0966857448220253,44.73807947495404,0.9386334104629812,0.5251615149555074,0.6202067198789862,OAS1_0014_MR1_mpr-1_anon,motion,high
0.07296250760555267,0.13020366430282593,0.01781434565782547,0.532105028629303,2.3138933181762695,0.12009817361831665,0.00817310530692339,0.12009817361831665,107.33520675359989,0.9381523279266084,0.6372246863177193,0.6793919638819136,OAS1_0014_MR1_mpr-2_anon,original,none
0.10346590727567673,0.17333024740219116,0.03126034140586853,0.5738451480865479,2.490058660507202,0.10147680342197418,0.0005391346057876945,0.10147680342197418,35.213306860830265,0.9888575292333772,0.6169141456729781,0.7259591874437207,OAS1_0014_MR1_mpr-2_anon,blur,low
0.1342175006866455,0.21239538490772247,0.04678526520729065,0.6105970740318298,2.6877174377441406,0.08456145226955414,9.990969556383789e-05,0.08456145226955414,18.095337153416054,0.9968816372294205,0.5960012311275869,0.7177635346514695,OAS1_0014_MR1_mpr-2_anon,blur,medium
0.1664065271615982,0.2503538131713867,0.0644623264670372,0.6451183557510376,2.9246363639831543,0.06666668504476547,1.7937520169653e-05,0.06666668504476547,9.077849025352329,0.9989367239232401,0.5627531466989922,0.7035110277177156,OAS1_0014_MR1_mpr-2_anon,blur,high
0.07450973242521286,0.129445880651474,0.01761201024055481,0.5522825717926025,2.5457334518432617,0.12340007722377777,0.008196918293833733,0.12340007722377777,107.53920814663758,0.9376546372571966,0.5023900420458283,0.6111518736568882,OAS1_0014_MR1_mpr-2_anon,noise,low
0.07610803842544556,0.12877100706100464,0.017432359978556633,0.5727250576019287,2.940340995788574,0.12687981128692627,0.008311847224831581,0.12687981128692627,108.32941858628217,0.9361191079742216,0.2565261870622058,0.4662562104692004,OAS1_0014_MR1_mpr-2_anon,noise,medium
0.07925198972225189,0.1273346096277237,0.017045926302671432,0.6139760613441467,3.290147066116333,0.13393497467041016,0.008781887590885162,0.13393497467041016,111.10661537320007,0.9316514294802603,0.14204288494649933,0.33984778837452334,OAS1_0014_MR1_mpr-2_anon,noise,high
0.07248599827289581,0.1292283982038498,0.017548559233546257,0.5322145223617554,2.311947822570801,0.11970968544483185,0.008129732683300972,0.11970968544483185,106.27942636527268,0.9379985426687707,0.6372236214642907,0.6793975601085691,OAS1_0014_MR1_mpr-2_anon,bias,low
0.07176762819290161,0.1279212236404419,0.017190873622894287,0.5321476459503174,2.308901786804199,0.11890341341495514,0.008033299818634987,0.11890341341495514,104.55923473881741,0.937856879269432,0.6372228218042342,0.6795936580351467,OAS1_0014_MR1_mpr-2_anon,bias,medium
0.0704931914806366,0.12574510276317596,0.016603857278823853,0.5317741632461548,2.303619146347046,0.11734701693058014,0.007850934751331806,0.11734701693058014,101.52887321920957,0.9376830397457343,0.6372228990757804,0.6800105493197031,OAS1_0014_MR1_mpr-2_anon,bias,high
0.42724865674972534,0.08145037293434143,0.00673337746411562,5.327566146850586,2.8244121074676514,0.09060794115066528,0.003278410527855158,0.09060794115066528,44.03235796760111,0.9495405549962079,0.5192063177911324,0.6216208965742411,OAS1_0014_MR1_mpr-2_anon,motion,low
0.4615841209888458,0.07563242316246033,0.005799205042421818,6.135890960693359,2.7587900161743164,0.08867610991001129,0.0027915136888623238,0.08867610991001129,39.92551389208027,0.9459392527939512,0.5276065702257835,0.629429938668272,OAS1_0014_MR1_mpr-2_anon,motion,medium
0.44608813524246216,0.07521266490221024,0.005700758658349514,5.948239803314209,2.7545437812805176,0.09682735055685043,0.0027897185645997524,0.09682735055685043,44.70711286956189,0.9391235955829286,0.5265184246163388,0.6208174004420048,OAS1_0014_MR1_mpr-2_anon,motion,high
0.07285642623901367,0.12984305620193481,0.017707377672195435,0.5326486825942993,2.315809726715088,0.12019554525613785,0.008202746510505676,0.12019554525613785,107.08080791398592,0.9388356377381613,0.636729918552222,0.6788646693973033,OAS1_0014_MR1_mpr-3_anon,original,none
0.10382223129272461,0.17367184162139893,0.031386084854602814,0.5744225978851318,2.493940830230713,0.10196350514888763,0.0005443313857540488,0.10196350514888763,35.434213675704655,0.9888625127593679,0.6164296856140439,0.725298035452043,OAS1_0014_MR1_mpr-3_anon,blur,low
0.13379330933094025,0.2114110141992569,0.04637330770492554,0.6113512516021729,2.6891584396362305,0.08448289334774017,9.954842971637845e-05,0.08448289334774017,18.071602136948528,0.9968501566841863,0.5954999188197665,0.7175398043246637,OAS1_0014_MR1_mpr-3_anon,blur,medium
0.1664390116930008,0.2497435063123703,0.06422997266054153,0.6462357044219971,2.927381992340088,0.06681343913078308,1.8033771993941627e-05,0.06681343913078308,9.12773198146446,0.9989261929152793,0.5621912034061731,0.7031537926211279,OAS1_0014_MR1_mpr-3_anon,blur,high
0.07436370849609375,0.12904241681098938,0.017493335530161858,0.5526834726333618,2.5449934005737305,0.12343359738588333,0.008218268863856792,0.12343359738588333,107.18222668217679,0.9383461080463499,0.5036234920797873,0.6114660478233023,OAS1_0014_MR1_mpr-3_anon,noise,low
0.07589909434318542,0.12829090654850006,0.017290644347667694,0.5730381011962891,2.93912410736084,0.12680792808532715,0.008325152099132538,0.12680792808532715,107.8503298291973,0.9368538119527416,0.2571709981743078,0.4668245875675996,OAS1_0014_MR1_mpr-3_anon,noise,medium
0.07906068861484528,0.12691062688827515,0.016923340037465096,0.614059567451477,3.2893593311309814,0.1338757574558258,0.008799887262284756,0.1338757574558258,110.69047013825062,0.932360638485354,0.14228577359895533,0.34028016400609196,OAS1_0014_MR1_mpr-3_anon,noise,high
0.07238438725471497,0.12891431152820587,0.017450319603085518,0.5327526330947876,2.3138890266418457,0.11981430649757385,0.008157819509506226,0.11981430649757385,105.98329766965382,0.9386813381498145,0.6367287911369299,0.6788529713837851,OAS1_0014_MR1_mpr-3_anon,bias,low
0.07164406031370163,0.1275939643383026,0.01708827167749405,0.5326789617538452,2.310763120651245,0.11896823346614838,0.008056512102484703,0.11896823346614838,104.18185317095589,0.9385481496909144,0.6367283641770165,0.6790476472675344,OAS1_0014_MR1_mpr-3_anon,bias,medium
0.07030214369297028,0.1253489851951599,0.01648334227502346,0.5322930216789246,2.3051235675811768,0.1172829419374466,0.007858233526349068,0.1172829419374466,100.92637029909622,0.938375964367355,0.636729260551281,0.6795566540479339,OAS1_0014_MR1_mpr-3_anon,bias,high
0.4277370572090149,0.08170594274997711,0.006770985201001167,5.322136878967285,2.8302464485168457,0.09107537567615509,0.0033202539198100567,0.09107537567615509,44.246338848039215,0.9494881392204284,0.5183999977398286,0.6204477581267552,OAS1_0014_MR1_mpr-3_anon,motion,low
0.45862075686454773,0.0754433125257492,0.00576423667371273,6.109113693237305,2.7596592903137207,0.0887044221162796,0.002798574510961771,0.0887044221162796,39.78051326976103,0.9457952288492251,0.527131236266764,0.6287517991799076,OAS1_0014_MR1_mpr-3_anon,motion,medium
0.4469956159591675,0.07542777061462402,0.005740501917898655,5.939906597137451,2.761333703994751,0.09717748314142227,0.0028126463294029236,0.09717748314142227,44.784553079044116,0.9390516338710528,0.5250067640769838,0.6194693937451446,OAS1_0014_MR1_mpr-3_anon,motion,high
0.07275885343551636,0.1296287178993225,0.017637332901358604,0.5332546830177307,2.3136560916900635,0.11959240585565567,0.008103275671601295,0.11959240585565567,106.05742881625308,0.9386798267058607,0.6370260515459819,0.6790704103068008,OAS1_0014_MR1_mpr-4_anon,original,none
0.10382187366485596,0.17357170581817627,0.03132985159754753,0.5748172998428345,2.4920506477355957,0.10186289995908737,0.0005394537001848221,0.10186289995908737,35.27731143727022,0.9889484793220066,0.6167241960840284,0.7253021279324323,OAS1_0014_MR1_mpr-4_anon,blur,low
0.13458603620529175,0.2125093638896942,0.04685627669095993,0.6115893125534058,2.6894991397857666,0.08497452735900879,0.00010062534420285374,0.08497452735900879,18.248856608072913,0.9968690647824914,0.5957376546876454,0.7169524551651979,OAS1_0014_MR1_mpr-4_anon,blur,medium
0.16678668558597565,0.25021570920944214,0.06446649134159088,0.6464574337005615,2.925832509994507,0.06697370111942291,1.810153480619192e-05,0.06697370111942291,9.15268674364277,0.9989269881605294,0.5624358408398351,0.7026757063652549,OAS1_0014_MR1_mpr-4_anon,blur,high
0.07433035969734192,0.12892183661460876,0.01744941622018814,0.5534043908119202,2.5448474884033203,0.12293679267168045,0.008132239803671837,0.12293679267168045,106.33672832414217,0.9381927991188892,0.5027203964738658,0.6111723058977094,OAS1_0014_MR1_mpr-4_anon,noise,low
0.07585255801677704,0.12812751531600952,0.01723901927471161,0.5738198161125183,2.9380974769592285,0.12628231942653656,0.008233020082116127,0.12628231942653656,106.93735961914062,0.9366915846185776,0.25711140555608913,0.4667578029995431,OAS1_0014_MR1_mpr-4_anon,noise,medium
0.07903270423412323,0.12675943970680237,0.01687871851027012,0.6149243116378784,3.2885494232177734,0.13339626789093018,0.008706621825695038,0.13339626789093018,109.79722313974419,0.9322356029367765,0.1423102086421795,0.3401628581173523,OAS1_0014_MR1_mpr-4_anon,noise,high
0.07237116992473602,0.12882569432258606,0.0174200888723135,0.5333675146102905,2.312075614929199,0.1193445473909378,0.008075282908976078,0.1193445473909378,105.20022259880517,0.9385366077056083,0.6370245612941738,0.6790688535837739,OAS1_0014_MR1_mpr-4_anon,bias,low
0.07173079252243042,0.12767323851585388,0.017105530947446823,0.5333013534545898,2.3093791007995605,0.11866631358861923,0.007993649691343307,0.11866631358861923,103.67543107575064,0.9383999919174284,0.6370239343140189,0.6792435479820467,OAS1_0014_MR1_mpr-4_anon,bias,medium
0.07039396464824677,0.1254262626171112,0.016499150544404984,0.532925009727478,2.3037452697753906,0.11699806153774261,0.007794949691742659,0.11699806153774261,100.45341318167893,0.9382353388056965,0.6370244030977505,0.6797190661243224,OAS1_0014_MR1_mpr-4_anon,bias,high
0.4258877635002136,0.08156804740428925,0.006746619939804077,5.302328109741211,2.829908609390259,0.09053751826286316,0.003271048190072179,0.09053751826286316,43.76754772709866,0.9497837225560214,0.518146076979524,0.6205625407055755,OAS1_0014_MR1_mpr-4_anon,motion,low
0.4563443958759308,0.07516032457351685,0.005720687098801136,6.095969200134277,2.754807233810425,0.08808127045631409,0.0027503108140081167,0.08808127045631409,39.24675316904106,0.9460965628235192,0.5280846746965536,0.6293715862668512,OAS1_0014_MR1_mpr-4_anon,motion,medium
0.4470006823539734,0.07532258331775665,0.005723296198993921,5.946803092956543,2.762077808380127,0.09682749211788177,0.002785773715004325,0.09682749211788177,44.53286946614584,0.9393487113111827,0.5246935573085263,0.6196235222601065,OAS1_0014_MR1_mpr-4_anon,motion,high
0.08166562020778656,0.1473778337240219,0.02211015671491623,0.5405426621437073,2.371347665786743,0.1469428539276123,0.012000266462564468,0.1469428539276123,164.98143202837775,0.937981880501447,0.6383078609274397,0.6711063651128709,OAS1_0015_MR1_mpr-1_anon,original,none
0.1036689430475235,0.17329837381839752,0.030575959011912346,0.5843950510025024,2.549964189529419,0.11629854142665863,0.000617032463196665,0.11629854142665863,51.43638975854014,0.9864159967009792,0.6161257578512287,0.7028001337299303,OAS1_0015_MR1_mpr-1_anon,blur,low
0.1256658136844635,0.19548466801643372,0.03875702992081642,0.6309240460395813,2.711860418319702,0.09484127163887024,0.00011394796456443146,0.09484127163887024,25.9766663794424,0.994850305677035,0.5945476960049704,0.6965785790567821,OAS1_0015_MR1_mpr-1_anon,blur,medium
0.16094818711280823,0.2303118258714676,0.053650952875614166,0.6874784231185913,2.9407615661621094,0.08073912560939789,2.5386587367393076e-05,0.08073912560939789,15.019220090379903,0.9978967554875149,0.5593522255169499,0.6792834558209802,OAS1_0015_MR1_mpr-1_anon,blur,high
0.0833100825548172,0.14653167128562927,0.021857962012290955,0.5555902719497681,2.6530160903930664,0.15045702457427979,0.012011944316327572,0.15045702457427979,165.20038679534315,0.9377343058932541,0.4672231669222831,0.5853033355928092,OAS1_0015_MR1_mpr-1_anon,noise,low
0.08493578433990479,0.14565934240818024,0.021596759557724,0.5708075761795044,3.0459651947021484,0.15400570631027222,0.012119465507566929,0.15400570631027222,165.75804347617952,0.9368430799795893,0.24222247663837992,0.4463289257513069,OAS1_0015_MR1_mpr-1_anon,noise,medium
0.08820609003305435,0.14390632510185242,0.02107958495616913,0.6017705202102661,3.4183788299560547,0.16133654117584229,0.012614217586815357,0.16133654117584229,168.49097302006743,0.9343503301700447,0.1321044515983103,0.31856413921368254,OAS1_0015_MR1_mpr-1_anon,noise,high
0.08038350939750671,0.14585743844509125,0.021640822291374207,0.5379955172538757,2.3658499717712402,0.1450803577899933,0.011737115681171417,0.1450803577899933,161.38022341260725,0.938047836880798,0.6383085738812893,0.6715762000001173,OAS1_0015_MR1_mpr-1_anon,bias,low
0.07906102389097214,0.14426545798778534,0.02115744724869728,0.5354397892951965,2.360090732574463,0.1430983990430832,0.011463403701782227,0.1430983990430832,157.6016161151961,0.9381206522697829,0.6383095626417574,0.672104441266027,OAS1_0015_MR1_mpr-1_anon,bias,medium
0.0770815908908844,0.1418585181236267,0.020440760999917984,0.5316424369812012,2.351257085800171,0.14004755020141602,0.011053681373596191,0.14004755020141602,151.886427935432,0.938239445824995,0.638311299845217,0.6729333092657928,OAS1_0015_MR1_mpr-1_anon,bias,high
0.4775572419166565,0.08530072867870331,0.007313855923712254,5.630353927612305,2.8662872314453125,0.10080673545598984,0.004024180117994547,0.10080673545598984,55.23380892884497,0.9410417418294859,0.5295255941291397,0.6147644358133132,OAS1_0015_MR1_mpr-1_anon,motion,low
0.45269352197647095,0.08154591917991638,0.006675777491182089,5.581995487213135,2.839533805847168,0.10136392712593079,0.0036562567111104727,0.10136392712593079,53.61631206437653,0.9378421129041007,0.5291720199911324,0.6140235588453714,OAS1_0015_MR1_mpr-1_anon,motion,medium
0.4568626284599304,0.07936695963144302,0.006334974430501461,5.812032699584961,2.8224074840545654,0.10662710666656494,0.003531599184498191,0.10662710666656494,56.33240715475644,0.9325039989129962,0.5272858120671315,0.6066147186333264,OAS1_0015_MR1_mpr-1_anon,motion,high
0.08282089233398438,0.14789026975631714,0.02224932424724102,0.5456016659736633,2.3969523906707764,0.147944837808609,0.011886918917298317,0.147944837808609,164.1323747223499,0.9384734286381718,0.6338238051508333,0.6670522313103344,OAS1_0015_MR1_mpr-2_anon,original,none
0.1046472042798996,0.17380034923553467,0.030730310827493668,0.5888649225234985,2.575706958770752,0.11649061739444733,0.0005975081585347652,0.11649061739444733,50.69627482096354,0.9866212368741076,0.6114928771040329,0.7003640964020624,OAS1_0015_MR1_mpr-2_anon,blur,low
0.12724439799785614,0.19666138291358948,0.039224766194820404,0.6351721286773682,2.7392876148223877,0.09551720321178436,0.00011290404654573649,0.09551720321178436,26.034045888863357,0.9948960704327333,0.5898650558681761,0.6939299420994949,OAS1_0015_MR1_mpr-2_anon,blur,medium
0.16272971034049988,0.23118898272514343,0.05408984422683716,0.6918932199478149,2.967092990875244,0.08133457601070404,2.5548290068400092e-05,0.08133457601070404,15.124314371744791,0.9979036872963076,0.5548158367706306,0.6770912763508166,OAS1_0015_MR1_mpr-2_anon,blur,high
0.08446934819221497,0.14701756834983826,0.021988118067383766,0.5607501864433289,2.683932304382324,0.15146054327487946,0.011900806799530983,0.15146054327487946,164.35635950425092,0.9382117252133235,0.4581873173319344,0.5787972359110929,OAS1_0015_MR1_mpr-2_anon,noise,low
0.08610667288303375,0.14616288244724274,0.021731099113821983,0.5760442018508911,3.073032855987549,0.15503853559494019,0.012013839557766914,0.15503853559494019,164.94451018688727,0.937313493558814,0.2382811677354675,0.4417750532895627,OAS1_0015_MR1_mpr-2_anon,noise,medium
0.08940298855304718,0.1443827748298645,0.02121049351990223,0.607215940952301,3.4420156478881836,0.16240206360816956,0.012531325221061707,0.16240206360816956,167.78932076248466,0.9347953806591371,0.12975048224287458,0.3148981502438686,OAS1_0015_MR1_mpr-2_anon,noise,high
0.0816439688205719,0.1465892195701599,0.02184799127280712,0.5430529713630676,2.391974687576294,0.14624440670013428,0.011650050058960915,0.14624440670013428,160.8983276367188,0.9385583791592731,0.6338247187849343,0.6674798087469105,OAS1_0015_MR1_mpr-2_anon,bias,low
0.0803200826048851,0.14504331350326538,0.021377958357334137,0.5404917597770691,2.3861794471740723,0.14423924684524536,0.011376328766345978,0.14423924684524536,157.09287564146757,0.9386465962229866,0.6338257502147084,0.6679981460944907,OAS1_0015_MR1_mpr-2_anon,bias,medium
0.07836246490478516,0.14273065328598022,0.020687848329544067,0.5366809368133545,2.3775177001953125,0.14121675491333008,0.010975794866681099,0.14121675491333008,151.49751299689802,0.9387880753010945,0.6338276243875659,0.6688085465051161,OAS1_0015_MR1_mpr-2_anon,bias,high
0.4764096140861511,0.08606214076280594,0.0074466522783041,5.57048225402832,2.89243483543396,0.10124719142913818,0.004014345817267895,0.10124719142913818,55.24392748066023,0.9420235238957961,0.5242742838733219,0.6107273690292503,OAS1_0015_MR1_mpr-2_anon,motion,low
0.45459914207458496,0.08207423985004425,0.006765000056475401,5.573402404785156,2.8697457313537598,0.1018129512667656,0.003623545402660966,0.1018129512667656,53.40133523380055,0.9388491367886092,0.5225835811790611,0.6096904638045535,OAS1_0015_MR1_mpr-2_anon,motion,medium
0.46011531352996826,0.079925037920475,0.00642413180321455,5.811941146850586,2.84438419342041,0.1072997897863388,0.0034994827583432198,0.1072997897863388,56.22032889571844,0.9334441635336928,0.5229578780694462,0.6024011205732305,OAS1_0015_MR1_mpr-2_anon,motion,high
0.08147437870502472,0.1461116373538971,0.021685775369405746,0.5443086624145508,2.380967855453491,0.14596928656101227,0.011736122891306877,0.14596928656101227,159.8899032293582,0.9387871212635313,0.6359668938786623,0.6691480606006033,OAS1_0015_MR1_mpr-3_anon,original,none
0.10417462885379791,0.1731855720281601,0.03051573783159256,0.5880327224731445,2.5629994869232178,0.11624247580766678,0.0006053675897419453,0.11624247580766678,50.58212376014859,0.9866144795141134,0.6137286397797233,0.7005409029131329,OAS1_0015_MR1_mpr-3_anon,blur,low
0.12661360204219818,0.195875346660614,0.038926221430301666,0.6342839002609253,2.7260489463806152,0.0951027050614357,0.00011268242087680846,0.0951027050614357,25.92262214211857,0.9948875715179271,0.5921209556576174,0.6940611261597033,OAS1_0015_MR1_mpr-3_anon,blur,medium
0.1622556447982788,0.23101769387722015,0.05403173342347145,0.69072026014328,2.955432176589966,0.08112822473049164,2.530544952605851e-05,0.08112822473049164,15.095632635378369,0.997900503403481,0.5569637498350974,0.6770938398429049,OAS1_0015_MR1_mpr-3_anon,blur,high
0.08309870958328247,0.14525273442268372,0.021430758759379387,0.5593886375427246,2.6604068279266357,0.14944937825202942,0.011750997975468636,0.14944937825202942,160.1352286544501,0.9385347502776544,0.4664905419655941,0.5841069298117102,OAS1_0015_MR1_mpr-3_anon,noise,low
0.08476871252059937,0.14444400370121002,0.02119564637541771,0.5746822357177734,3.052731513977051,0.15305933356285095,0.01186300441622734,0.15305933356285095,160.80447244083177,0.9376385042567497,0.24161343589873652,0.44540589197144387,OAS1_0015_MR1_mpr-3_anon,noise,medium
0.08800624310970306,0.1427403688430786,0.02069377526640892,0.6057000160217285,3.4241247177124023,0.1603323519229889,0.012366748414933681,0.1603323519229889,163.54495861577055,0.9351755620716837,0.13167341260457527,0.3179018860427828,OAS1_0015_MR1_mpr-3_anon,noise,high
0.08029507845640182,0.1447921097278595,0.021286606788635254,0.5417234897613525,2.375871181488037,0.14426669478416443,0.011503304354846478,0.14426669478416443,156.74645361806833,0.9388752303514416,0.6359676422259104,0.6696013430486254,OAS1_0015_MR1_mpr-3_anon,bias,low
0.07914510369300842,0.14350296556949615,0.020902151241898537,0.539129376411438,2.370807647705078,0.1425766944885254,0.011277121491730213,0.1425766944885254,153.67714460784316,0.9389717811739277,0.6359687059054372,0.6700409000362229,OAS1_0015_MR1_mpr-3_anon,bias,medium
0.07742485404014587,0.14154180884361267,0.020325521007180214,0.5352752208709717,2.363152027130127,0.13998788595199585,0.010939999483525753,0.13998788595199585,149.06863762350645,0.9391217043627513,0.6359700529184176,0.6707848420926728,OAS1_0015_MR1_mpr-3_anon,bias,high
0.4773455858230591,0.08564922213554382,0.007370665669441223,5.602990627288818,2.8781566619873047,0.10123023390769958,0.004029369913041592,0.10123023390769958,54.943287209903495,0.9419139584240366,0.5275805610352621,0.6120520518153287,OAS1_0015_MR1_mpr-3_anon,motion,low
0.4514666795730591,0.08139461278915405,0.006649546325206757,5.576098918914795,2.853593349456787,0.10134425014257431,0.0036155604757368565,0.10134425014257431,52.68647784064798,0.9387114024491472,0.5259238237219839,0.6115707087962243,OAS1_0015_MR1_mpr-3_anon,motion,medium
0.4551294445991516,0.07903379201889038,0.006278151646256447,5.811939239501953,2.832335948944092,0.10631784796714783,0.0034676354844123125,0.10631784796714783,55.0069164799709,0.9332995759187305,0.5247877907210222,0.6045050422609562,OAS1_0015_MR1_mpr-3_anon,motion,high
0.07334110140800476,0.13083994388580322,0.017627786844968796,0.5379785299301147,2.2776546478271484,0.1348246932029724,0.012628352269530296,0.1348246932029724,147.5825482536765,0.9251945226258536,0.6483136083560639,0.6816974516793086,OAS1_0016_MR1_mpr-1_anon,original,none
0.09430132806301117,0.15613478422164917,0.025011137127876282,0.5832679271697998,2.4371109008789062,0.09895963966846466,0.0005134164821356535,0.09895963966846466,30.51492058249081,0.9888911128401059,0.6269720950200945,0.7214369931944397,OAS1_0016_MR1_mpr-1_anon,blur,low
0.11322972923517227,0.17745356261730194,0.03202880173921585,0.6200095415115356,2.592226982116699,0.07528521865606308,7.511954026995227e-05,0.07528521865606308,12.986035395603555,0.9967967473738351,0.6057805749800407,0.7216841565689014,OAS1_0016_MR1_mpr-1_anon,blur,medium
0.1376996487379074,0.20323720574378967,0.04188568890094757,0.6606395840644836,2.805694341659546,0.06071469187736511,1.3991356354381423e-05,0.06071469187736511,6.961207012101715,0.9987325530935938,0.5716017627450791,0.7121238179534628,OAS1_0016_MR1_mpr-1_anon,blur,high
0.07483550906181335,0.13003604114055634,0.01741255261003971,0.5544862747192383,2.498274326324463,0.1380278468132019,0.012631725519895554,0.1380278468132019,147.67071485332417,0.9249394555674262,0.5233167274920132,0.6190355561145829,OAS1_0016_MR1_mpr-1_anon,noise,low
0.0763583704829216,0.12929069995880127,0.017213506624102592,0.5711970329284668,2.9067108631134033,0.14134135842323303,0.012725151143968105,0.14134135842323303,148.2271204331342,0.9238561238348679,0.2655700317899279,0.47044943230626174,OAS1_0016_MR1_mpr-1_anon,noise,medium
0.07935746014118195,0.12774240970611572,0.01680019311606884,0.6051544547080994,3.2794394493103027,0.14804598689079285,0.013123128563165665,0.14804598689079285,150.35781573127298,0.9209194457300954,0.14688321488204226,0.3419665370193946,OAS1_0016_MR1_mpr-1_anon,noise,high
0.07144354283809662,0.12815362215042114,0.016878996044397354,0.5365695953369141,2.268937110900879,0.13173165917396545,0.012134624645113945,0.13173165917396545,141.13304347617958,0.9251577838765161,0.6483151847630241,0.6824482898304769,OAS1_0016_MR1_mpr-1_anon,bias,low
0.06953857839107513,0.1254587173461914,0.016144907101988792,0.5350484848022461,2.260030746459961,0.1286022961139679,0.011643432080745697,0.1286022961139679,134.80286625880825,0.9251386809588455,0.6483173313587436,0.6832263540076293,OAS1_0016_MR1_mpr-1_anon,bias,medium
0.06703253090381622,0.12195418775081635,0.015222098678350449,0.5326182842254639,2.2481555938720703,0.1244809478521347,0.011023037135601044,0.1244809478521347,126.82336736940871,0.9251385637578855,0.6483207865901784,0.6843960752374474,OAS1_0016_MR1_mpr-1_anon,bias,high
0.42681577801704407,0.07609257102012634,0.005820753984153271,5.642600059509277,2.806485891342163,0.09359804540872574,0.004368843510746956,0.09359804540872574,51.89962708716299,0.9311818812048617,0.5248299729629342,0.6187372053424034,OAS1_0016_MR1_mpr-1_anon,motion,low
0.4442300796508789,0.07219001650810242,0.005244700238108635,6.208906173706055,2.7402515411376953,0.091530442237854,0.003950498998165131,0.091530442237854,48.93246112898285,0.9284401010727475,0.5322467465978951,0.6270216280174117,OAS1_0016_MR1_mpr-1_anon,motion,medium
0.4519084393978119,0.07123253494501114,0.005099922884255648,6.397281646728516,2.7343318462371826,0.09770838916301727,0.0038090154994279146,0.09770838916301727,51.15320590150123,0.9232025068361143,0.531462541278989,0.6193484176118305,OAS1_0016_MR1_mpr-1_anon,motion,high
0.07687605917453766,0.13494223356246948,0.01877797767519951,0.5457223653793335,2.3112192153930664,0.13590873777866364,0.012502770870923996,0.13590873777866364,146.1809120327819,0.9304140801530081,0.6440890478508192,0.6784374065401286,OAS1_0016_MR1_mpr-2_anon,original,none
0.09711252897977829,0.1591394990682602,0.025974204763770103,0.5885713696479797,2.463346481323242,0.09858201444149017,0.0004926639958284795,0.09858201444149017,29.529734173943012,0.9897123033540547,0.6227731307608758,0.7198781091510912,OAS1_0016_MR1_mpr-2_anon,blur,low
0.11609774827957153,0.1806768774986267,0.033223189413547516,0.623668909072876,2.6192169189453125,0.07532396912574768,7.283013837877661e-05,0.07532396912574768,12.708864219515931,0.9969501031660195,0.6015951265392345,0.7200236577780609,OAS1_0016_MR1_mpr-2_anon,blur,medium
0.14061303436756134,0.20657163858413696,0.04333220422267914,0.6628707647323608,2.8344790935516357,0.06074756011366844,1.3900655176257715e-05,0.06074756011366844,6.84187131395527,0.9987905746638905,0.5676181762902497,0.7105644392026249,OAS1_0016_MR1_mpr-2_anon,blur,high
0.07839170843362808,0.13404403626918793,0.018530914559960365,0.5622360706329346,2.5548605918884277,0.13917043805122375,0.012499173171818256,0.13917043805122375,146.16773813285081,0.9301638729948667,0.5017374816922824,0.6071028169807573,OAS1_0016_MR1_mpr-2_anon,noise,low
0.07992774248123169,0.13319560885429382,0.01829615794122219,0.5789564847946167,2.9554460048675537,0.14254912734031677,0.012595918029546738,0.14254912734031677,146.7017973058364,0.9291149318442069,0.25602615073905044,0.46196528853887414,OAS1_0016_MR1_mpr-2_anon,noise,medium
0.08299493789672852,0.13150903582572937,0.01783451996743679,0.61296546459198,3.3232645988464355,0.1494394987821579,0.013024208135902882,0.1494394987821579,148.93742699716609,0.9262573149602318,0.14099547129989484,0.33373310490053243,OAS1_0016_MR1_mpr-2_anon,noise,high
0.0746886283159256,0.13189232349395752,0.01789165288209915,0.5443292260169983,2.301684856414795,0.13249731063842773,0.011963022872805595,0.13249731063842773,139.1472392961091,0.9303452036283955,0.6440910123909129,0.6792805232168346,OAS1_0016_MR1_mpr-2_anon,bias,low
0.0726843923330307,0.12911102175712585,0.01710919477045536,0.5428141951560974,2.292886972427368,0.1293596625328064,0.011483659967780113,0.1293596625328064,132.93468615962013,0.9302939094550863,0.6440928597173069,0.6800774120715487,OAS1_0016_MR1_mpr-2_anon,bias,medium
0.07004216313362122,0.12547680735588074,0.016123488545417786,0.5403786897659302,2.2811145782470703,0.12521328032016754,0.010876160115003586,0.12521328032016754,125.10197658164832,0.930245914465173,0.6440959018751409,0.6813057553179511,OAS1_0016_MR1_mpr-2_anon,bias,high
0.43227630853652954,0.0772341787815094,0.0059998477809131145,5.641753196716309,2.8385307788848877,0.09303680807352066,0.004205859266221523,0.09303680807352066,50.031259574142155,0.936023043641522,0.5186346462221236,0.6159887500468171,OAS1_0016_MR1_mpr-2_anon,motion,low
0.44580695033073425,0.07408840954303741,0.005523263942450285,6.0678277015686035,2.7759206295013428,0.09248961508274078,0.003890205640345812,0.09248961508274078,48.48763044768689,0.9327828773904362,0.5265573973153259,0.6231963707907715,OAS1_0016_MR1_mpr-2_anon,motion,medium
0.4525127112865448,0.07308904081583023,0.0053695132955908775,6.24363899230957,2.766691207885742,0.0991804227232933,0.003756263991817832,0.0991804227232933,51.13875804227941,0.9272830925804569,0.526773763514738,0.6154009716972497,OAS1_0016_MR1_mpr-2_anon,motion,high
0.07827736437320709,0.13538286089897156,0.018859531730413437,0.5556786060333252,2.358273506164551,0.13808801770210266,0.012350931763648987,0.13808801770210266,144.98401573031558,0.9313358229523861,0.6351701713802133,0.6700460321547208,OAS1_0016_MR1_mpr-3_anon,original,none
0.10000753402709961,0.16145214438438416,0.026687823235988617,0.5991238355636597,2.518280506134033,0.1006685197353363,0.0004975958145223558,0.1006685197353363,30.03849834367341,0.9899139604389782,0.6134013184905212,0.7121539008456332,OAS1_0016_MR1_mpr-3_anon,blur,low
0.1194704920053482,0.1829487383365631,0.03402096778154373,0.6343833208084106,2.6750714778900146,0.07684878259897232,7.324139005504549e-05,0.07684878259897232,12.992238961014095,0.9969939400000162,0.5919456684336097,0.7134763776650808,OAS1_0016_MR1_mpr-3_anon,blur,medium
0.1443403959274292,0.20839062333106995,0.04414615035057068,0.6738163828849792,2.8899006843566895,0.061868391931056976,1.3931209650763776e-05,0.061868391931056976,6.98752202052696,0.9987922246812275,0.5576313040790495,0.7044209792765445,OAS1_0016_MR1_mpr-3_anon,blur,high
0.07984630018472672,0.13454784452915192,0.0186292864382267,0.5722506642341614,2.611309051513672,0.14144182205200195,0.012365931645035744,0.14144182205200195,145.18073084214154,0.9310604023739889,0.48531482803281545,0.5949113910471067,OAS1_0016_MR1_mpr-3_anon,noise,low
0.0813337117433548,0.13360294699668884,0.018367482349276543,0.5890012979507446,3.003134250640869,0.14472602307796478,0.012447047978639603,0.14472602307796478,145.4803782743566,0.9300050828788167,0.24909592520903964,0.453646606366162,OAS1_0016_MR1_mpr-3_anon,noise,medium
0.084470734000206,0.13196127116680145,0.01791868731379509,0.6231516599655151,3.366364002227783,0.15176817774772644,0.012915853410959244,0.15176817774772644,148.09516386144304,0.9270794075312973,0.13659553647356554,0.3265290004038265,OAS1_0016_MR1_mpr-3_anon,noise,high
0.07605743408203125,0.13228631019592285,0.017967380583286285,0.554360568523407,2.3484435081481934,0.1346413940191269,0.01182829774916172,0.1346413940191269,138.13452794692097,0.9312118003569655,0.6351719590348448,0.6709273574736017,OAS1_0016_MR1_mpr-3_anon,bias,low
0.07400497794151306,0.1294383406639099,0.01717129349708557,0.5529110431671143,2.3391571044921875,0.1314380168914795,0.011357687413692474,0.1314380168914795,131.99724288641238,0.9311155673634244,0.6351740272318422,0.6717677455346462,OAS1_0016_MR1_mpr-3_anon,bias,medium
0.07128599286079407,0.12568539381027222,0.01615878939628601,0.5505576729774475,2.326700210571289,0.12718409299850464,0.01075737364590168,0.12718409299850464,124.21029722924328,0.9309994652486946,0.6351774553994123,0.6729769487149739,OAS1_0016_MR1_mpr-3_anon,bias,high
0.431765079498291,0.07814325392246246,0.0061383554711937904,5.562125205993652,2.8704674243927,0.09500724822282791,0.004231220111250877,0.09500724822282791,50.486214910769,0.9366722334056282,0.513279293266317,0.6087226664185714,OAS1_0016_MR1_mpr-3_anon,motion,low
0.44257625937461853,0.07474495470523834,0.005621574353426695,5.968399524688721,2.806826591491699,0.09382983297109604,0.003873692126944661,0.09382983297109604,48.54303911994485,0.9337639741571819,0.5207600189912958,0.6170853972490243,OAS1_0016_MR1_mpr-3_anon,motion,medium
0.45199882984161377,0.07361186295747757,0.005442790221422911,6.18065071105957,2.7928757667541504,0.1006467193365097,0.0037368983030319214,0.1006467193365097,51.26006146599265,0.9279326633630101,0.522265702670835,0.609352491743882,OAS1_0016_MR1_mpr-3_anon,motion,high
0.09258891642093658,0.142063170671463,0.02116035483777523,0.6187092065811157,2.622102737426758,0.16758549213409424,0.025758609175682068,0.16758549213409424,232.48395254097738,0.9024783681208761,0.5881913907787031,0.6153981499368177,OAS1_0017_MR1_mpr-1_anon,original,none
0.12555363774299622,0.17721186578273773,0.03295231610536575,0.6788015365600586,2.789858341217041,0.11797866970300674,0.0006482278113253415,0.11797866970300674,39.62793016620711,0.988758338222152,0.5626905163348377,0.6666811055779734,OAS1_0017_MR1_mpr-1_anon,blur,low
0.15483993291854858,0.2069515585899353,0.04499216377735138,0.7186585664749146,2.980273962020874,0.09036199003458023,9.287903958465904e-05,0.09036199003458023,18.551779354319855,0.9967943892590838,0.538471437555115,0.6711357684616499,OAS1_0017_MR1_mpr-1_anon,blur,medium
0.19213779270648956,0.24605774879455566,0.06252873688936234,0.7589282393455505,3.2422375679016113,0.0736561119556427,1.6800733646959998e-05,0.0736561119556427,10.134235696231618,0.9987997828212638,0.5001694069445562,0.653987273586206,OAS1_0017_MR1_mpr-1_anon,blur,high
0.09429527819156647,0.14095091819763184,0.020836465060710907,0.6396887302398682,2.9641714096069336,0.17120754718780518,0.02574082463979721,0.17120754718780518,232.37879363415288,0.9017451987584817,0.36614522875867017,0.5024334884538606,OAS1_0017_MR1_mpr-1_anon,noise,low
0.09601684659719467,0.13987427949905396,0.020526528358459473,0.6610156893730164,3.310652732849121,0.1749095320701599,0.02585458941757679,0.1749095320701599,232.87677935431984,0.8997111716895116,0.19797270827045105,0.3836614228483411,OAS1_0017_MR1_mpr-1_anon,noise,medium
0.09932197630405426,0.13754096627235413,0.01984706148505211,0.7044404149055481,3.6472349166870117,0.18223237991333008,0.026361897587776184,0.18223237991333008,235.32736122280946,0.8942408384973489,0.10617927224537588,0.26674845601429503,OAS1_0017_MR1_mpr-1_anon,noise,high
0.09250438213348389,0.14175045490264893,0.021071691066026688,0.6191400289535522,2.621915817260742,0.16802158951759338,0.02588711678981781,0.16802158951759338,233.35291724111522,0.9019104222359908,0.5881891538936032,0.6152797746498176,OAS1_0017_MR1_mpr-1_anon,bias,low
0.09209822118282318,0.14105036854743958,0.020865052938461304,0.6193397045135498,2.6202478408813477,0.167843759059906,0.025843437761068344,0.167843759059906,232.69415618298103,0.901381596453765,0.5881878394232872,0.6152612638669294,OAS1_0017_MR1_mpr-1_anon,bias,medium
0.0907948762178421,0.1391555666923523,0.020292239263653755,0.6192819476127625,2.61476469039917,0.1663045585155487,0.025422271341085434,0.1663045585155487,228.4513724532782,0.9006763560595339,0.5881878793688551,0.6154780190724185,OAS1_0017_MR1_mpr-1_anon,bias,high
0.43397921323776245,0.08495825529098511,0.007266239263117313,5.134854793548584,3.145833969116211,0.11301455646753311,0.008689220994710922,0.11301455646753311,79.13063438265931,0.9146132506884905,0.45819483595139177,0.5428491542140437,OAS1_0017_MR1_mpr-1_anon,motion,low
0.4574727416038513,0.08214230835437775,0.006794266402721405,5.621198654174805,3.1197640895843506,0.11396374553442001,0.008212707936763763,0.11396374553442001,77.99247161266851,0.9119961910976299,0.4585801127428466,0.5431761765925232,OAS1_0017_MR1_mpr-1_anon,motion,medium
0.45057713985443115,0.08237452805042267,0.006818391848355532,5.508502006530762,3.126314640045166,0.12410900741815567,0.008203519508242607,0.12410900741815567,83.77631381165747,0.9056046610090547,0.4561772086047744,0.5351225384682663,OAS1_0017_MR1_mpr-1_anon,motion,high
0.09188094735145569,0.14107351005077362,0.020861782133579254,0.618421733379364,2.6184539794921875,0.16718263924121857,0.02561325579881668,0.16718263924121857,231.23227347579657,0.9018487343365806,0.5884266416662797,0.6156367204270639,OAS1_0017_MR1_mpr-2_anon,original,none
0.12537072598934174,0.17675983905792236,0.032795991748571396,0.6791235208511353,2.7885520458221436,0.11838418245315552,0.0006540858303196728,0.11838418245315552,39.815522317325375,0.9886130427977214,0.5628899537141512,0.6664387701963321,OAS1_0017_MR1_mpr-2_anon,blur,low
0.15498022735118866,0.20679163932800293,0.044902779161930084,0.719437837600708,2.980172872543335,0.09086453914642334,9.370027692057192e-05,0.09086453914642334,18.683166743259804,0.9967529678146239,0.538585213038852,0.6706640991202313,OAS1_0017_MR1_mpr-2_anon,blur,medium
0.1921030879020691,0.24556441605091095,0.06226295232772827,0.760122537612915,3.240689516067505,0.07391183078289032,1.6857962691574357e-05,0.07391183078289032,10.182699884152878,0.9987881482718146,0.5003378412699466,0.6537036856126237,OAS1_0017_MR1_mpr-2_anon,blur,high
0.09355702996253967,0.13996359705924988,0.020539190620183945,0.6393079161643982,2.9557461738586426,0.17074933648109436,0.025590628385543823,0.17074933648109436,231.07468752393532,0.9011343679023552,0.3695111147695965,0.5044909553780297,OAS1_0017_MR1_mpr-2_anon,noise,low
0.09522096812725067,0.1388234943151474,0.02021132782101631,0.660551905632019,3.3024654388427734,0.17433010041713715,0.025676829740405083,0.17433010041713715,231.34463345396753,0.8991193217603654,0.19946072151228447,0.38519509801622154,OAS1_0017_MR1_mpr-2_anon,noise,medium
0.09865794330835342,0.1367531269788742,0.019617974758148193,0.7037088871002197,3.6405718326568604,0.1818770319223404,0.026255439966917038,0.1818770319223404,234.5153071384804,0.893742706884327,0.10689594110019543,0.26798467567570605,OAS1_0017_MR1_mpr-2_anon,noise,high
0.09177866578102112,0.14076177775859833,0.020772941410541534,0.6188036203384399,2.618211269378662,0.16757920384407043,0.025730248540639877,0.16757920384407043,232.0011931774663,0.9012858059901024,0.5884246824499639,0.6155095279581126,OAS1_0017_MR1_mpr-2_anon,bias,low
0.09142276644706726,0.14012587070465088,0.020591458305716515,0.6189568042755127,2.61671781539917,0.16748420894145966,0.025722481310367584,0.16748420894145966,231.6238506242341,0.9007724889218445,0.5884237000208139,0.6154796682858609,OAS1_0017_MR1_mpr-2_anon,bias,medium
0.09033185988664627,0.1384982019662857,0.02011604979634285,0.6188337802886963,2.6121296882629395,0.166280597448349,0.025413868948817253,0.166280597448349,228.38809048521753,0.9000775337154512,0.5884236276436772,0.6156447561787843,OAS1_0017_MR1_mpr-2_anon,bias,high
0.4305400550365448,0.08484470099210739,0.007249271962791681,5.101397514343262,3.1391096115112305,0.11327016353607178,0.008730605244636536,0.11327016353607178,79.48217246859681,0.9137703911399842,0.4603438817969687,0.5437876535836419,OAS1_0017_MR1_mpr-2_anon,motion,low
0.455924391746521,0.08182752877473831,0.006739037111401558,5.6255388259887695,3.113861083984375,0.11401477456092834,0.008242650888860226,0.11401477456092834,78.24636398016239,0.911316138946989,0.4599859167295829,0.5440725056577611,OAS1_0017_MR1_mpr-2_anon,motion,medium
0.44716978073120117,0.08240656554698944,0.0068207187578082085,5.464930534362793,3.1195902824401855,0.12450660765171051,0.008281455375254154,0.12450660765171051,84.4633260091146,0.9049409629600729,0.45864285894989376,0.5360257650246495,OAS1_0017_MR1_mpr-2_anon,motion,high
0.09350142627954483,0.14277642965316772,0.02138703130185604,0.6213548183441162,2.633087158203125,0.1690453290939331,0.025984810665249825,0.1690453290939331,234.24705499387258,0.9027606521185454,0.5863847191637297,0.6134384262170722,OAS1_0017_MR1_mpr-3_anon,original,none
0.12611940503120422,0.1771657019853592,0.03294466435909271,0.6816694140434265,2.799299955368042,0.11840488761663437,0.0006465387414209545,0.11840488761663437,39.496711760876224,0.9887092820393392,0.5607770775293056,0.6647719584330909,OAS1_0017_MR1_mpr-3_anon,blur,low
0.15528109669685364,0.20659016072750092,0.04481338709592819,0.7217804789543152,2.9902877807617188,0.09062300622463226,9.224683162756264e-05,0.09062300622463226,18.48590638403799,0.9967713079907666,0.5364584619493533,0.6694176231422306,OAS1_0017_MR1_mpr-3_anon,blur,medium
0.19250981509685516,0.24540796875953674,0.06221263110637665,0.7622511982917786,3.251401662826538,0.07381782680749893,1.6736343241063878e-05,0.07381782680749893,10.124713493795955,0.9987909019318318,0.49815343684930047,0.6527856655733113,OAS1_0017_MR1_mpr-3_anon,blur,high
0.09520655870437622,0.14165472984313965,0.02105669677257538,0.6423854827880859,2.978348731994629,0.17266994714736938,0.025966469198465347,0.17266994714736938,234.13289376053154,0.9020284480332348,0.3616786156505937,0.49912939535774264,OAS1_0017_MR1_mpr-3_anon,noise,low
0.09688225388526917,0.140487939119339,0.020715687423944473,0.6637660264968872,3.3231749534606934,0.1762843132019043,0.026053598150610924,0.1762843132019043,234.3652078067555,0.9000271787320384,0.19611473449528471,0.38122416648610263,OAS1_0017_MR1_mpr-3_anon,noise,medium
0.10039175301790237,0.13843151926994324,0.02011432871222496,0.7073026299476624,3.6599559783935547,0.18399706482887268,0.026665227487683296,0.18399706482887268,237.79731373506434,0.8945840149722365,0.10493481965378293,0.2644157732663388,OAS1_0017_MR1_mpr-3_anon,noise,high
0.09333351254463196,0.14236414432525635,0.021260984241962433,0.6217937469482422,2.632565975189209,0.16933268308639526,0.026060761883854866,0.16933268308639526,234.6318792604933,0.9021946358926474,0.5863836282306054,0.6133394412511155,OAS1_0017_MR1_mpr-3_anon,bias,low
0.09289278090000153,0.1416158229112625,0.021036235615611076,0.6219988465309143,2.6308045387268066,0.16909562051296234,0.025998476892709732,0.16909562051296234,233.7830619064032,0.9016680128213324,0.5863824368562004,0.613312838233373,OAS1_0017_MR1_mpr-3_anon,bias,medium
0.09171544015407562,0.1398896425962448,0.020520448684692383,0.6219453811645508,2.625922679901123,0.16775593161582947,0.02563784271478653,0.16775593161582947,230.1002348058364,0.9009554767259089,0.5863814241648222,0.6134945720035423,OAS1_0017_MR1_mpr-3_anon,bias,high
0.4336528778076172,0.08557845652103424,0.007372602820396423,5.09808349609375,3.153702974319458,0.11395415663719177,0.008794110268354416,0.11395415663719177,79.982144464231,0.9150963048229195,0.4577279981082284,0.5412508872076562,OAS1_0017_MR1_mpr-3_anon,motion,low
0.4575939178466797,0.08262024074792862,0.00687145721167326,5.592184066772461,3.129909038543701,0.11475063860416412,0.008279142901301384,0.11475063860416412,78.5820343615962,0.9125160893176344,0.4570075224489085,0.5415010926830002,OAS1_0017_MR1_mpr-3_anon,motion,medium
0.4489518404006958,0.08264058828353882,0.006861431524157524,5.473297595977783,3.132672071456909,0.12461093813180923,0.008205480873584747,0.12461093813180923,83.78162099800858,0.9060211000230531,0.45548287763265527,0.5334897661101066,OAS1_0017_MR1_mpr-3_anon,motion,high
0.09154646098613739,0.14154548943042755,0.02099074237048626,0.6141753792762756,2.5877652168273926,0.1652182638645172,0.025503139942884445,0.1652182638645172,229.6402190563726,0.9028375401065154,0.5949239082504785,0.6215566201059171,OAS1_0017_MR1_mpr-4_anon,original,none
0.12381528317928314,0.17609986662864685,0.032528724521398544,0.6732538342475891,2.7543509006500244,0.11656348407268524,0.0006389723275788128,0.11656348407268524,39.067420630361525,0.9888002030512104,0.5696363089514086,0.67089441115235,OAS1_0017_MR1_mpr-4_anon,blur,low
0.15270599722862244,0.20579348504543304,0.044472552835941315,0.7124367952346802,2.941476821899414,0.08937954902648926,9.163550566881895e-05,0.08937954902648926,18.34693651386336,0.9967939996803244,0.5456352055683307,0.6747462573720534,OAS1_0017_MR1_mpr-4_anon,blur,medium
0.19091854989528656,0.24658827483654022,0.06288651376962662,0.7522318363189697,3.204864501953125,0.07347235828638077,1.680057539488189e-05,0.07347235828638077,10.221953627642463,0.9987909325424453,0.507415638542102,0.6568576674372412,OAS1_0017_MR1_mpr-4_anon,blur,high
0.09322480112314224,0.14039388298988342,0.020657029002904892,0.6350877285003662,2.927489757537842,0.16879063844680786,0.025468390434980392,0.16879063844680786,229.40811731675092,0.9021418830810526,0.37503681149825924,0.5098323540449987,OAS1_0017_MR1_mpr-4_anon,noise,low
0.09492897987365723,0.1393144279718399,0.020341219380497932,0.6563060283660889,3.279395580291748,0.17247790098190308,0.02556423284113407,0.17247790098190308,229.75984927906708,0.9001891045628835,0.20201859027644697,0.388990548549632,OAS1_0017_MR1_mpr-4_anon,noise,medium
0.0983632504940033,0.1371845006942749,0.019724667072296143,0.6995874047279358,3.6226401329040527,0.1800425499677658,0.026113314554095268,0.1800425499677658,232.6597407322304,0.8948698979191958,0.10833034385259746,0.27023753838106473,OAS1_0017_MR1_mpr-4_anon,noise,high
0.09141287952661514,0.14119619131088257,0.0208885557949543,0.6145458221435547,2.58740234375,0.1655709445476532,0.025606095790863037,0.1655709445476532,230.27266702090995,0.9022958537496835,0.5949226079083529,0.6214276770614,OAS1_0017_MR1_mpr-4_anon,bias,low
0.09107443690299988,0.14060044288635254,0.020714852958917618,0.6146876215934753,2.5860588550567627,0.1655266433954239,0.025610443204641342,0.1655266433954239,230.02352941176474,0.9017884466232987,0.5949214100756877,0.6214269413863058,OAS1_0017_MR1_mpr-4_anon,bias,medium
0.09000826627016068,0.1390390694141388,0.02024744264781475,0.6145482063293457,2.5817713737487793,0.164402037858963,0.025317363440990448,0.164402037858963,226.93344535079657,0.9011060415555998,0.5949210622946371,0.6215588385151178,OAS1_0017_MR1_mpr-4_anon,bias,high
0.4310855567455292,0.08470568805932999,0.007222505286335945,5.113214015960693,3.108283758163452,0.1116146445274353,0.008663728833198547,0.1116146445274353,78.71582079120711,0.9143600348579786,0.4668570029055647,0.5500950809184946,OAS1_0017_MR1_mpr-4_anon,motion,low
0.4590238630771637,0.08214612305164337,0.006802771240472794,5.650733947753906,3.082449436187744,0.11338181793689728,0.008290769532322884,0.11338181793689728,78.59506548713236,0.9117389085866419,0.46838033136855245,0.5500042416680853,OAS1_0017_MR1_mpr-4_anon,motion,medium
0.44988542795181274,0.08199240267276764,0.0067603858187794685,5.529855728149414,3.0888774394989014,0.12285818159580231,0.008165102452039719,0.12285818159580231,83.21099446614585,0.905306031649169,0.46542454858037163,0.5416718524479232,OAS1_0017_MR1_mpr-4_anon,motion,high
0.09984881430864334,0.15659630298614502,0.02547468990087509,0.6096969842910767,2.5897865295410156,0.17072919011116028,0.017661912366747856,0.17072919011116028,196.0476386575138,0.9306839751525696,0.6011780681440848,0.6302434754365169,OAS1_0018_MR1_mpr-1_anon,original,none
0.13086757063865662,0.1907375156879425,0.03765401989221573,0.6592197418212891,2.77958083152771,0.12808039784431458,0.0006634199526160955,0.12808039784431458,42.96647374770221,0.9898398583481667,0.5759707156112999,0.6724464632470021,OAS1_0018_MR1_mpr-1_anon,blur,low
0.1546231359243393,0.21199414134025574,0.04645824432373047,0.7021297216415405,2.9491002559661865,0.09830763936042786,0.00011057603114750236,0.09830763936042786,19.961592850030637,0.9965972681938838,0.5530506105353006,0.6751972301101121,OAS1_0018_MR1_mpr-1_anon,blur,medium
0.18938392400741577,0.2434903085231781,0.061544641852378845,0.7488983273506165,3.170959949493408,0.07944123446941376,2.1230058337096125e-05,0.07944123446941376,10.64625088560815,0.9987092801039819,0.5171573468205906,0.662829084197764,OAS1_0018_MR1_mpr-1_anon,blur,high
0.10171923786401749,0.15543392300605774,0.025104744359850883,0.6288453340530396,2.978545665740967,0.17471608519554138,0.017680183053016663,0.17471608519554138,196.23471954944085,0.9301473794269042,0.3481514971716168,0.5015182408983528,OAS1_0018_MR1_mpr-1_anon,noise,low
0.10366260260343552,0.15442276000976562,0.024781519547104836,0.6482230424880981,3.3404626846313477,0.17895394563674927,0.017878219485282898,0.17895394563674927,197.3637610341988,0.9287183064649241,0.1922395543196697,0.3835564186477347,OAS1_0018_MR1_mpr-1_anon,noise,medium
0.10721448808908463,0.15194475650787354,0.023991499096155167,0.687749981880188,3.6985864639282227,0.18705514073371887,0.01860056072473526,0.18705514073371887,201.01091021369484,0.9245853496985673,0.1020668158735238,0.26333145783317663,OAS1_0018_MR1_mpr-1_anon,noise,high
0.09938336908817291,0.1560726910829544,0.025295983999967575,0.6092430353164673,2.5878419876098633,0.17049342393875122,0.017595477402210236,0.17049342393875122,194.96338596717982,0.9305809322118919,0.6011780513339148,0.6302550160443756,OAS1_0018_MR1_mpr-1_anon,bias,low
0.09821075946092606,0.15459056198596954,0.024796679615974426,0.6085680723190308,2.583193778991699,0.16904205083847046,0.017297666519880295,0.16904205083847046,191.3216181736367,0.9305012822944518,0.6011786109193752,0.6305116207507544,OAS1_0018_MR1_mpr-1_anon,bias,medium
0.09561654925346375,0.15121039748191833,0.023678217083215714,0.607232928276062,2.57307767868042,0.1653844714164734,0.016575267538428307,0.1653844714164734,182.90084396063114,0.9304083173287294,0.6011799855855751,0.6311374119519133,OAS1_0018_MR1_mpr-1_anon,bias,high
0.4385783076286316,0.08912471681833267,0.007969677448272705,4.945318698883057,3.0831241607666016,0.11069396138191223,0.0055273426696658134,0.11069396138191223,62.18904203527114,0.9394280013715208,0.4851793250237878,0.5697585774483471,OAS1_0018_MR1_mpr-1_anon,motion,low
0.47913292050361633,0.08609803020954132,0.007451571524143219,5.6139326095581055,3.0586342811584473,0.11293816566467285,0.005113729275763035,0.11293816566467285,60.94239310470283,0.9367687109827785,0.4859831924547172,0.5679837374689561,OAS1_0018_MR1_mpr-1_anon,motion,medium
0.4681183695793152,0.08532382547855377,0.007302633952349424,5.523370742797852,3.049582004547119,0.12228881567716599,0.0050824107602238655,0.12228881567716599,66.51590300915288,0.930467920048108,0.48457908670547933,0.5611905317292374,OAS1_0018_MR1_mpr-1_anon,motion,high
0.10115553438663483,0.15810547769069672,0.025925608351826668,0.6123237609863281,2.603424549102783,0.17170730233192444,0.01759767159819603,0.17170730233192444,197.91010670381434,0.9315668810322937,0.5993081896407018,0.6284566835179379,OAS1_0018_MR1_mpr-2_anon,original,none
0.13214938342571259,0.19198551774024963,0.03817802667617798,0.6612172722816467,2.7921535968780518,0.12861403822898865,0.0006559162284247577,0.12861403822898865,43.17161613913143,0.9898795376122728,0.5740113582417768,0.6713396038138608,OAS1_0018_MR1_mpr-2_anon,blur,low
0.15570905804634094,0.21297875046730042,0.046853207051754,0.7040634155273438,2.9618096351623535,0.09867282211780548,0.00011036497744498774,0.09867282211780548,20.010108618642768,0.9966114370853999,0.5510350207585945,0.674422941166265,OAS1_0018_MR1_mpr-2_anon,blur,medium
0.19013747572898865,0.2440442442893982,0.06167867034673691,0.750801682472229,3.183122158050537,0.07965706288814545,2.1239706256892532e-05,0.07965706288814545,10.60937296549479,0.9987195470067813,0.5151233505740117,0.6619354223179489,OAS1_0018_MR1_mpr-2_anon,blur,high
0.10305522382259369,0.15694554150104523,0.025551844388246536,0.6314947009086609,2.999162197113037,0.1757655143737793,0.01762217842042446,0.1757655143737793,198.15998415479476,0.9310263317204476,0.3417249410765386,0.49702324661272923,OAS1_0018_MR1_mpr-2_anon,noise,low
0.10494180023670197,0.15578073263168335,0.025177886709570885,0.6509304046630859,3.3594048023223877,0.17989683151245117,0.01779949851334095,0.17989683151245117,198.99370356541056,0.929610683560282,0.1892150936917177,0.3798432741232598,OAS1_0018_MR1_mpr-2_anon,noise,medium
0.10887524485588074,0.15375937521457672,0.02452356182038784,0.6905068755149841,3.7190194129943848,0.1887148916721344,0.018654800951480865,0.1887148916721344,203.93810185451136,0.925513839621546,0.10007384360918506,0.2598011463825375,OAS1_0018_MR1_mpr-2_anon,noise,high
0.10064132511615753,0.157500758767128,0.025715447962284088,0.6118832230567932,2.601386070251465,0.17140445113182068,0.017506912350654602,0.17140445113182068,196.57098807540598,0.931467562848459,0.5993083286861239,0.6284730055222253,OAS1_0018_MR1_mpr-2_anon,bias,low
0.09936453402042389,0.1558903604745865,0.025166679173707962,0.6112197041511536,2.5964255332946777,0.1698056012392044,0.017173677682876587,0.1698056012392044,192.53349274280026,0.9313813769126967,0.5993089433559917,0.6287459746177884,OAS1_0018_MR1_mpr-2_anon,bias,medium
0.0967063456773758,0.1524433046579361,0.024022867903113365,0.6098986864089966,2.5861520767211914,0.1660628467798233,0.016439080238342285,0.1660628467798233,183.90064721200983,0.9312888137032795,0.5993102495105744,0.6294086018471554,OAS1_0018_MR1_mpr-2_anon,bias,high
0.44098591804504395,0.08994890749454498,0.008123284205794334,4.92860746383667,3.091749429702759,0.11128564178943634,0.005494266748428345,0.11128564178943634,62.65367910347733,0.9400066592597733,0.48461749191444575,0.5677453242326602,OAS1_0018_MR1_mpr-2_anon,motion,low
0.4808575510978699,0.08689720928668976,0.00759555958211422,5.58476448059082,3.0664873123168945,0.11341048777103424,0.00507568521425128,0.11341048777103424,61.375186695772065,0.9374097742786546,0.48540919584259384,0.5667559923257636,OAS1_0018_MR1_mpr-2_anon,motion,medium
0.46878641843795776,0.08629873394966125,0.007469774689525366,5.466631889343262,3.064929246902466,0.12333088368177414,0.005061885342001915,0.12333088368177414,67.33149485868566,0.9310192653249572,0.4825775272456845,0.5590161891426764,OAS1_0018_MR1_mpr-2_anon,motion,high
0.10109755396842957,0.1578597128391266,0.025856563821434975,0.6120610237121582,2.5993969440460205,0.17092427611351013,0.017345095053315163,0.17092427611351013,195.67773485370714,0.9317677776570341,0.6000998889291675,0.6290534376881204,OAS1_0018_MR1_mpr-3_anon,original,none
0.13208824396133423,0.19188806414604187,0.03819083422422409,0.6603926420211792,2.7889297008514404,0.12828023731708527,0.0006429175264202058,0.12828023731708527,42.85544158337163,0.9899256614545294,0.5747747404058041,0.6711064335336021,OAS1_0018_MR1_mpr-3_anon,blur,low
0.15583807229995728,0.21329697966575623,0.047033533453941345,0.7029497623443604,2.95920729637146,0.09871678054332733,0.00011017252836609259,0.09871678054332733,19.99868439319087,0.996625917154965,0.5518097601987457,0.6738708341046405,OAS1_0018_MR1_mpr-3_anon,blur,medium
0.19038259983062744,0.24457332491874695,0.062018558382987976,0.74947190284729,3.1801064014434814,0.07977232336997986,2.1314948753570206e-05,0.07977232336997986,10.648331466375613,0.9987212051610082,0.5159769940976838,0.6613912225849337,OAS1_0018_MR1_mpr-3_anon,blur,high
0.10299986600875854,0.1566930115222931,0.025481779128313065,0.6313043236732483,2.995344400405884,0.17497020959854126,0.01736794412136078,0.17497020959854126,195.89546089920344,0.9312110382430338,0.3427020593577312,0.49778210757449426,OAS1_0018_MR1_mpr-3_anon,noise,low
0.10489630699157715,0.15555231273174286,0.025113191455602646,0.6507903337478638,3.3564810752868652,0.17912328243255615,0.017550358548760414,0.17912328243255615,196.7679594152114,0.9298195942128763,0.18955776857333972,0.38016995385556335,OAS1_0018_MR1_mpr-3_anon,noise,medium
0.10882387310266495,0.15344832837581635,0.02444249764084816,0.6905397772789001,3.7168240547180176,0.18794700503349304,0.018408894538879395,0.18794700503349304,201.7560980104933,0.9256895755670875,0.10032073766128322,0.2600022252974868,OAS1_0018_MR1_mpr-3_anon,noise,high
0.10079893469810486,0.15757706761360168,0.0257584135979414,0.6116211414337158,2.5981850624084473,0.17095836997032166,0.01732352375984192,0.17095836997032166,195.17509023628986,0.931672793792256,0.6000997964774982,0.6290190057376664,OAS1_0018_MR1_mpr-3_anon,bias,low
0.09951759874820709,0.15594743192195892,0.02520793117582798,0.6109588146209717,2.5931875705718994,0.16932392120361328,0.016988839954137802,0.16932392120361328,191.1546162923177,0.9315958696030877,0.6001003978432795,0.6293035950342951,OAS1_0018_MR1_mpr-3_anon,bias,medium
0.09669667482376099,0.15229347348213196,0.023992011323571205,0.60964035987854,2.5823230743408203,0.16531044244766235,0.016208432614803314,0.16531044244766235,182.0240604176241,0.9315071879158562,0.6001019084694981,0.6299804904172457,OAS1_0018_MR1_mpr-3_anon,bias,high
0.43781277537345886,0.08999037742614746,0.008128097280859947,4.889003753662109,3.088176965713501,0.1105768084526062,0.00541677325963974,0.1105768084526062,61.9890864353554,0.9406324155890391,0.48533245660547447,0.5683601091381767,OAS1_0018_MR1_mpr-3_anon,motion,low
0.4807160496711731,0.08684024214744568,0.007578326389193535,5.581128120422363,3.0632505416870117,0.11285032331943512,0.005012251436710358,0.11285032331943512,60.81898301068474,0.9380138169782954,0.4861341184644451,0.5672978106482619,OAS1_0018_MR1_mpr-3_anon,motion,medium
0.46580129861831665,0.08605712652206421,0.007427198812365532,5.446556091308594,3.0600366592407227,0.1224774643778801,0.004973703064024448,0.1224774643778801,66.5097775926777,0.9315794270225961,0.48330676079397944,0.559620065076919,OAS1_0018_MR1_mpr-3_anon,motion,high
0.10039888322353363,0.15724018216133118,0.02565380558371544,0.6108368635177612,2.5950675010681152,0.17052209377288818,0.017659010365605354,0.17052209377288818,195.68985356349575,0.9314300962680337,0.6006049378900685,0.629734086402246,OAS1_0018_MR1_mpr-4_anon,original,none
0.13180524110794067,0.1921107918024063,0.038163430988788605,0.6598118543624878,2.785695791244507,0.12827244400978088,0.0006550131947733462,0.12827244400978088,42.83798241708793,0.9899859005599387,0.575302014798981,0.6720236746856925,OAS1_0018_MR1_mpr-4_anon,blur,low
0.15557074546813965,0.21330991387367249,0.046987541019916534,0.7024856805801392,2.955843448638916,0.0985608845949173,0.0001103366885217838,0.0985608845949173,19.973976045496325,0.9966474554734557,0.5523276334014648,0.6749362390555623,OAS1_0018_MR1_mpr-4_anon,blur,medium
0.19020089507102966,0.24476516246795654,0.0620359443128109,0.7490628957748413,3.1775031089782715,0.07966315001249313,2.1289150026859716e-05,0.07966315001249313,10.638876402611828,0.9987253813384536,0.5163894016469788,0.6622578212264525,OAS1_0018_MR1_mpr-4_anon,blur,high
0.1023133248090744,0.1561274528503418,0.0252983458340168,0.6299747228622437,2.986201524734497,0.17459717392921448,0.01769367977976799,0.17459717392921448,196.0577543370864,0.9308880550840399,0.34617034968159455,0.5001620016333197,OAS1_0018_MR1_mpr-4_anon,noise,low
0.1042119562625885,0.1550234854221344,0.02494354359805584,0.6493953466415405,3.347677230834961,0.17872662842273712,0.01787080243229866,0.17872662842273712,196.94401041666663,0.9295067758347677,0.19122555087746132,0.38223222887256,OAS1_0018_MR1_mpr-4_anon,noise,medium
0.10798227787017822,0.1528102457523346,0.024235468357801437,0.688871443271637,3.7068371772766113,0.18726038932800293,0.01868141070008278,0.18726038932800293,201.48697102864583,0.9253862120687013,0.10136388290682695,0.26193850380852707,OAS1_0018_MR1_mpr-4_anon,noise,high
0.10000458359718323,0.15682393312454224,0.025512803345918655,0.6103670001029968,2.593441963195801,0.17039868235588074,0.01761314645409584,0.17039868235588074,194.8807254566866,0.9313290343902543,0.6006047696192436,0.6297373182609549,OAS1_0018_MR1_mpr-4_anon,bias,low
0.09883101284503937,0.15537399053573608,0.02502179518342018,0.6096761226654053,2.588862180709839,0.1689569354057312,0.017315156757831573,0.1689569354057312,191.27512099322152,0.9312468380664036,0.6006052146678635,0.62996639841515,OAS1_0018_MR1_mpr-4_anon,bias,medium
0.09632819890975952,0.1521487534046173,0.02395324781537056,0.6083172559738159,2.579155206680298,0.16547095775604248,0.016626739874482155,0.16547095775604248,183.24021067899815,0.93115953213045,0.6006065788681556,0.6305972843631602,OAS1_0018_MR1_mpr-4_anon,bias,high
0.4404643177986145,0.08945559710264206,0.008030742406845093,4.947751045227051,3.0862483978271484,0.11058849841356277,0.005515980999916792,0.11058849841356277,62.000306611902566,0.9399186968293287,0.4852498532234304,0.5690942599586042,OAS1_0018_MR1_mpr-4_anon,motion,low
0.48089975118637085,0.08667200058698654,0.007549146190285683,5.59214973449707,3.0639901161193848,0.11306342482566833,0.005132046528160572,0.11306342482566833,61.11269471411612,0.9373551798313113,0.4857404276590348,0.5677765639537105,OAS1_0018_MR1_mpr-4_anon,motion,medium
0.4679819345474243,0.08607694506645203,0.007436051033437252,5.477466583251953,3.0507030487060547,0.12290630489587784,0.00513298949226737,0.12290630489587784,67.22948093788295,0.930982750803037,0.4858667475048304,0.5610218960434186,OAS1_0018_MR1_mpr-4_anon,motion,high
0.08190400898456573,0.14956317842006683,0.023101426661014557,0.5291789770126343,2.383617401123047,0.15378940105438232,0.012103552930057049,0.15378940105438232,165.31494044883578,0.9339941892811319,0.6157532720690646,0.6543945413040544,OAS1_0019_MR1_mpr-1_anon,original,none
0.10222285240888596,0.17271952331066132,0.030693665146827698,0.5751744508743286,2.6361351013183594,0.1161700114607811,0.0006505463388748467,0.1161700114607811,46.87799550972733,0.9869508141083484,0.5939750211481212,0.6991795052982677,OAS1_0019_MR1_mpr-1_anon,blur,low
0.11986888945102692,0.18834248185157776,0.036212239414453506,0.6214985251426697,2.7958099842071533,0.09059012681245804,0.00010599778761388734,0.09059012681245804,21.24480794270833,0.9955390916998812,0.5733235829594894,0.7011215293786712,OAS1_0019_MR1_mpr-1_anon,blur,medium
0.15139472484588623,0.21869133412837982,0.048727847635746,0.6760361194610596,3.0242738723754883,0.07604960352182388,2.2598695068154484e-05,0.07604960352182388,11.730402927772673,0.9982441812467431,0.5391207320164342,0.6852797718068293,OAS1_0019_MR1_mpr-1_anon,blur,high
0.0835365504026413,0.14877310395240784,0.022861354053020477,0.5454040169715881,2.7550885677337646,0.1572234034538269,0.012131587602198124,0.1572234034538269,165.62169656192555,0.9336734339860882,0.44561379488326824,0.5667270258228102,OAS1_0019_MR1_mpr-1_anon,noise,low
0.08507959544658661,0.1478668600320816,0.022582052275538445,0.5618116855621338,3.123655080795288,0.16056083142757416,0.012234196066856384,0.16056083142757416,166.00459881950826,0.9325896172585428,0.23198013597272385,0.4337368857242615,OAS1_0019_MR1_mpr-1_anon,noise,medium
0.08837148547172546,0.14628159999847412,0.022103440016508102,0.5952650904655457,3.4631283283233643,0.16781973838806152,0.012777188792824745,0.16781973838806152,169.11377072801776,0.9296043913253824,0.12657782041509907,0.3101218435022437,OAS1_0019_MR1_mpr-1_anon,noise,high
0.0810232013463974,0.14838644862174988,0.022731948643922806,0.5283118486404419,2.4695217609405518,0.15249961614608765,0.011916168965399265,0.15249961614608765,162.22079120710788,0.9339921738329252,0.615732679231288,0.6545024906340917,OAS1_0019_MR1_mpr-1_anon,bias,low
0.08007079362869263,0.14709660410881042,0.022335108369588852,0.5273690819740295,2.469620704650879,0.15104809403419495,0.011710507795214653,0.15104809403419495,158.90641754748776,0.9340033075270262,0.615728824146164,0.654677237763094,OAS1_0019_MR1_mpr-1_anon,bias,medium
0.07849667966365814,0.14490173757076263,0.02166645973920822,0.5258493423461914,2.463740825653076,0.1485602855682373,0.011362133547663689,0.1485602855682373,153.45048181870405,0.9340272184573825,0.6157280869462158,0.6549924759467993,OAS1_0019_MR1_mpr-1_anon,bias,high
0.43190670013427734,0.08547650277614594,0.007351547479629517,5.090775966644287,2.931230306625366,0.10497909039258957,0.004012696444988251,0.10497909039258957,55.6193359375,0.9408572001969295,0.5082929828508959,0.6017716532492572,OAS1_0019_MR1_mpr-1_anon,motion,low
0.46338343620300293,0.0836682915687561,0.007036120630800724,5.5918192863464355,2.8685014247894287,0.10345390439033508,0.003761082421988249,0.10345390439033508,54.528451956954655,0.9408229281245238,0.5161123986766822,0.6084351346766925,OAS1_0019_MR1_mpr-1_anon,motion,medium
0.47160011529922485,0.08123904466629028,0.0066327983513474464,5.862924575805664,2.8479831218719482,0.10965199768543243,0.0035327053628861904,0.10965199768543243,56.03559283088235,0.9352597240775438,0.517748359187341,0.6030561300929844,OAS1_0019_MR1_mpr-1_anon,motion,high
0.08040754497051239,0.147866353392601,0.022605497390031815,0.5249940156936646,2.343463897705078,0.15060481429100037,0.012287935242056847,0.15060481429100037,166.57725734336705,0.9324162546886703,0.6242326625937867,0.6619526077557105,OAS1_0019_MR1_mpr-2_anon,original,none
0.10230588912963867,0.17394626140594482,0.03116685338318348,0.5704684257507324,2.599323272705078,0.11630496382713318,0.0006510384846478701,0.11630496382713318,47.702027324601715,0.9868292566095039,0.6027092386760416,0.7027422867337728,OAS1_0019_MR1_mpr-2_anon,blur,low
0.11975425481796265,0.18958157300949097,0.036722712218761444,0.6161420345306396,2.7580947875976562,0.09095402806997299,0.00010617662337608635,0.09095402806997299,21.598531565946693,0.995516639076083,0.581957730362682,0.7029723072705645,OAS1_0019_MR1_mpr-2_anon,blur,medium
0.15094393491744995,0.21964825689792633,0.049215931445360184,0.6702080965042114,2.9828410148620605,0.07635457813739777,2.2797110432293266e-05,0.07635457813739777,11.929132678462011,0.9982260756514906,0.5476276994354702,0.6877193798715302,OAS1_0019_MR1_mpr-2_anon,blur,high
0.08199262619018555,0.14703920483589172,0.022355377674102783,0.5412232875823975,2.701218843460083,0.15396028757095337,0.01230509951710701,0.15396028757095337,166.74176396388634,0.93209908572356,0.4614725141783154,0.5781404910551139,OAS1_0019_MR1_mpr-2_anon,noise,low
0.08363448083400726,0.14628009498119354,0.022125819697976112,0.5577061176300049,3.079737663269043,0.15748795866966248,0.012428170070052147,0.15748795866966248,167.48993015663297,0.931050097743145,0.23842739201949312,0.4410243958452379,OAS1_0019_MR1_mpr-2_anon,noise,medium
0.08690185844898224,0.14472496509552002,0.021660830825567245,0.5911158323287964,3.425929069519043,0.16467759013175964,0.012952232733368874,0.16467759013175964,170.46711258233765,0.9280777751912779,0.13052785919990045,0.31647727115773655,OAS1_0019_MR1_mpr-2_anon,noise,high
0.080012246966362,0.147445946931839,0.022474385797977448,0.5240985751152039,2.426574230194092,0.1502057909965515,0.012237382121384144,0.1502057909965515,165.45716720281865,0.9324082892609915,0.6242139078756257,0.6618936830343654,OAS1_0019_MR1_mpr-2_anon,bias,low
0.07944275438785553,0.1467495858669281,0.022256772965192795,0.5231298804283142,2.428565740585327,0.14946351945400238,0.01213460136204958,0.14946351945400238,163.61536506204047,0.9324280837150496,0.6242100141106401,0.6619239296384016,OAS1_0019_MR1_mpr-2_anon,bias,medium
0.07832540571689606,0.1452939510345459,0.02180367521941662,0.5215759873390198,2.4249329566955566,0.14782580733299255,0.011899275705218315,0.14782580733299255,159.77536549287686,0.932465758596861,0.6242090721578127,0.6620727566056109,OAS1_0019_MR1_mpr-2_anon,bias,high
0.42878085374832153,0.086270771920681,0.007483857683837414,5.005593299865723,2.921103000640869,0.10585521161556244,0.0042849644087255,0.10585521161556244,58.917137475107225,0.9386896947172698,0.5118820340255326,0.6041887696921495,OAS1_0019_MR1_mpr-2_anon,motion,low
0.4616752862930298,0.08379420638084412,0.007064693607389927,5.5712103843688965,2.8525338172912598,0.10321313142776489,0.003938200417906046,0.10321313142776489,56.53967859604779,0.9389411585643572,0.5200812234043353,0.6113307414632656,OAS1_0019_MR1_mpr-2_anon,motion,medium
0.472459614276886,0.08118866384029388,0.006624206900596619,5.878262519836426,2.831536054611206,0.10901268571615219,0.0036709411069750786,0.10901268571615219,57.529673378140316,0.9333356684176422,0.521093528526409,0.6059661293593994,OAS1_0019_MR1_mpr-2_anon,motion,high
0.08226311206817627,0.15030869841575623,0.02334163524210453,0.5278075337409973,2.359058380126953,0.15413324534893036,0.012496905401349068,0.15413324534893036,172.55365684359685,0.93208532772098,0.6211760031778943,0.6589920165950418,OAS1_0019_MR1_mpr-3_anon,original,none
0.10428544133901596,0.17597317695617676,0.031956009566783905,0.5739694833755493,2.6219537258148193,0.11851990967988968,0.0006808071630075574,0.11851990967988968,49.2990966796875,0.9865007331540296,0.5993250307038055,0.7001776799673665,OAS1_0019_MR1_mpr-3_anon,blur,low
0.12078527361154556,0.18986590206623077,0.03686118125915527,0.6202716827392578,2.7773053646087646,0.09159637987613678,0.00010782750905491412,0.09159637987613678,21.650956217447913,0.9954785872457961,0.5785212625655729,0.7012244137934152,OAS1_0019_MR1_mpr-3_anon,blur,medium
0.1516139805316925,0.2194916307926178,0.049088284373283386,0.6745341420173645,3.002293586730957,0.07651890814304352,2.282967216160614e-05,0.07651890814304352,11.794542499617036,0.9982373497301047,0.5439564430568046,0.6859770265314669,OAS1_0019_MR1_mpr-3_anon,blur,high
0.08391296863555908,0.14951035380363464,0.023096658289432526,0.544154167175293,2.7371089458465576,0.15762272477149963,0.012525591999292374,0.15762272477149963,172.88370157877603,0.9317492130282171,0.4478257613420106,0.5696845203258731,OAS1_0019_MR1_mpr-3_anon,noise,low
0.08552704751491547,0.14867311716079712,0.022839771583676338,0.5607246160507202,3.1100668907165527,0.1610868275165558,0.012639486230909824,0.1610868275165558,173.3969210755591,0.9306906951425283,0.23322023927440044,0.43541735184639296,OAS1_0019_MR1_mpr-3_anon,noise,medium
0.08879171311855316,0.14695245027542114,0.022313177585601807,0.594494104385376,3.4542183876037598,0.16829335689544678,0.013170186430215836,0.16829335689544678,176.2696948481541,0.9276592031748567,0.12717006523201985,0.31087782761918303,OAS1_0019_MR1_mpr-3_anon,noise,high
0.08170154690742493,0.14967723190784454,0.023134972900152206,0.526893675327301,2.447361469268799,0.15345320105552673,0.012399274855852127,0.15345320105552673,170.7448041130515,0.9320699288541119,0.6211561646258341,0.6589511921043109,OAS1_0019_MR1_mpr-3_anon,bias,low
0.08101220428943634,0.14884376525878906,0.022868704050779343,0.5259077548980713,2.449306011199951,0.1525040864944458,0.012261221185326576,0.1525040864944458,168.38659620098042,0.9320792681859731,0.6211522431467995,0.6590271803017806,OAS1_0019_MR1_mpr-3_anon,bias,medium
0.07972582429647446,0.1471526026725769,0.022338557988405228,0.524329423904419,2.445382833480835,0.1505516916513443,0.011975105851888657,0.1505516916513443,163.81893286611523,0.9321008455113117,0.6211511113973046,0.6592441235696689,OAS1_0019_MR1_mpr-3_anon,bias,high
0.43699589371681213,0.0861298143863678,0.007455654442310333,5.108076095581055,2.924715280532837,0.1058497428894043,0.004162701312452555,0.1058497428894043,58.18739444508272,0.9390984113435056,0.5108590004068654,0.6032652972424601,OAS1_0019_MR1_mpr-3_anon,motion,low
0.46449804306030273,0.08373256027698517,0.007050937972962856,5.603902816772461,2.8597300052642822,0.1032712385058403,0.0038282787427306175,0.1032712385058403,56.02424603630514,0.9393209879014492,0.5182164399840992,0.6097813374639022,OAS1_0019_MR1_mpr-3_anon,motion,medium
0.473507285118103,0.08221490681171417,0.006790167186409235,5.814562797546387,2.8496482372283936,0.11081214249134064,0.003678275737911463,0.11081214249134064,58.70352208754596,0.9335887971489282,0.5183142148483518,0.6032118286715435,OAS1_0019_MR1_mpr-3_anon,motion,high
0.08507367968559265,0.14923188090324402,0.02306964248418808,0.5513080358505249,2.493931770324707,0.1540619283914566,0.011604063212871552,0.1540619283914566,155.49180261948533,0.9356787513598418,0.5908836603259563,0.6329811122656475,OAS1_0019_MR1_mpr-4_anon,original,none
0.10870080441236496,0.17679959535598755,0.032256558537483215,0.5966060757637024,2.7642788887023926,0.11956045031547546,0.000608290487434715,0.11956045031547546,46.382598757276355,0.9870834241306079,0.5679513612503578,0.684121614540623,OAS1_0019_MR1_mpr-4_anon,blur,low
0.125750333070755,0.19088014960289001,0.037272773683071136,0.6431626081466675,2.9241762161254883,0.09282658994197845,0.00010364213085267693,0.09282658994197845,21.212099800857846,0.9955792297220574,0.546787416696938,0.6904741336459781,OAS1_0019_MR1_mpr-4_anon,blur,medium
0.15712374448776245,0.21998153626918793,0.04926017299294472,0.6984895467758179,3.1591694355010986,0.07757404446601868,2.246669100713916e-05,0.07757404446601868,11.643081964231007,0.9982707474913726,0.5119294370414849,0.6755629054141624,OAS1_0019_MR1_mpr-4_anon,blur,high
0.08666721731424332,0.14836201071739197,0.02280455268919468,0.5678642988204956,2.882457971572876,0.1573915183544159,0.01162448339164257,0.1573915183544159,155.6874065324372,0.9353188536565464,0.41040319626131566,0.5397668040362427,OAS1_0019_MR1_mpr-4_anon,noise,low
0.08828364312648773,0.14750483632087708,0.022543014958500862,0.5846865177154541,3.231903076171875,0.16084808111190796,0.011758004315197468,0.16084808111190796,156.41905804802389,0.9342246271219796,0.21595401288542393,0.41440676814994604,OAS1_0019_MR1_mpr-4_anon,noise,medium
0.09147752821445465,0.14573770761489868,0.022006072103977203,0.6189658641815186,3.550673484802246,0.16791266202926636,0.012323785573244095,0.16791266202926636,159.42932045132505,0.931111169017931,0.11751277723145914,0.2958350091107694,OAS1_0019_MR1_mpr-4_anon,noise,high
0.08477919548749924,0.14900726079940796,0.02299974113702774,0.550574541091919,2.588458776473999,0.1538858860731125,0.011589139699935913,0.1538858860731125,154.86709989659929,0.9356467394192259,0.5908565212686161,0.6328233728023546,OAS1_0019_MR1_mpr-4_anon,bias,low
0.084251269698143,0.14843712747097015,0.02282043918967247,0.5497490763664246,2.5914926528930664,0.15326465666294098,0.011511299759149551,0.15326465666294098,153.39487232881436,0.9356349307352507,0.5908501919173332,0.6327528714496611,OAS1_0019_MR1_mpr-4_anon,bias,medium
0.0831919014453888,0.14714613556861877,0.022414598613977432,0.5483768582344055,2.588620185852051,0.15181583166122437,0.011325594037771225,0.15181583166122437,150.3059819240196,0.9356276279667093,0.5908481008978691,0.6328027544071342,OAS1_0019_MR1_mpr-4_anon,bias,high
0.43935641646385193,0.08668465912342072,0.0075604915618896484,5.10530948638916,3.0604305267333984,0.10525819659233093,0.003890336025506258,0.10525819659233093,52.84554850260416,0.9452863136018428,0.4783068107919605,0.579155713030197,OAS1_0019_MR1_mpr-4_anon,motion,low
0.46322476863861084,0.0851992666721344,0.007295012474060059,5.486642837524414,2.9952197074890137,0.10444730520248413,0.0036856152582913637,0.10444730520248413,52.71664656096814,0.9447473387841374,0.48633588915649245,0.5864981180685572,OAS1_0019_MR1_mpr-4_anon,motion,medium
0.47560006380081177,0.08308929204940796,0.006937206257134676,5.772526741027832,2.98360538482666,0.11186568439006805,0.003483240958303213,0.11186568439006805,55.028361241957725,0.9388202153671543,0.4868086078646665,0.5799670152842394,OAS1_0019_MR1_mpr-4_anon,motion,high
0.07693897187709808,0.13881786167621613,0.0201922208070755,0.5263679623603821,2.307934522628784,0.1401834785938263,0.012378250248730183,0.1401834785938263,156.75493451286766,0.9263711352503035,0.6433498531044446,0.6803422806191489,OAS1_0020_MR1_mpr-1_anon,original,none
0.10767809301614761,0.18026457726955414,0.033642642199993134,0.573907196521759,2.506098985671997,0.11776542663574219,0.0007181315449997783,0.11776542663574219,49.800578517539826,0.9885267905982479,0.6215669371126072,0.7154315098620126,OAS1_0020_MR1_mpr-1_anon,blur,low
0.12870347499847412,0.20072510838508606,0.04157909005880356,0.617088794708252,2.6729788780212402,0.09045571088790894,0.00011240333697060123,0.09045571088790894,22.243744255514706,0.9961074034020749,0.5999526868014416,0.7102608437198752,OAS1_0020_MR1_mpr-1_anon,blur,medium
0.1569872945547104,0.22837379574775696,0.05390559881925583,0.6622809171676636,2.8906044960021973,0.07055923342704773,2.0234771000104956e-05,0.07055923342704773,10.806309120327818,0.9985673671112435,0.5649587474715473,0.6954030938682583,OAS1_0020_MR1_mpr-1_anon,blur,high
0.07982774823904037,0.13779693841934204,0.019932478666305542,0.5609792470932007,2.7073302268981934,0.14625829458236694,0.012524500489234924,0.14625829458236694,157.4897362802543,0.9236877580225215,0.4437508128301387,0.5595585009577353,OAS1_0020_MR1_mpr-1_anon,noise,low
0.08256810903549194,0.13669021427631378,0.0196490790694952,0.5962090492248535,3.1050972938537598,0.15207049250602722,0.012941861525177956,0.15207049250602722,159.44551116344974,0.9179982719678503,0.22745308117334329,0.4225994483836589,OAS1_0020_MR1_mpr-1_anon,noise,medium
0.08820696175098419,0.13528984785079956,0.01924907974898815,0.6626086831092834,3.464266300201416,0.16434374451637268,0.015173112973570824,0.16434374451637268,172.83453357172948,0.9012595429015636,0.12509164993856253,0.3035974644431977,OAS1_0020_MR1_mpr-1_anon,noise,high
0.07662990689277649,0.13838835060596466,0.020061800256371498,0.5258057117462158,2.307194709777832,0.14000245928764343,0.012396305799484253,0.14000245928764343,156.20473513135727,0.9263133657502858,0.6433496508361396,0.6803558029429592,OAS1_0020_MR1_mpr-1_anon,bias,low
0.07612577080726624,0.13770721852779388,0.019857605919241905,0.5251083374023438,2.305464267730713,0.13946710526943207,0.012368330731987953,0.13946710526943207,155.06427432789525,0.9262532268477348,0.6433498022730101,0.680465601308329,OAS1_0020_MR1_mpr-1_anon,bias,medium
0.074787437915802,0.13585267961025238,0.019301341846585274,0.5238646864891052,2.300325870513916,0.13760216534137726,0.01216527633368969,0.13760216534137726,151.25577153224572,0.9261917465337233,0.6433508588671304,0.6809356001759561,OAS1_0020_MR1_mpr-1_anon,bias,high
0.46819114685058594,0.09044553339481354,0.00831274688243866,5.158283710479736,2.925901412963867,0.10714130103588104,0.004157628398388624,0.10714130103588104,58.91746969784007,0.9448216958813922,0.5121679059717567,0.6057358830519963,OAS1_0020_MR1_mpr-1_anon,motion,low
0.4761694669723511,0.08619289845228195,0.00764211593195796,5.484104633331299,2.8486433029174805,0.1035226583480835,0.0036346176639199257,0.1035226583480835,53.74165852864583,0.9426620840635698,0.5194050892039141,0.6148518312310156,OAS1_0020_MR1_mpr-1_anon,motion,medium
0.48147401213645935,0.08521512150764465,0.007458440028131008,5.623337745666504,2.8431220054626465,0.11262716352939606,0.0035927938297390938,0.11262716352939606,58.49441013710172,0.9367065424329339,0.5187135259976319,0.603998695887752,OAS1_0020_MR1_mpr-1_anon,motion,high
0.07743228226900101,0.13906684517860413,0.0202034879475832,0.5300017595291138,2.3208167552948,0.1407960206270218,0.012624621391296387,0.1407960206270218,157.6440898820466,0.9271083179514719,0.6411258468926045,0.6776375351305765,OAS1_0020_MR1_mpr-2_anon,original,none
0.10853105783462524,0.1806701123714447,0.033841416239738464,0.5773576498031616,2.522449493408203,0.11766910552978516,0.0007119555375538766,0.11766910552978516,49.27269382850796,0.9886671639344644,0.6190968708730049,0.7130291483321503,OAS1_0020_MR1_mpr-2_anon,blur,low
0.12981317937374115,0.20137366652488708,0.04191619157791138,0.6201410293579102,2.689019203186035,0.09038203954696655,0.00011126529716420919,0.09038203954696655,22.070489621629903,0.9961675758354116,0.5973797540043649,0.708393385732671,OAS1_0020_MR1_mpr-2_anon,blur,medium
0.15820345282554626,0.22912661731243134,0.05432265251874924,0.6648650765419006,2.90659236907959,0.07060191035270691,1.9987770428997464e-05,0.07060191035270691,10.747736912147673,0.9985879827799377,0.5622305390236444,0.6935429221493166,OAS1_0020_MR1_mpr-2_anon,blur,high
0.08043219149112701,0.137967050075531,0.019925206899642944,0.5645989179611206,2.7268600463867188,0.14707046747207642,0.012767979875206947,0.14707046747207642,158.18744411094517,0.9244045923132402,0.44013586993426934,0.5552973271114199,OAS1_0020_MR1_mpr-2_anon,noise,low
0.08340334892272949,0.1370137631893158,0.01967792399227619,0.5997684001922607,3.1242899894714355,0.15336862206459045,0.0133381811901927,0.15336862206459045,161.35588307100184,0.9186802561532899,0.22575528997556593,0.4195640728538753,OAS1_0020_MR1_mpr-2_anon,noise,medium
0.0893767699599266,0.1356593668460846,0.019280290231108665,0.666417121887207,3.4845187664031982,0.16645316779613495,0.01601804792881012,0.16645316779613495,177.61782717237287,0.9019525899037731,0.12384974160655371,0.3011133381325354,OAS1_0020_MR1_mpr-2_anon,noise,high
0.07709236443042755,0.1386110484600067,0.020064594224095345,0.529495120048523,2.319929599761963,0.14059339463710785,0.01265520229935646,0.14059339463710785,157.20108786190258,0.9270217028662431,0.6411253582087719,0.6776643358535711,OAS1_0020_MR1_mpr-2_anon,bias,low
0.07656355202198029,0.1378946602344513,0.019850820302963257,0.5288482904434204,2.317962646484375,0.14004218578338623,0.01264046411961317,0.14004218578338623,156.1684721105239,0.9269494575819851,0.6411256866433984,0.6777919440981333,OAS1_0020_MR1_mpr-2_anon,bias,medium
0.0751274824142456,0.13591305911540985,0.019260717555880547,0.5276716351509094,2.3121795654296875,0.13802848756313324,0.01243540458381176,0.13802848756313324,152.27281039368876,0.9268679356547436,0.6411266501378032,0.6783171443344866,OAS1_0020_MR1_mpr-2_anon,bias,high
0.4662467837333679,0.09038667380809784,0.008299823850393295,5.1368913650512695,2.93945050239563,0.10688697546720505,0.004056243691593409,0.10688697546720505,57.58139361213236,0.9459833744537728,0.5093656056046587,0.6025687076254125,OAS1_0020_MR1_mpr-2_anon,motion,low
0.47553616762161255,0.08668290078639984,0.0077268327586352825,5.445862293243408,2.861058473587036,0.10395989567041397,0.0035885157994925976,0.10395989567041397,53.203042662377456,0.9437251629694465,0.5172032567995537,0.6117119753892388,OAS1_0020_MR1_mpr-2_anon,motion,medium
0.4837180972099304,0.08559467643499374,0.007537563797086477,5.629158020019531,2.8543782234191895,0.11301340162754059,0.003542516380548477,0.11301340162754059,58.03899476294424,0.937686561520934,0.5170524119363249,0.6013302801496465,OAS1_0020_MR1_mpr-2_anon,motion,high
0.0774354338645935,0.13925394415855408,0.020276837050914764,0.5288447141647339,2.3128271102905273,0.14083203673362732,0.012497810646891594,0.14083203673362732,156.62316846660542,0.9274412108128305,0.6428529535357408,0.6791595531009861,OAS1_0020_MR1_mpr-3_anon,original,none
0.10840285569429398,0.18070882558822632,0.033814847469329834,0.5761516690254211,2.5131988525390625,0.11795090138912201,0.0007182533154264092,0.11795090138912201,49.736796300551475,0.9886640882809269,0.6208760878244683,0.713805126669566,OAS1_0020_MR1_mpr-3_anon,blur,low
0.1290043145418167,0.20036610960960388,0.04148004576563835,0.618899941444397,2.6772313117980957,0.0900382548570633,0.00011057058873120695,0.0900382548570633,21.990642472809434,0.9961545157519458,0.5992222986517441,0.7099820391554494,OAS1_0020_MR1_mpr-3_anon,blur,medium
0.15759024024009705,0.22837282717227936,0.05403915047645569,0.6636103391647339,2.895587205886841,0.07041717320680618,1.9994768081232905e-05,0.07041717320680618,10.760238108915441,0.998579203651258,0.5639860742225886,0.6951066593280087,OAS1_0020_MR1_mpr-3_anon,blur,high
0.08037478476762772,0.13819283246994019,0.020003873854875565,0.5631360411643982,2.717534303665161,0.14701417088508606,0.012649821117520332,0.14701417088508606,157.31138736500463,0.924832330635282,0.4409665917678879,0.5567812974010085,OAS1_0020_MR1_mpr-3_anon,noise,low
0.08320242166519165,0.13710737228393555,0.019732873886823654,0.5981975793838501,3.115473747253418,0.1529388427734375,0.013053514063358307,0.1529388427734375,159.12153475892308,0.9192186003641867,0.22607595191167795,0.4204986708790091,OAS1_0020_MR1_mpr-3_anon,noise,medium
0.08898592740297318,0.13570615649223328,0.019321992993354797,0.6643774509429932,3.4758553504943848,0.1655544936656952,0.015590015798807144,0.1655544936656952,174.4969000124464,0.902573072466175,0.12430281022238858,0.3019799529065379,OAS1_0020_MR1_mpr-3_anon,noise,high
0.07700732350349426,0.13863182067871094,0.020086271688342094,0.5283553600311279,2.3114681243896484,0.1404644250869751,0.012475373223423958,0.1404644250869751,155.65045237821693,0.9273444791011172,0.6428527897161,0.6792008666380767,OAS1_0020_MR1_mpr-3_anon,bias,low
0.07633298635482788,0.13766497373580933,0.019795333966612816,0.527725338935852,2.3088526725769043,0.13964161276817322,0.012388613075017929,0.13964161276817322,153.83258942248776,0.9272622326253859,0.642852515547994,0.6793579235130115,OAS1_0020_MR1_mpr-3_anon,bias,medium
0.07474005222320557,0.13538776338100433,0.019116155803203583,0.5265730619430542,2.3024587631225586,0.13733616471290588,0.012092847377061844,0.13733616471290588,149.00625047870713,0.9271626555523748,0.6428536676642446,0.679963009734974,OAS1_0020_MR1_mpr-3_anon,bias,high
0.4674650728702545,0.09036745131015778,0.008304801769554615,5.159182548522949,2.929673671722412,0.10708150267601013,0.004141608253121376,0.10708150267601013,58.097703402650126,0.9454880802218291,0.5117606987633334,0.6041697338827486,OAS1_0020_MR1_mpr-3_anon,motion,low
0.4763147830963135,0.08691629022359848,0.007778376340866089,5.439456939697266,2.8541412353515625,0.10428018867969513,0.0036723604425787926,0.10428018867969513,53.800505993413,0.9433735202382878,0.5193977291999736,0.6127715356500298,OAS1_0020_MR1_mpr-3_anon,motion,medium
0.4833621680736542,0.08525156229734421,0.00748266139999032,5.649542808532715,2.845695734024048,0.11265341192483902,0.0035822796635329723,0.11265341192483902,57.9492982153799,0.9373192474370586,0.5187251698388349,0.6027573912076623,OAS1_0020_MR1_mpr-3_anon,motion,high
0.07344368100166321,0.1308947205543518,0.017839465290308,0.5370676517486572,2.3851256370544434,0.14169582724571228,0.01407378539443016,0.14169582724571228,168.5943330652574,0.9147397809249785,0.6265712491075459,0.6606415374838189,OAS1_0021_MR1_mpr-1_anon,original,none
0.10156898200511932,0.16470254957675934,0.0281539186835289,0.594423234462738,2.577241897583008,0.11387361586093903,0.0007774415425956249,0.11387361586093903,53.8796937231924,0.983849255273899,0.6046410368416785,0.7014853368100596,OAS1_0021_MR1_mpr-1_anon,blur,low
0.12726552784442902,0.1915402114391327,0.037970468401908875,0.6426128149032593,2.7473835945129395,0.08629713952541351,0.00012260486255399883,0.08629713952541351,22.957261508118872,0.9954400188527495,0.583808311832328,0.7003956989737761,OAS1_0021_MR1_mpr-1_anon,blur,medium
0.1628875434398651,0.22958144545555115,0.05420398712158203,0.6890299320220947,2.9818034172058105,0.0722489207983017,1.9152124878019094e-05,0.0722489207983017,12.16598259420956,0.9983911328543179,0.5500729508228037,0.6847887125282935,OAS1_0021_MR1_mpr-1_anon,blur,high
0.0749402567744255,0.13007313013076782,0.017618855461478233,0.5560160875320435,2.612269878387451,0.1448659747838974,0.014075392857193947,0.1448659747838974,168.5696636125153,0.9142769495079841,0.49182899207676734,0.5925347974544706,OAS1_0021_MR1_mpr-1_anon,noise,low
0.07642248272895813,0.12922412157058716,0.01739232800900936,0.5752389430999756,2.9947335720062256,0.14806106686592102,0.014146363362669945,0.14806106686592102,168.87909976734835,0.9126626942743599,0.25087275797097597,0.45052150289782245,OAS1_0021_MR1_mpr-1_anon,noise,medium
0.07948768138885498,0.1277153044939041,0.016988320276141167,0.614372968673706,3.3425345420837402,0.15472353994846344,0.014552298933267593,0.15472353994846344,171.01457507563572,0.9082788344955841,0.1387530943287584,0.3266319047539331,OAS1_0021_MR1_mpr-1_anon,noise,high
0.07311055809259415,0.13032618165016174,0.017674218863248825,0.5369608998298645,2.383255958557129,0.1414794921875,0.01402898970991373,0.1414794921875,167.065516094133,0.914820793220528,0.6265678475146303,0.6607223021023662,OAS1_0021_MR1_mpr-1_anon,bias,low
0.07244043052196503,0.12924671173095703,0.017376860603690147,0.5366072654724121,2.37979793548584,0.14057528972625732,0.013869517482817173,0.14057528972625732,164.22626426547183,0.9149112329635535,0.6265675778612096,0.6609431160901007,OAS1_0021_MR1_mpr-1_anon,bias,medium
0.07058574259281158,0.12634749710559845,0.016594812273979187,0.5357135534286499,2.3703651428222656,0.13748154044151306,0.013318439014256,0.13748154044151306,156.3191884957108,0.9150871004528685,0.6265699857038194,0.6617128000361046,OAS1_0021_MR1_mpr-1_anon,bias,high
0.4366874098777771,0.08062754571437836,0.006568111013621092,5.450838088989258,2.8964550495147705,0.10436911880970001,0.0053314161486923695,0.10436911880970001,65.36184871897979,0.9223563914902776,0.5095726122058595,0.5971683556234497,OAS1_0021_MR1_mpr-1_anon,motion,low
0.4584531784057617,0.07760339975357056,0.006054966244846582,5.921793460845947,2.841296672821045,0.10291433334350586,0.004794923588633537,0.10291433334350586,60.18566391888787,0.9230984781429821,0.5181470482738998,0.603802514087231,OAS1_0021_MR1_mpr-1_anon,motion,medium
0.4571584463119507,0.07408035546541214,0.005522990599274635,6.234649658203125,2.8268141746520996,0.10445525497198105,0.004394610412418842,0.10445525497198105,59.39505998200062,0.9170888915774909,0.5125366819904407,0.5983440083021304,OAS1_0021_MR1_mpr-1_anon,motion,high
0.07625629007816315,0.1321810632944107,0.018149277195334435,0.5543679594993591,2.493649482727051,0.14592017233371735,0.013976110145449638,0.14592017233371735,167.7040685317096,0.9173264842084761,0.604877713705489,0.6413082259886553,OAS1_0021_MR1_mpr-2_anon,original,none
0.10428375005722046,0.16480723023414612,0.02811727114021778,0.6124409437179565,2.6857662200927734,0.11566430330276489,0.0007477557519450784,0.11566430330276489,52.95105650658701,0.9840880515390953,0.5823508038172517,0.6885244175735231,OAS1_0021_MR1_mpr-2_anon,blur,low
0.13121247291564941,0.1921558976173401,0.038119055330753326,0.6621301770210266,2.862879753112793,0.08806824684143066,0.0001224582374561578,0.08806824684143066,22.92762104109222,0.9954306225185465,0.5613938392120457,0.688876540677788,OAS1_0021_MR1_mpr-2_anon,blur,medium
0.16811683773994446,0.22996333241462708,0.05439186096191406,0.7099007368087769,3.097501039505005,0.07359855622053146,1.932974555529654e-05,0.07359855622053146,12.191964422487745,0.9983951756543059,0.5283064647691722,0.6740660177208629,OAS1_0021_MR1_mpr-2_anon,blur,high
0.07779256999492645,0.13138575851917267,0.017936721444129944,0.5731561183929443,2.7360057830810547,0.14914217591285706,0.013988619670271873,0.14914217591285706,167.84526283413757,0.9168086249444214,0.45759009208776347,0.5667809898622185,OAS1_0021_MR1_mpr-2_anon,noise,low
0.07931491732597351,0.13055329024791718,0.017715655267238617,0.592294454574585,3.09944486618042,0.15238040685653687,0.014083413407206535,0.15238040685653687,168.32426374846813,0.9151577579112213,0.23490898243058275,0.43209756480497774,OAS1_0021_MR1_mpr-2_anon,noise,medium
0.08244388550519943,0.1290701925754547,0.01731080189347267,0.6311769485473633,3.4311914443969727,0.15919417142868042,0.014546956866979599,0.15919417142868042,170.947590786803,0.9106135768693353,0.12922838344658177,0.31203354887664964,OAS1_0021_MR1_mpr-2_anon,noise,high
0.07590654492378235,0.1315818428993225,0.017971575260162354,0.5544934272766113,2.4917075634002686,0.14568695425987244,0.013927822932600975,0.14568695425987244,166.0733228496477,0.9173630556845216,0.6048749284855865,0.6413331641688159,OAS1_0021_MR1_mpr-2_anon,bias,low
0.07501713186502457,0.13014331459999084,0.017567846924066544,0.5543447732925415,2.4870996475219727,0.14438274502754211,0.013697376474738121,0.14438274502754211,162.31916551776962,0.9174218852543456,0.6048761877742097,0.6416259845680456,OAS1_0021_MR1_mpr-2_anon,bias,medium
0.07301341742277145,0.12701621651649475,0.01671920344233513,0.5537152290344238,2.476741313934326,0.141058549284935,0.013126629404723644,0.141058549284935,154.15230557310815,0.9175434321646361,0.6048792649426515,0.6424384706808449,OAS1_0021_MR1_mpr-2_anon,bias,high
0.43847858905792236,0.08140164613723755,0.006690673530101776,5.42722225189209,3.0002167224884033,0.10668967664241791,0.0052578989416360855,0.10668967664241791,64.56826782226562,0.9247798985536635,0.486158835262374,0.5793234569743277,OAS1_0021_MR1_mpr-2_anon,motion,low
0.4564005434513092,0.07875612378120422,0.006228404585272074,5.809535980224609,2.9463605880737305,0.10553248226642609,0.004769692197442055,0.10553248226642609,60.07248140222886,0.925565743573888,0.4943394249442147,0.5852270515157075,OAS1_0021_MR1_mpr-2_anon,motion,medium
0.45491331815719604,0.07598273456096649,0.005807582288980484,6.040909767150879,2.937687873840332,0.10832075774669647,0.00445928517729044,0.10832075774669647,60.68242007984835,0.919512936172729,0.4880486997044703,0.5779077486550424,OAS1_0021_MR1_mpr-2_anon,motion,high
0.07663150876760483,0.13233020901679993,0.01820026896893978,0.555837869644165,2.4938063621520996,0.14602413773536682,0.01397819072008133,0.14602413773536682,164.07845291436888,0.9182650951890596,0.60540876062852,0.6413911730769302,OAS1_0021_MR1_mpr-3_anon,original,none
0.10528450459241867,0.16598081588745117,0.02854112535715103,0.6134529113769531,2.691437244415283,0.11552935093641281,0.0007392271654680371,0.11552935093641281,52.062680831609995,0.9844519153257503,0.5827798650069895,0.6879267912927305,OAS1_0021_MR1_mpr-3_anon,blur,low
0.12944601476192474,0.18975257873535156,0.037166692316532135,0.661980390548706,2.858088493347168,0.08620663732290268,0.00011406165140215307,0.08620663732290268,22.0599152209712,0.9954789706970995,0.5619439605744545,0.6898261866718625,OAS1_0021_MR1_mpr-3_anon,blur,medium
0.16439008712768555,0.22500984370708466,0.05208776891231537,0.7091614007949829,3.0868334770202637,0.07191864401102066,1.8155335055780597e-05,0.07191864401102066,11.770954326554842,0.9983823706874637,0.5289288775809927,0.6753049404920453,OAS1_0021_MR1_mpr-3_anon,blur,high
0.07815597951412201,0.13149955868721008,0.01797838881611824,0.5748473405838013,2.7382543087005615,0.14923375844955444,0.013987306505441666,0.14923375844955444,164.1422566731771,0.9177566983843415,0.4567146744275491,0.5660861313194882,OAS1_0021_MR1_mpr-3_anon,noise,low
0.07971293479204178,0.13070641458034515,0.017764685675501823,0.5941866636276245,3.1027486324310303,0.15256981551647186,0.014094218611717224,0.15256981551647186,164.77404450061272,0.916128655439614,0.23438977148708287,0.4314657104159437,OAS1_0021_MR1_mpr-3_anon,noise,medium
0.08284378796815872,0.12914618849754333,0.01734476536512375,0.633561372756958,3.4352805614471436,0.15938733518123627,0.014553949236869812,0.15938733518123627,167.3834318273208,0.911559152502464,0.12890370958926103,0.3110875364555318,OAS1_0021_MR1_mpr-3_anon,noise,high
0.07617552578449249,0.1315653920173645,0.01797223463654518,0.555952787399292,2.4914307594299316,0.14559434354305267,0.013905782252550125,0.14559434354305267,162.09007209329047,0.9183131587046764,0.6054058341682818,0.6414327485333446,OAS1_0021_MR1_mpr-3_anon,bias,low
0.07533018290996552,0.13020025193691254,0.017586536705493927,0.5557947158813477,2.4871225357055664,0.1443859338760376,0.013701783493161201,0.1443859338760376,158.67500382965687,0.9183767446798013,0.6054064155244763,0.6416687211529122,OAS1_0021_MR1_mpr-3_anon,bias,medium
0.07317184656858444,0.12685135006904602,0.016671810299158096,0.5551524758338928,2.4759624004364014,0.14076530933380127,0.01308173406869173,0.14076530933380127,149.99224662032782,0.9184986481673916,0.6054099501665267,0.6425446767056654,OAS1_0021_MR1_mpr-3_anon,bias,high
0.43759608268737793,0.08086664974689484,0.006600848399102688,5.439059257507324,3.0146279335021973,0.10553712397813797,0.005153896287083626,0.10553712397813797,61.862010282628674,0.9268139721922688,0.48032108329599843,0.5762534876618601,OAS1_0021_MR1_mpr-3_anon,motion,low
0.4631255269050598,0.07874590158462524,0.006232245825231075,5.896598815917969,2.95098876953125,0.10525175929069519,0.0047524054534733295,0.10525175929069519,58.60017688227636,0.9273676509232543,0.49240736914401884,0.583984401772766,OAS1_0021_MR1_mpr-3_anon,motion,medium
0.4546484351158142,0.07545424997806549,0.0057259416207671165,6.076402187347412,2.9496147632598877,0.1074635460972786,0.004377229604870081,0.1074635460972786,58.50270206227023,0.9212640021393771,0.48307685147229495,0.5762480944247703,OAS1_0021_MR1_mpr-3_anon,motion,high
0.07991679012775421,0.13414669036865234,0.01869918406009674,0.5738011002540588,2.602658748626709,0.1514427661895752,0.014347853139042854,0.1514427661895752,168.2085226619945,0.9170021186314522,0.5832827380575091,0.6214628682686458,OAS1_0021_MR1_mpr-4_anon,original,none
0.10776793956756592,0.16516244411468506,0.028226565569639206,0.633777916431427,2.8007588386535645,0.1168626993894577,0.0007253364892676473,0.1168626993894577,51.39010967179841,0.9843665344053307,0.5595479438076199,0.6739211097814974,OAS1_0021_MR1_mpr-4_anon,blur,low
0.13266797363758087,0.188377246260643,0.0365564227104187,0.6841379404067993,2.9700822830200195,0.08743828535079956,0.0001155935024144128,0.08743828535079956,21.91594597311581,0.9954803155003424,0.5382303560476294,0.6789562998619934,OAS1_0021_MR1_mpr-4_anon,blur,medium
0.16817152500152588,0.22257384657859802,0.051025182008743286,0.7328594923019409,3.2002696990966797,0.07253336906433105,1.8282256860402413e-05,0.07253336906433105,11.549632711971508,0.9983933819230439,0.5049934119536255,0.6671545177198067,OAS1_0021_MR1_mpr-4_anon,blur,high
0.08143466711044312,0.13323834538459778,0.018452249467372894,0.5933047533035278,2.864574670791626,0.15462510287761688,0.014352316036820412,0.15462510287761688,168.21634689031865,0.9164087337167797,0.4202347379423365,0.5385446219348109,OAS1_0021_MR1_mpr-4_anon,noise,low
0.08309109508991241,0.13255977630615234,0.0182684026658535,0.6132007837295532,3.2104005813598633,0.15809914469718933,0.014490989968180656,0.15809914469718933,169.1180258358226,0.9146022904563542,0.2176585967614526,0.4113660777527186,OAS1_0021_MR1_mpr-4_anon,noise,medium
0.08630560338497162,0.1309688240289688,0.017840124666690826,0.653700590133667,3.5263850688934326,0.16506120562553406,0.015023346059024334,0.16506120562553406,172.2546022901348,0.9096371509986635,0.11917681629206643,0.2954364489155203,OAS1_0021_MR1_mpr-4_anon,noise,high
0.07934695482254028,0.13320982456207275,0.01842169091105461,0.5740935802459717,2.599611282348633,0.15080901980400085,0.014252042397856712,0.15080901980400085,165.89112441119028,0.9169871469538855,0.5832812370996467,0.6215447625108443,OAS1_0021_MR1_mpr-4_anon,bias,low
0.07841233164072037,0.13177266716957092,0.018015064299106598,0.5740930438041687,2.5946342945098877,0.14944550395011902,0.014036714099347591,0.14944550395011902,162.25121783088238,0.9169937128505643,0.5832813200922706,0.6218548856542239,OAS1_0021_MR1_mpr-4_anon,bias,medium
0.07632264494895935,0.12864944338798523,0.017163146287202835,0.5736545324325562,2.5835278034210205,0.14596691727638245,0.013468420132994652,0.14596691727638245,154.1136049756817,0.9170349291396138,0.5832854203091977,0.62268574562314,OAS1_0021_MR1_mpr-4_anon,bias,high
0.4469532370567322,0.08218337595462799,0.006833613384515047,5.470560550689697,3.1013243198394775,0.1085137128829956,0.005257125943899155,0.1085137128829956,63.09799457624847,0.9276711078237141,0.46107367983932707,0.5600531096545751,OAS1_0021_MR1_mpr-4_anon,motion,low
0.4568398594856262,0.07963508367538452,0.006366370711475611,5.749758720397949,3.0485892295837402,0.10757201910018921,0.00479420181363821,0.10757201910018921,59.18093525007659,0.9281520514236878,0.46902401553030265,0.5670393516852807,OAS1_0021_MR1_mpr-4_anon,motion,medium
0.45675015449523926,0.07694326341152191,0.005949258804321289,5.979918479919434,3.034740686416626,0.11100099980831146,0.004500633105635643,0.11100099980831146,60.294279330384505,0.9219102792974463,0.4642040469340978,0.5595466619691625,OAS1_0021_MR1_mpr-4_anon,motion,high
0.08574319630861282,0.14603888988494873,0.02226264774799347,0.5584813356399536,2.4574220180511475,0.15074662864208221,0.012096808291971684,0.15074662864208221,152.93046707452515,0.9363678874324968,0.6202585033163126,0.6568128895693961,OAS1_0022_MR1_mpr-1_anon,original,none
0.11996130645275116,0.1894882768392563,0.03736695647239685,0.6047533750534058,2.6507058143615723,0.1257835179567337,0.0007505019311793149,0.1257835179567337,47.046990607766546,0.9887850761761394,0.597964505351726,0.6966309716923005,OAS1_0022_MR1_mpr-1_anon,blur,low
0.14533737301826477,0.2164696455001831,0.04862216114997864,0.6461992263793945,2.819918155670166,0.09730212390422821,0.0001235921517945826,0.09730212390422821,20.912247721354166,0.996671259424779,0.5764350803069622,0.694803040469265,OAS1_0022_MR1_mpr-1_anon,blur,medium
0.1775798797607422,0.2501353323459625,0.06458312273025513,0.6881289482116699,3.047366142272949,0.07609346508979797,2.105113526340574e-05,0.07609346508979797,10.389100796568629,0.9988097009601536,0.5415100835021058,0.6815230700277932,OAS1_0022_MR1_mpr-1_anon,blur,high
0.08746914565563202,0.14510835707187653,0.021983696147799492,0.577612578868866,2.777031660079956,0.15442226827144623,0.012122279033064842,0.15442226827144623,153.15936422909007,0.9359061583815178,0.41989954369398647,0.5553965557055538,OAS1_0022_MR1_mpr-1_anon,noise,low
0.08931449055671692,0.14437955617904663,0.021766338497400284,0.59700608253479,3.1508371829986572,0.1583864539861679,0.012295378372073174,0.1583864539861679,154.32052779852177,0.9345830698563522,0.22181557853395584,0.42477020307113217,OAS1_0022_MR1_mpr-1_anon,noise,medium
0.09278731048107147,0.14256690442562103,0.02121901325881481,0.6363351345062256,3.5007097721099854,0.1662035584449768,0.012911533936858177,0.1662035584449768,157.82159866632202,0.9305900481587936,0.12002807108618149,0.3003972504253568,OAS1_0022_MR1_mpr-1_anon,noise,high
0.08496568351984024,0.1447293758392334,0.021848533302545547,0.5586774945259094,2.4545698165893555,0.14983037114143372,0.011969026178121567,0.14983037114143372,150.83824055989584,0.9360718381705367,0.6202581242662188,0.6569036406407593,OAS1_0022_MR1_mpr-1_anon,bias,low
0.08407634496688843,0.14329664409160614,0.021397460252046585,0.5587457418441772,2.450786590576172,0.14870703220367432,0.01181112602353096,0.14870703220367432,148.40409988702515,0.9357920154714663,0.62025805730638,0.6570770621819337,OAS1_0022_MR1_mpr-1_anon,bias,medium
0.08259664475917816,0.140986368060112,0.020680004730820656,0.5586452484130859,2.4445266723632812,0.1467314064502716,0.011533165350556374,0.1467314064502716,144.28428284888176,0.9354187097414173,0.6202583476990402,0.6573957382588616,OAS1_0022_MR1_mpr-1_anon,bias,high
0.463107168674469,0.08563709259033203,0.007375756744295359,5.432168006896973,2.961932897567749,0.10512601584196091,0.00415120180696249,0.10512601584196091,53.36904751646753,0.9443781019071067,0.5023689617631422,0.5987856765668923,OAS1_0022_MR1_mpr-1_anon,motion,low
0.4601650536060333,0.08242499828338623,0.006823096424341202,5.60970401763916,2.90975022315979,0.10419627279043198,0.0038286512717604637,0.10419627279043198,52.24290364583334,0.9417619646835157,0.5074524398559934,0.6033983989309512,OAS1_0022_MR1_mpr-1_anon,motion,medium
0.4712509214878082,0.0809333324432373,0.006577855441719294,5.853031158447266,2.8887271881103516,0.11229650676250458,0.0037172934971749783,0.11229650676250458,55.9578670726103,0.9348054923779561,0.5089409805017888,0.5959368041273211,OAS1_0022_MR1_mpr-1_anon,motion,high
0.08595295250415802,0.14697884023189545,0.02256624400615692,0.5560159683227539,2.4452905654907227,0.15074898302555084,0.012124396860599518,0.15074898302555084,153.58986864276963,0.936057193539704,0.6234321301171541,0.6593628566152602,OAS1_0022_MR1_mpr-2_anon,original,none
0.11878593266010284,0.18883204460144043,0.03707801550626755,0.6019463539123535,2.6364340782165527,0.12441698461771011,0.0007353228284046054,0.12441698461771011,46.07657638250613,0.9886993380087425,0.6010913560572353,0.6983806576685148,OAS1_0022_MR1_mpr-2_anon,blur,low
0.14505325257778168,0.21751642227172852,0.049002476036548615,0.6424077749252319,2.80812931060791,0.09709589183330536,0.0001234947267221287,0.09709589183330536,20.96235088273591,0.9967255575566297,0.5796233329949737,0.6959983428584189,OAS1_0022_MR1_mpr-2_anon,blur,medium
0.17652703821659088,0.25052252411842346,0.06469970941543579,0.683246374130249,3.032681941986084,0.07565458863973618,2.0777679310413077e-05,0.07565458863973618,10.348383884803923,0.9988207752111792,0.5449261780060317,0.6832638513348697,OAS1_0022_MR1_mpr-2_anon,blur,high
0.0876961350440979,0.14602570235729218,0.022281713783740997,0.5757631063461304,2.7705414295196533,0.1544475555419922,0.012146585620939732,0.1544475555419922,153.76051767386645,0.9355618529226108,0.42029417501572897,0.5559919370552293,OAS1_0022_MR1_mpr-2_anon,noise,low
0.08945998549461365,0.14512701332569122,0.022008664906024933,0.5957290530204773,3.146014451980591,0.1583002209663391,0.012288901954889297,0.1583002209663391,154.53704271503523,0.9341295535132048,0.22208340329608206,0.4249939066672955,OAS1_0022_MR1_mpr-2_anon,noise,medium
0.09297943115234375,0.14331042766571045,0.02145652286708355,0.6361688375473022,3.4990429878234863,0.1661684811115265,0.01292281225323677,0.1661684811115265,158.11378054151348,0.9298226984837373,0.12011862303561277,0.30018969410679686,OAS1_0022_MR1_mpr-2_anon,noise,high
0.08533431589603424,0.1459077149629593,0.02222130447626114,0.5562213659286499,2.4432833194732666,0.15011590719223022,0.012040618807077408,0.15011590719223022,152.04207907284012,0.9357715672454732,0.6234314428408643,0.6593629519665022,OAS1_0022_MR1_mpr-2_anon,bias,low
0.08452281355857849,0.14458295702934265,0.021799512207508087,0.5562992095947266,2.439908027648926,0.1491280347108841,0.01190471276640892,0.1491280347108841,149.85011752259499,0.9355085673912326,0.6234311577879919,0.6594488484280815,OAS1_0022_MR1_mpr-2_anon,bias,medium
0.08309377729892731,0.14232438802719116,0.021091774106025696,0.55621337890625,2.4340038299560547,0.14725041389465332,0.011645573191344738,0.14725041389465332,145.9293105181526,0.9351452850105348,0.6234311440007005,0.6597799995241561,OAS1_0022_MR1_mpr-2_anon,bias,high
0.4608158469200134,0.08635581284761429,0.007499732077121735,5.352492332458496,2.9533915519714355,0.10535259544849396,0.00417069997638464,0.10535259544849396,53.766337316176475,0.9450004181896833,0.5055568497912803,0.6000392936646634,OAS1_0022_MR1_mpr-2_anon,motion,low
0.4636188745498657,0.08273902535438538,0.006872916594147682,5.628334045410156,2.8935370445251465,0.10382296144962311,0.003805777058005333,0.10382296144962311,52.05325999540442,0.9422830253922964,0.5116022376141103,0.6059685525523069,OAS1_0022_MR1_mpr-2_anon,motion,medium
0.47233158349990845,0.08061771094799042,0.0065332986414432526,5.892567157745361,2.8719916343688965,0.11112013459205627,0.0036451639607548714,0.11112013459205627,55.08320791207109,0.9353632825409687,0.5123590966982003,0.5990295640244189,OAS1_0022_MR1_mpr-2_anon,motion,high
0.0850013718008995,0.14555320143699646,0.022108154371380806,0.5547553300857544,2.4269919395446777,0.14889246225357056,0.011813648045063019,0.14889246225357056,150.18099365234377,0.9374333382433542,0.6265430737936093,0.6621486353710345,OAS1_0022_MR1_mpr-3_anon,original,none
0.11886495351791382,0.18898846209049225,0.037217579782009125,0.600037693977356,2.620433807373047,0.12433604896068573,0.0007325625629164279,0.12433604896068573,46.11229295917586,0.9888953852922664,0.604416985999584,0.7001728801536808,OAS1_0022_MR1_mpr-3_anon,blur,low
0.14651839435100555,0.2199920117855072,0.050303466618061066,0.6404432058334351,2.7954092025756836,0.09800486266613007,0.00012449698988348246,0.09800486266613007,21.33149653416054,0.9967155408718104,0.582805760967747,0.696687168518491,OAS1_0022_MR1_mpr-3_anon,blur,medium
0.17799317836761475,0.25303328037261963,0.06614607572555542,0.6809724569320679,3.0185458660125732,0.07624402642250061,2.0849005522904918e-05,0.07624402642250061,10.519348623238358,0.9988247712256871,0.5481255754107031,0.6831522934211935,OAS1_0022_MR1_mpr-3_anon,blur,high
0.08675514161586761,0.1446664035320282,0.021843500435352325,0.5739754438400269,2.745479106903076,0.15262852609157562,0.011847053654491901,0.15262852609157562,150.50078400256587,0.9369836729093746,0.42831920171142784,0.56158379925547,OAS1_0022_MR1_mpr-3_anon,noise,low
0.08850735425949097,0.14375963807106018,0.021577827632427216,0.59344482421875,3.1236324310302734,0.15642991662025452,0.011990250088274479,0.15642991662025452,151.28454972809436,0.9356753437464433,0.22575962539343067,0.4291665721393395,OAS1_0022_MR1_mpr-3_anon,noise,medium
0.09218741953372955,0.1422773003578186,0.021137049421668053,0.6328741312026978,3.481257438659668,0.1646166741847992,0.012654881924390793,0.1646166741847992,155.41667959175862,0.9316932641196186,0.12205058316998948,0.3033449973226937,OAS1_0022_MR1_mpr-3_anon,noise,high
0.08431333303451538,0.14435535669326782,0.02173074707388878,0.5550088286399841,2.4245104789733887,0.14812511205673218,0.011709267273545265,0.14812511205673218,148.37973728553922,0.937140136105311,0.6265425279557562,0.6621715480738513,OAS1_0022_MR1_mpr-3_anon,bias,low
0.08353393524885178,0.14305736124515533,0.021328862756490707,0.5551319122314453,2.421128273010254,0.14718617498874664,0.0115843266248703,0.14718617498874664,146.34492331112136,0.9368672563880746,0.6265425208622599,0.6622876913002179,OAS1_0022_MR1_mpr-3_anon,bias,medium
0.08213219046592712,0.14082665741443634,0.020639974623918533,0.5551087856292725,2.4151628017425537,0.14535579085350037,0.011333984322845936,0.14535579085350037,142.54424570121017,0.9364956012714407,0.6265429791392989,0.662583199235854,OAS1_0022_MR1_mpr-3_anon,bias,high
0.4590216875076294,0.08557523787021637,0.0073651475831866264,5.387120246887207,2.936203956604004,0.10440672934055328,0.004102341830730438,0.10440672934055328,53.114113721660544,0.9447187550315884,0.5085191947209247,0.6027746992558048,OAS1_0022_MR1_mpr-3_anon,motion,low
0.4607453942298889,0.0822921097278595,0.006800513714551926,5.621394157409668,2.8816704750061035,0.10320007801055908,0.0037552588619291782,0.10320007801055908,51.56238487094056,0.9421291103482741,0.5136717894294376,0.6078634904883762,OAS1_0022_MR1_mpr-3_anon,motion,medium
0.4707742929458618,0.0804414302110672,0.006502839736640453,5.884858131408691,2.8586819171905518,0.11087748408317566,0.00362033280543983,0.11087748408317566,54.949068914675244,0.935184414100259,0.5155527367553356,0.6009122461557085,OAS1_0022_MR1_mpr-3_anon,motion,high
0.08838669210672379,0.14720618724822998,0.02259228378534317,0.5713330507278442,2.5074076652526855,0.15302440524101257,0.012098635546863079,0.15302440524101257,152.71532915900735,0.9376173477331253,0.6114086229051792,0.6483338170772485,OAS1_0022_MR1_mpr-4_anon,original,none
0.12297175079584122,0.19003021717071533,0.03760358691215515,0.6180303692817688,2.704286813735962,0.12668095529079437,0.0007322762976400554,0.12668095529079437,45.989834415211405,0.989163188807503,0.5884684565157998,0.6897000165641489,OAS1_0022_MR1_mpr-4_anon,blur,low
0.1481642872095108,0.21611450612545013,0.04834714159369469,0.6596103310585022,2.8742713928222656,0.09764095395803452,0.0001202727944473736,0.09764095395803452,20.331930003446693,0.996771094170981,0.5665957120899581,0.6889282928987315,OAS1_0022_MR1_mpr-4_anon,blur,medium
0.18323829770088196,0.25295490026474,0.06597618758678436,0.70176100730896,3.109834909439087,0.07751554250717163,2.1143543563084677e-05,0.07751554250717163,10.389145675359988,0.9988383837432327,0.530877015997065,0.6743639069915346,OAS1_0022_MR1_mpr-4_anon,blur,high
0.09019551426172256,0.14629130065441132,0.022318299859762192,0.5913431644439697,2.8454630374908447,0.15684998035430908,0.012133810669183731,0.15684998035430908,153.06574000938264,0.9370931725830405,0.398312733729682,0.5397275450201314,OAS1_0022_MR1_mpr-4_anon,noise,low
0.09199588745832443,0.14538390934467316,0.022044088691473007,0.6116489171981812,3.211310386657715,0.1607416719198227,0.012290025129914284,0.1607416719198227,153.936925312117,0.9356331905633295,0.21216785188598636,0.41297567534064966,OAS1_0022_MR1_mpr-4_anon,noise,medium
0.09559738636016846,0.14353282749652863,0.021491659805178642,0.6526175141334534,3.555790901184082,0.16882576048374176,0.0129666393622756,0.16882576048374176,157.87437444948682,0.9310639470668737,0.1144124425505994,0.29054012137970353,OAS1_0022_MR1_mpr-4_anon,noise,high
0.08776974678039551,0.14612630009651184,0.022250816226005554,0.5716507434844971,2.5051050186157227,0.15239566564559937,0.012019127607345581,0.15239566564559937,151.21500220205274,0.937320085478661,0.6114080617383054,0.648340770039947,OAS1_0022_MR1_mpr-4_anon,bias,low
0.08702300488948822,0.14490026235580444,0.021866708993911743,0.5718283653259277,2.5018084049224854,0.15152181684970856,0.011905782856047153,0.15152181684970856,149.30137580422797,0.9370497334232873,0.611407935371117,0.6484440561507041,OAS1_0022_MR1_mpr-4_anon,bias,medium
0.08573941141366959,0.1428932249546051,0.02124469354748726,0.5718715190887451,2.4961886405944824,0.14991143345832825,0.011695990338921547,0.14991143345832825,146.00180089613974,0.9366759485265842,0.6114083731938751,0.648753000956751,OAS1_0022_MR1_mpr-4_anon,bias,high
0.4579430818557739,0.08680707961320877,0.007580083794891834,5.292257785797119,3.0037622451782227,0.10619492083787918,0.0041564106941223145,0.10619492083787918,53.4276123046875,0.9457431218431929,0.49444301770697585,0.5918609582481702,OAS1_0022_MR1_mpr-4_anon,motion,low
0.4616745114326477,0.08339399099349976,0.006978445686399937,5.553610801696777,2.9450595378875732,0.10544917732477188,0.003809998743236065,0.10544917732477188,52.02740789675245,0.9430480974108993,0.501139401376638,0.5953917537969962,OAS1_0022_MR1_mpr-4_anon,motion,medium
0.4711555242538452,0.08185432106256485,0.0067326161079108715,5.788835525512695,2.9371869564056396,0.11387672275304794,0.003706104587763548,0.11387672275304794,56.07201550053616,0.9361946994477894,0.49950040331189544,0.5873133250368093,OAS1_0022_MR1_mpr-4_anon,motion,high
0.07643662393093109,0.14869898557662964,0.022429488599300385,0.5012736320495605,2.173154354095459,0.15155181288719177,0.019608106464147568,0.15155181288719177,205.87287310431986,0.9241935732833128,0.6775412065907437,0.7026298185891857,OAS1_0023_MR1_mpr-1_anon,original,none
0.0981394350528717,0.17515996098518372,0.031226512044668198,0.5473781824111938,2.3493595123291016,0.118695467710495,0.0007013129652477801,0.118695467710495,53.69917399088542,0.9858246206898122,0.6555513715655874,0.7268403016156504,OAS1_0023_MR1_mpr-1_anon,blur,low
0.11451219022274017,0.18964938819408417,0.03640984371304512,0.5926004648208618,2.4927806854248047,0.0925784781575203,0.000123750971397385,0.0925784781575203,25.854399797028186,0.9945492769571076,0.6338691327060176,0.7226013914191838,OAS1_0023_MR1_mpr-1_anon,blur,medium
0.1432875394821167,0.21760651469230652,0.047816187143325806,0.6477013230323792,2.70747447013855,0.07719577848911285,2.6007566702901386e-05,0.07719577848911285,14.028088139552697,0.9978036217941728,0.5980416372479584,0.7050253303938928,OAS1_0023_MR1_mpr-1_anon,blur,high
0.0780252069234848,0.14783626794815063,0.022170839831233025,0.5153861045837402,2.4176416397094727,0.15495866537094116,0.019572746008634567,0.15495866537094116,205.7623296999464,0.923997841662338,0.5346869984167377,0.6310863309915984,OAS1_0023_MR1_mpr-1_anon,noise,low
0.07961184531450272,0.14697876572608948,0.021914467215538025,0.5296361446380615,2.8380470275878906,0.15839090943336487,0.019619019702076912,0.15839090943336487,205.87641553691788,0.9231454233287362,0.27237644442435155,0.47778509370871647,OAS1_0023_MR1_mpr-1_anon,noise,medium
0.08282139897346497,0.14530521631240845,0.021426334977149963,0.5586702823638916,3.2337121963500977,0.16537126898765564,0.019945833832025528,0.16537126898765564,207.4138963886336,0.9209349842090631,0.15008939661996357,0.34333210739654735,OAS1_0023_MR1_mpr-1_anon,noise,high
0.07606666535139084,0.14844182133674622,0.0223524272441864,0.49982815980911255,2.171229124069214,0.1511990875005722,0.01964910328388214,0.1511990875005722,205.50817799287688,0.9240413628325544,0.6775402470429152,0.7027506435103822,OAS1_0023_MR1_mpr-1_anon,bias,low
0.0754038393497467,0.1476840078830719,0.02211693301796913,0.49832767248153687,2.168085813522339,0.1502666175365448,0.01954561471939087,0.1502666175365448,203.68248075597432,0.9239101571415177,0.677540903501896,0.7029911882061421,OAS1_0023_MR1_mpr-1_anon,bias,medium
0.07382385432720184,0.14553791284561157,0.02145371586084366,0.49601179361343384,2.1609408855438232,0.14767640829086304,0.019097596406936646,0.14767640829086304,197.95916748046878,0.9237412172219399,0.6775421845136327,0.7035198496834867,OAS1_0023_MR1_mpr-1_anon,bias,high
0.44732826948165894,0.0835132896900177,0.007006258703768253,5.392523765563965,2.6899514198303223,0.10409834235906601,0.006340004503726959,0.10409834235906601,67.68455020680148,0.9255406495257664,0.5667412043874933,0.6384417045017168,OAS1_0023_MR1_mpr-1_anon,motion,low
0.4569971561431885,0.07993392646312714,0.006432568654417992,5.765654563903809,2.6295833587646484,0.10024011135101318,0.005753095727413893,0.10024011135101318,63.63892319623161,0.9240415280482541,0.5706504345881576,0.6450243831448051,OAS1_0023_MR1_mpr-1_anon,motion,medium
0.4616864025592804,0.0778575986623764,0.006087339483201504,5.973660469055176,2.6237235069274902,0.10627441853284836,0.005490130744874477,0.10627441853284836,64.82135368795954,0.9180887548401743,0.5703961541445097,0.6371046551726152,OAS1_0023_MR1_mpr-1_anon,motion,high
0.07670058310031891,0.14877213537693024,0.02244699001312256,0.5025534629821777,2.1788065433502197,0.15083158016204834,0.018908359110355377,0.15083158016204834,201.30948438457418,0.9258034184389642,0.6767341599951164,0.7017578535684992,OAS1_0023_MR1_mpr-2_anon,original,none
0.09790758043527603,0.17459377646446228,0.03101969137787819,0.5476992130279541,2.353621482849121,0.11781234294176102,0.0006803703727200627,0.11781234294176102,52.7993558995864,0.9860123960964007,0.6546809825717621,0.7261144609626738,OAS1_0023_MR1_mpr-2_anon,blur,low
0.11413924396038055,0.18912875652313232,0.03620387613773346,0.5926806926727295,2.4963202476501465,0.09211622178554535,0.0001211603739648126,0.09211622178554535,25.56223551432292,0.9945674948188561,0.633031445700923,0.7218663923427672,OAS1_0023_MR1_mpr-2_anon,blur,medium
0.14263677597045898,0.21677851676940918,0.04741410166025162,0.6479803919792175,2.71090030670166,0.07704225182533264,2.574709287728183e-05,0.07704225182533264,13.960223747702205,0.9977899141647542,0.5972572829624425,0.7044920192513502,OAS1_0023_MR1_mpr-2_anon,blur,high
0.07829546183347702,0.14790281653404236,0.022187640890479088,0.5167028903961182,2.425823211669922,0.15425081551074982,0.018876055255532265,0.15425081551074982,201.22240708295038,0.9256052266535073,0.5322716938448728,0.6294456643249078,OAS1_0023_MR1_mpr-2_anon,noise,low
0.07990603893995285,0.14707310497760773,0.02194061130285263,0.5309959650039673,2.8460254669189453,0.15773364901542664,0.018931947648525238,0.15773364901542664,201.4137958601409,0.9247718798063043,0.27120323975634514,0.47652792278466416,OAS1_0023_MR1_mpr-2_anon,noise,medium
0.08306901901960373,0.14530977606773376,0.021419666707515717,0.5601021647453308,3.2413666248321533,0.1646134853363037,0.01923477277159691,0.1646134853363037,202.69516697303925,0.9225954620086931,0.14948920067053734,0.3423999315844266,OAS1_0023_MR1_mpr-2_anon,noise,high
0.07620351761579514,0.14833365380764008,0.022308876737952232,0.5010330677032471,2.176424741744995,0.15022827684879303,0.01889893412590027,0.15022827684879303,200.37547846775433,0.9256828884537448,0.6767333841762253,0.7019531114703689,OAS1_0023_MR1_mpr-2_anon,bias,low
0.07544305920600891,0.14743509888648987,0.022031288594007492,0.499459445476532,2.172830820083618,0.149088054895401,0.018763430416584015,0.149088054895401,198.16010024126842,0.9255794613210804,0.6767339580316942,0.7021968878730723,OAS1_0023_MR1_mpr-2_anon,bias,medium
0.07390505820512772,0.1453932374715805,0.021402670070528984,0.49703851342201233,2.165975570678711,0.14657141268253326,0.018363455310463905,0.14657141268253326,192.8123188093597,0.9254522364696737,0.6767349901495652,0.7027303434559895,OAS1_0023_MR1_mpr-2_anon,bias,high
0.4459800720214844,0.08391168713569641,0.007073045242577791,5.356257438659668,2.6993024349212646,0.10396627336740494,0.006151669658720493,0.10396627336740494,66.57566971124388,0.9274689959724245,0.5653241288476618,0.6368517396000559,OAS1_0023_MR1_mpr-2_anon,motion,low
0.4579622745513916,0.0802704244852066,0.006492723245173693,5.762767791748047,2.6405892372131348,0.10039374232292175,0.0056030345149338245,0.10039374232292175,62.92848881740196,0.9256947241277789,0.569030231745143,0.6434914341881771,OAS1_0023_MR1_mpr-2_anon,motion,medium
0.4628191590309143,0.07811205834150314,0.006128627806901932,5.971442699432373,2.635651111602783,0.10622996836900711,0.005339500494301319,0.10622996836900711,64.00198783126532,0.919913074892061,0.5680539299956988,0.6354099303980103,OAS1_0023_MR1_mpr-2_anon,motion,high
0.0767907053232193,0.1467127948999405,0.021870505064725876,0.5093181729316711,2.1945271492004395,0.147043377161026,0.01726018264889717,0.147043377161026,186.2125780292586,0.9295229917805649,0.6735169929573083,0.6991135351249566,OAS1_0023_MR1_mpr-3_anon,original,none
0.09834259748458862,0.17397992312908173,0.03076527640223503,0.5526678562164307,2.3717575073242188,0.11642201244831085,0.0006298241205513477,0.11642201244831085,51.439888030407474,0.9863190264841201,0.6513336707682713,0.7239122460765265,OAS1_0023_MR1_mpr-3_anon,blur,low
0.11553758382797241,0.1901366412639618,0.03657769039273262,0.5969969034194946,2.5170912742614746,0.09230832755565643,0.00011860951053677127,0.09230832755565643,25.637033260569858,0.9946188366161622,0.6295812324630868,0.7199361098451947,OAS1_0023_MR1_mpr-3_anon,blur,medium
0.1436830461025238,0.2166830152273178,0.047453224658966064,0.6519176959991455,2.7299718856811523,0.07685769349336624,2.5441957404837012e-05,0.07685769349336624,13.889646043964461,0.99780884001121,0.5938232659755835,0.7034565864286637,OAS1_0023_MR1_mpr-3_anon,blur,high
0.07838502526283264,0.1458914875984192,0.021626371890306473,0.5235893726348877,2.435946464538574,0.1504611074924469,0.01724374294281006,0.1504611074924469,186.26652293485756,0.9293260588764409,0.5327237805142446,0.6286094306532545,OAS1_0023_MR1_mpr-3_anon,noise,low
0.07999204844236374,0.14508011937141418,0.02138685993850231,0.5380057096481323,2.8545620441436768,0.15395021438598633,0.01731041818857193,0.15395021438598633,186.59128334195003,0.9285062003474016,0.2714852327625124,0.4760510713330571,OAS1_0023_MR1_mpr-3_anon,noise,medium
0.08314570784568787,0.14335420727729797,0.020884254947304726,0.5673447251319885,3.248539447784424,0.16086143255233765,0.017644738778471947,0.16086143255233765,188.18353343290443,0.9263213147950243,0.14966349730334297,0.3425452477710853,OAS1_0023_MR1_mpr-3_anon,noise,high
0.07630142569541931,0.14621257781982422,0.021720748394727707,0.5079377889633179,2.192209482192993,0.1464800089597702,0.017249442636966705,0.1464800089597702,185.3514638863358,0.9293694488892942,0.6735166669738906,0.6992944301658256,OAS1_0023_MR1_mpr-3_anon,bias,low
0.07564089447259903,0.1454339325428009,0.02148509956896305,0.5065032243728638,2.1890316009521484,0.14557015895843506,0.0171620175242424,0.14557015895843506,183.68880663105088,0.9292351626848069,0.673517078076636,0.6995248200236932,OAS1_0023_MR1_mpr-3_anon,bias,medium
0.07436636090278625,0.1437675952911377,0.020985182374715805,0.5042858719825745,2.1832056045532227,0.14361074566841125,0.01689615286886692,0.14361074566841125,179.83560144761032,0.9290674009384328,0.673518111096784,0.699976301439113,OAS1_0023_MR1_mpr-3_anon,bias,high
0.4425312280654907,0.08371453732252121,0.007045605685561895,5.325911998748779,2.705824613571167,0.10219598561525345,0.005774474702775478,0.10219598561525345,63.37677360983456,0.93069356102754,0.5643156385825197,0.6359555300619588,OAS1_0023_MR1_mpr-3_anon,motion,low
0.45593786239624023,0.08090716600418091,0.0065907444804906845,5.686351776123047,2.6539573669433594,0.10003069043159485,0.005371584556996822,0.10003069043159485,61.20014480890013,0.9286748220350242,0.5685805524714148,0.6414907028559518,OAS1_0023_MR1_mpr-3_anon,motion,medium
0.4585689902305603,0.07825031131505966,0.00615223404020071,5.902885913848877,2.648552417755127,0.10490094870328903,0.005034863017499447,0.10490094870328903,61.49477156096813,0.9230819874718873,0.5656379090498708,0.6337339425724929,OAS1_0023_MR1_mpr-3_anon,motion,high
0.07613544166088104,0.14570337533950806,0.02150723524391651,0.511049211025238,2.2104363441467285,0.14734956622123718,0.01769465208053589,0.14734956622123718,188.48154631969976,0.9279934878148822,0.6693345382312863,0.6956933140420175,OAS1_0023_MR1_mpr-4_anon,original,none
0.09921898692846298,0.17479246854782104,0.03102865442633629,0.5558726787567139,2.395339012145996,0.11763875186443329,0.0006500228773802519,0.11763875186443329,51.63121122472427,0.98631607988869,0.6470234603363276,0.7206754157696901,OAS1_0023_MR1_mpr-4_anon,blur,low
0.116566002368927,0.1905139982700348,0.03671715408563614,0.6007338762283325,2.5419411659240723,0.09283895790576935,0.00012050385703332722,0.09283895790576935,25.611243633195468,0.9946485759667995,0.625133085949461,0.7175712455188118,OAS1_0023_MR1_mpr-4_anon,blur,medium
0.14364111423492432,0.2148526906967163,0.046680644154548645,0.6559572219848633,2.751249074935913,0.07657484710216522,2.528541699575726e-05,0.07657484710216522,13.649586875765932,0.9978258424942004,0.5894374156549518,0.7022942072058485,OAS1_0023_MR1_mpr-4_anon,blur,high
0.0777268186211586,0.14488670229911804,0.02126801572740078,0.525283694267273,2.4510083198547363,0.1507575958967209,0.01768132485449314,0.1507575958967209,188.5481871361826,0.9277917317341542,0.5285944387642587,0.6251707990109481,OAS1_0023_MR1_mpr-4_anon,noise,low
0.07930244505405426,0.1440540999174118,0.021022997796535492,0.5396833419799805,2.8667097091674805,0.15415869653224945,0.017734473571181297,0.15415869653224945,188.74050939223343,0.9269598907328086,0.26949146757370857,0.4738406923613595,OAS1_0023_MR1_mpr-4_anon,noise,medium
0.08243890851736069,0.14234137535095215,0.02052723988890648,0.5689632892608643,3.2572007179260254,0.16103225946426392,0.01806207001209259,0.16103225946426392,190.23106318455118,0.9247388102529912,0.14858130840394868,0.34108853164454656,OAS1_0023_MR1_mpr-4_anon,noise,high
0.0757538229227066,0.14536648988723755,0.021408159285783768,0.5097036361694336,2.208415985107422,0.14699457585811615,0.017726901918649673,0.14699457585811615,188.0378891888787,0.9278057732752257,0.669334197760973,0.6958147590876566,OAS1_0023_MR1_mpr-4_anon,bias,low
0.07529734075069427,0.14491337537765503,0.021274015307426453,0.5083001852035522,2.206017255783081,0.14647740125656128,0.017721738666296005,0.14647740125656128,187.24567248774514,0.9276396025561561,0.669334528697625,0.6959770125885225,OAS1_0023_MR1_mpr-4_anon,bias,medium
0.0743003785610199,0.14370137453079224,0.020911484956741333,0.506123423576355,2.2013299465179443,0.14506492018699646,0.01756404899060726,0.14506492018699646,184.5389509612439,0.9274270090248187,0.6693348370872163,0.69634469091607,OAS1_0023_MR1_mpr-4_anon,bias,high
0.4434282183647156,0.08391476422548294,0.007086765952408314,5.328337669372559,2.7526230812072754,0.1039469912648201,0.006019507069140673,0.1039469912648201,65.19892554189646,0.9290031528410058,0.5537170742371771,0.6278194793939016,OAS1_0023_MR1_mpr-4_anon,motion,low
0.4562970995903015,0.0797591507434845,0.006401862949132919,5.76385498046875,2.6835687160491943,0.10029502213001251,0.005412750877439976,0.10029502213001251,60.77389969171262,0.9270435596051623,0.5603485429150001,0.6357466940886232,OAS1_0023_MR1_mpr-4_anon,motion,medium
0.45809492468833923,0.07858110964298248,0.006204495672136545,5.871728897094727,2.6886253356933594,0.1067398190498352,0.005266021937131882,0.1067398190498352,63.3131103515625,0.9216383607208622,0.5566003322366745,0.626647517222469,OAS1_0023_MR1_mpr-4_anon,motion,high
0.0728839859366417,0.13196828961372375,0.01867521181702614,0.5193002223968506,2.2943735122680664,0.1227266862988472,0.009496564976871014,0.1227266862988472,121.81174938725492,0.9303006368861007,0.6425851302546208,0.6804589850715379,OAS1_0025_MR1_mpr-1_anon,original,none
0.09793782234191895,0.1641099452972412,0.028850045055150986,0.5635480284690857,2.458693504333496,0.09904657304286957,0.0005083243595436215,0.09904657304286957,36.289438285079655,0.9874328727289445,0.6221962673189307,0.7281054861205494,OAS1_0025_MR1_mpr-1_anon,blur,low
0.12395636737346649,0.19432543218135834,0.040464844554662704,0.6051924824714661,2.6453895568847656,0.08261412382125854,0.00010111638403031975,0.08261412382125854,19.210485121783087,0.9961333764117299,0.6013261686511959,0.7225407067414353,OAS1_0025_MR1_mpr-1_anon,blur,medium
0.15416836738586426,0.22809401154518127,0.05475136265158653,0.6477789282798767,2.881744623184204,0.06716082990169525,1.8712809833232313e-05,0.06716082990169525,9.640825578278186,0.9987097287182845,0.567638863749403,0.7046508861275431,OAS1_0025_MR1_mpr-1_anon,blur,high
0.07440771907567978,0.1311752051115036,0.01845826581120491,0.5400987267494202,2.5285515785217285,0.12599444389343262,0.00951155461370945,0.12599444389343262,121.93829752604168,0.929832649031815,0.5057180315361332,0.6117145905904706,OAS1_0025_MR1_mpr-1_anon,noise,low
0.07592432200908661,0.1303955763578415,0.018242159858345985,0.5611383318901062,2.9276585578918457,0.12933553755283356,0.00960878562182188,0.12933553755283356,122.49186209884343,0.9282093565609009,0.2589677500523488,0.46680750592438414,OAS1_0025_MR1_mpr-1_anon,noise,medium
0.07893046736717224,0.12878398597240448,0.01779482513666153,0.6037420034408569,3.2872984409332275,0.13613277673721313,0.010028844699263573,0.13613277673721313,124.73414163028494,0.9234908974437518,0.14317192613447854,0.33907421583443087,OAS1_0025_MR1_mpr-1_anon,noise,high
0.0729890689253807,0.13205063343048096,0.01870834268629551,0.519323468208313,2.295118808746338,0.12332215905189514,0.009588437154889107,0.12332215905189514,122.78599805644916,0.9300571274415449,0.6425833034373047,0.6801754337839807,OAS1_0025_MR1_mpr-1_anon,bias,low
0.07296830415725708,0.1319669783115387,0.018695682287216187,0.5192263722419739,2.295299530029297,0.12369367480278015,0.009652044624090195,0.12369367480278015,123.39272054036459,0.929837684932288,0.6425824911236142,0.6800230340204954,OAS1_0025_MR1_mpr-1_anon,bias,medium
0.07245560735464096,0.1311304122209549,0.01846664771437645,0.5188920497894287,2.2934532165527344,0.12341591715812683,0.009624773636460304,0.12341591715812683,122.70860763250614,0.9295265786588074,0.6425821065152072,0.6800370374950897,OAS1_0025_MR1_mpr-1_anon,bias,high
0.4101654291152954,0.08167572319507599,0.006716436240822077,5.054996490478516,2.8366637229919434,0.09205430746078491,0.0036128091160207987,0.09205430746078491,47.44175283394608,0.944380802881628,0.5210963033628845,0.6195943151348036,OAS1_0025_MR1_mpr-1_anon,motion,low
0.4516748785972595,0.07580588757991791,0.0057814596220850945,6.024774551391602,2.761948585510254,0.08850769698619843,0.003134481143206358,0.08850769698619843,43.122487984451595,0.9426092601568125,0.5270758114150798,0.6271789698164129,OAS1_0025_MR1_mpr-1_anon,motion,medium
0.4521779417991638,0.07743030041456223,0.006017934996634722,5.874411582946777,2.7687950134277344,0.09961854666471481,0.003223499283194542,0.09961854666471481,49.17352366727941,0.9368206553935989,0.5285138451713447,0.6174467855754128,OAS1_0025_MR1_mpr-1_anon,motion,high
0.07479266077280045,0.134046733379364,0.019199330359697342,0.526961088180542,2.349099636077881,0.12566199898719788,0.009753227233886719,0.12566199898719788,124.5763413373162,0.930425142577944,0.6323008098013209,0.6712895767355527,OAS1_0025_MR1_mpr-2_anon,original,none
0.1003698781132698,0.16635183990001678,0.02956441044807434,0.5719686150550842,2.513644218444824,0.10106122493743896,0.0005161933368071914,0.10106122493743896,36.8819211473652,0.9873846775161139,0.6115423083268345,0.7214624127357177,OAS1_0025_MR1_mpr-2_anon,blur,low
0.1268744170665741,0.19639964401721954,0.04124227166175842,0.6144495606422424,2.702509880065918,0.08427976816892624,0.00010340995504520833,0.08427976816892624,19.648233092064952,0.996114387644353,0.5906963676350284,0.7170608412767976,OAS1_0025_MR1_mpr-2_anon,blur,medium
0.1575833112001419,0.23022231459617615,0.05560111254453659,0.6579641103744507,2.9426636695861816,0.06846301257610321,1.9214328858652152e-05,0.06846301257610321,9.876640289905026,0.9986844622984408,0.556946665713508,0.6988908379017137,OAS1_0025_MR1_mpr-2_anon,blur,high
0.07632667571306229,0.13323450088500977,0.01897376775741577,0.5472536087036133,2.5949385166168213,0.1289399266242981,0.009768660180270672,0.1289399266242981,124.70281539617801,0.9299462470155536,0.48615438267148836,0.5978546342135463,OAS1_0025_MR1_mpr-2_anon,noise,low
0.07785199582576752,0.13241605460643768,0.018747590482234955,0.5677566528320312,2.984469413757324,0.13227540254592896,0.009869110770523548,0.13227540254592896,125.25386388442094,0.9284002392665235,0.24986507253389664,0.45676080194443985,OAS1_0025_MR1_mpr-2_anon,noise,medium
0.08089186251163483,0.1307697892189026,0.01828090287744999,0.6095873117446899,3.3366012573242188,0.13914796710014343,0.010315801948308945,0.13914796710014343,127.6450464585248,0.923842804520485,0.13755778840059346,0.33082808717352324,OAS1_0025_MR1_mpr-2_anon,noise,high
0.07487273961305618,0.13409991562366486,0.019222918897867203,0.526991605758667,2.3497118949890137,0.12620845437049866,0.009840290993452072,0.12620845437049866,125.46635694316791,0.930172801636276,0.632299538888001,0.6710474945607596,OAS1_0025_MR1_mpr-2_anon,bias,low
0.07481300830841064,0.13395898044109344,0.019192110747098923,0.5269001722335815,2.349754810333252,0.12650816142559052,0.009895524010062218,0.12650816142559052,125.93424287683825,0.9299430368277335,0.6322983939578317,0.6708584676084786,OAS1_0025_MR1_mpr-2_anon,bias,medium
0.07431355863809586,0.13316196203231812,0.018971994519233704,0.5265717506408691,2.348060131072998,0.12625902891159058,0.009878118522465229,0.12625902891159058,125.34574644799326,0.929634122912786,0.6322976417521565,0.6708812692303998,OAS1_0025_MR1_mpr-2_anon,bias,high
0.4151715338230133,0.08253276348114014,0.00686151348054409,5.070158958435059,2.8704376220703125,0.0934746265411377,0.003679141867905855,0.0934746265411377,48.110086119408706,0.9448017434247424,0.5151501190699126,0.6135433047840999,OAS1_0025_MR1_mpr-2_anon,motion,low
0.4540422558784485,0.07639861106872559,0.005872836336493492,6.012062072753906,2.7896876335144043,0.08950363099575043,0.0031674508936703205,0.08950363099575043,43.44412985409007,0.9430852048237448,0.521963305300944,0.6224004329285531,OAS1_0025_MR1_mpr-2_anon,motion,medium
0.45447784662246704,0.07803469896316528,0.006113255396485329,5.861139297485352,2.798731803894043,0.10085292160511017,0.003259340301156044,0.10085292160511017,49.65191817938113,0.9372494213115052,0.5230110309749607,0.6125405725669368,OAS1_0025_MR1_mpr-2_anon,motion,high
0.0729573518037796,0.13180740177631378,0.01860332302749157,0.5200647115707397,2.2969248294830322,0.12271852791309357,0.009541325271129608,0.12271852791309357,121.6229872759651,0.9312674686991227,0.6421761645021637,0.6798293833554998,OAS1_0025_MR1_mpr-3_anon,original,none
0.09793128818273544,0.16389977931976318,0.02873585745692253,0.5638518333435059,2.4614057540893555,0.0989152193069458,0.0005027411389164627,0.0989152193069458,35.955158308440566,0.9876534826955218,0.6217327767697409,0.727475378823057,OAS1_0025_MR1_mpr-3_anon,blur,low
0.1250520944595337,0.19556660950183868,0.0409710519015789,0.6052800416946411,2.6528849601745605,0.0832660049200058,0.00010189060412812978,0.0832660049200058,19.40506735409007,0.996188513933785,0.6006874265971862,0.7212505356745293,OAS1_0025_MR1_mpr-3_anon,blur,medium
0.15540023148059845,0.2295343428850174,0.0554533377289772,0.6479350924491882,2.889873504638672,0.06771828234195709,1.8862638171412982e-05,0.06771828234195709,9.752168064491425,0.9987108176421466,0.5668301249202369,0.7031778009081102,OAS1_0025_MR1_mpr-3_anon,blur,high
0.07447050511837006,0.13101740181446075,0.018386632204055786,0.5404493808746338,2.529242992401123,0.1259700059890747,0.009555896744132042,0.1259700059890747,121.739698342716,0.9308322841784112,0.5065296880104784,0.6116901609113086,OAS1_0025_MR1_mpr-3_anon,noise,low
0.07598459720611572,0.1302242875099182,0.018170129507780075,0.5611215829849243,2.929227352142334,0.12929509580135345,0.009651433676481247,0.12929509580135345,122.28278054630056,0.9292767552493795,0.25891300782049637,0.46639957371424723,OAS1_0025_MR1_mpr-3_anon,noise,medium
0.07902661710977554,0.1287095844745636,0.017749261111021042,0.6029024124145508,3.289576530456543,0.13618186116218567,0.01008576713502407,0.13618186116218567,124.71697208180147,0.9247503916796977,0.14314393826646135,0.33893880807216487,OAS1_0025_MR1_mpr-3_anon,noise,high
0.07313050329685211,0.13200274109840393,0.018666448071599007,0.5201278924942017,2.297987937927246,0.12342937290668488,0.009651143103837967,0.12342937290668488,122.81580571193322,0.931020125185935,0.642174849225609,0.6795425294286064,OAS1_0025_MR1_mpr-3_anon,bias,low
0.0731077566742897,0.13191479444503784,0.01864950731396675,0.5200674533843994,2.298185348510742,0.12379595637321472,0.009713367559015751,0.12379595637321472,123.400197466682,0.9307894285668454,0.6421739500360337,0.6793877883260168,OAS1_0025_MR1_mpr-3_anon,bias,medium
0.07268624752759933,0.13123688101768494,0.018466174602508545,0.5197826623916626,2.296694278717041,0.12365849316120148,0.00970556028187275,0.12365849316120148,122.99615478515626,0.930468830104007,0.6421735738419068,0.6793490333096401,OAS1_0025_MR1_mpr-3_anon,bias,high
0.4123051166534424,0.08132867515087128,0.006663692649453878,5.113833427429199,2.8390464782714844,0.09176335483789444,0.003609361592680216,0.09176335483789444,47.116489784390325,0.9443165070974257,0.5201331904081352,0.618400891828381,OAS1_0025_MR1_mpr-3_anon,motion,low
0.452609121799469,0.07574734091758728,0.005776134319603443,6.049196243286133,2.767152786254883,0.08842520415782928,0.0031475741416215897,0.08842520415782928,43.082060929840694,0.9425855244439867,0.5258887989642478,0.6255980103687018,OAS1_0025_MR1_mpr-3_anon,motion,medium
0.45165345072746277,0.07766953110694885,0.006054713856428862,5.8464131355285645,2.7740097045898438,0.09997440874576569,0.0032596951350569725,0.09997440874576569,49.46241694431679,0.9366960224807317,0.5279080394273269,0.6158893833527813,OAS1_0025_MR1_mpr-3_anon,motion,high
0.07372195273637772,0.13227874040603638,0.018714115023612976,0.5259994268417358,2.336085319519043,0.12442254275083542,0.009633047506213188,0.12442254275083542,122.6225030637255,0.9300022775980519,0.6342328299039302,0.6729493495304527,OAS1_0025_MR1_mpr-4_anon,original,none
0.09881439805030823,0.16404969990253448,0.028754571452736855,0.5712841749191284,2.5003597736358643,0.09992974996566772,0.0005078387330286205,0.09992974996566772,36.176438754212626,0.9874446139030679,0.6135892230822675,0.7228106433006998,OAS1_0025_MR1_mpr-4_anon,blur,low
0.12562748789787292,0.19469928741455078,0.04047701135277748,0.6138027906417847,2.6912143230438232,0.08372675627470016,0.00010220206604572013,0.08372675627470016,19.432122443704046,0.9961225966893916,0.5927078115974816,0.7175987776150367,OAS1_0025_MR1_mpr-4_anon,blur,medium
0.15753524005413055,0.23026877641677856,0.05565330386161804,0.6572551727294922,2.9326529502868652,0.06864842772483826,1.9411801986279897e-05,0.06864842772483826,9.969683478860293,0.9986794733344824,0.5588735460218508,0.6990001946111606,OAS1_0025_MR1_mpr-4_anon,blur,high
0.07522748410701752,0.13147741556167603,0.018495159223675728,0.5463317036628723,2.568817615509033,0.12763763964176178,0.009648116305470467,0.12763763964176178,122.73901702282477,0.9295419701622477,0.4979832514369624,0.6045374876262319,OAS1_0025_MR1_mpr-4_anon,noise,low
0.07670804858207703,0.13063891232013702,0.01826348528265953,0.5669662952423096,2.962754249572754,0.13089948892593384,0.009738335385918617,0.13089948892593384,123.20899789847579,0.9279759213060838,0.254667501405487,0.46137681270791087,OAS1_0025_MR1_mpr-4_anon,noise,medium
0.0797818973660469,0.12916803359985352,0.017860114574432373,0.6086757183074951,3.3165907859802246,0.1378139853477478,0.010196919552981853,0.1378139853477478,125.86726313572305,0.9233514953945202,0.14072029730238556,0.33531678059961145,OAS1_0025_MR1_mpr-4_anon,noise,high
0.07382366061210632,0.13237982988357544,0.018750255927443504,0.526016354560852,2.3368687629699707,0.12500426173210144,0.009723437950015068,0.12500426173210144,123.55827421300552,0.9297600077252404,0.6342315321044233,0.6727071795825386,OAS1_0025_MR1_mpr-4_anon,bias,low
0.07376877218484879,0.13226228952407837,0.01872611790895462,0.5259117484092712,2.336935043334961,0.1253049373626709,0.009775875136256218,0.1253049373626709,124.01030345243569,0.9295360037283078,0.6342305265836646,0.6725757421633504,OAS1_0025_MR1_mpr-4_anon,bias,medium
0.07340168207883835,0.1316906213760376,0.01858053356409073,0.5255643129348755,2.3357200622558594,0.12524360418319702,0.009785512462258339,0.12524360418319702,123.8139607747396,0.9292175577443688,0.6342295712165371,0.6725075825009221,OAS1_0025_MR1_mpr-4_anon,bias,high
0.4112759232521057,0.08142772316932678,0.006682149134576321,5.094755172729492,2.849773406982422,0.09240065515041351,0.0036285521928220987,0.09240065515041351,47.273944211473655,0.9442689660068455,0.5184769163929166,0.6160000660006604,OAS1_0025_MR1_mpr-4_anon,motion,low
0.4525913596153259,0.07591211795806885,0.005804402753710747,6.03772497177124,2.7752010822296143,0.08913347870111465,0.003176651895046234,0.08913347870111465,43.390964882046575,0.9424851973035353,0.5248332348046161,0.6239593193939124,OAS1_0025_MR1_mpr-4_anon,motion,medium
0.4552740454673767,0.0773104652762413,0.00600092438980937,5.924407958984375,2.7858493328094482,0.09999488294124603,0.0032369615510106087,0.09999488294124603,49.057037712545956,0.9367116860502703,0.5250996886228505,0.6144170629585461,OAS1_0025_MR1_mpr-4_anon,motion,high
0.072773776948452,0.13761040568351746,0.01998397707939148,0.5029338598251343,2.281342029571533,0.13095860183238983,0.00979978684335947,0.13095860183238983,139.12426470588238,0.9311355653999396,0.6473415401861506,0.6877289684523163,OAS1_0026_MR1_mpr-1_anon,original,none
0.09432610869407654,0.165883406996727,0.02871248498558998,0.5477970838546753,2.4396815299987793,0.1058700829744339,0.0006031597731634974,0.1058700829744339,47.04946193321079,0.986286290848102,0.6276403242262627,0.7328283289525415,OAS1_0026_MR1_mpr-1_anon,blur,low
0.1187133938074112,0.19421565532684326,0.038878433406353,0.5918151140213013,2.619760036468506,0.08673179149627686,0.00012715114280581474,0.08673179149627686,24.445135139016543,0.9954396361397387,0.6077087748348687,0.7242695171179405,OAS1_0026_MR1_mpr-1_anon,blur,medium
0.1575416922569275,0.2386016845703125,0.05890011787414551,0.6364350318908691,2.867487907409668,0.07343126088380814,2.657939330674708e-05,0.07343126088380814,13.228016333486519,0.9984444910678804,0.5745509800951749,0.7004231041252382,OAS1_0026_MR1_mpr-1_anon,blur,high
0.07492166757583618,0.1367517113685608,0.01975676789879799,0.5305236577987671,2.5768356323242188,0.13545234501361847,0.009876061230897903,0.13545234501361847,139.48614525888482,0.9295197549242245,0.4938448104179016,0.6005732309845853,OAS1_0026_MR1_mpr-1_anon,noise,low
0.07712236046791077,0.13603198528289795,0.01956573687493801,0.558580756187439,2.980585813522339,0.14012086391448975,0.01019164826720953,0.14012086391448975,141.31266060623466,0.9258727755339056,0.2509682402740207,0.45543252367130294,OAS1_0026_MR1_mpr-1_anon,noise,medium
0.08122742176055908,0.13441474735736847,0.01911219395697117,0.6130468845367432,3.3329052925109863,0.14903628826141357,0.011259295977652073,0.14903628826141357,147.20337213254442,0.9148536363430742,0.13939383192160948,0.3319094907315142,OAS1_0026_MR1_mpr-1_anon,noise,high
0.07233066111803055,0.13690729439258575,0.019775237888097763,0.5022727847099304,2.279752731323242,0.13061487674713135,0.009742794558405876,0.13061487674713135,137.86251771216303,0.9311818977987176,0.6473416141583157,0.6877745900036573,OAS1_0026_MR1_mpr-1_anon,bias,low
0.07157334685325623,0.13570383191108704,0.019420035183429718,0.501477062702179,2.276644229888916,0.12968558073043823,0.009613596834242344,0.12968558073043823,135.5202430874694,0.9312316198977156,0.647342181034911,0.6880474557907128,OAS1_0026_MR1_mpr-1_anon,bias,medium
0.06972404569387436,0.13278311491012573,0.018557000905275345,0.5000879764556885,2.268866777420044,0.12697479128837585,0.009239686653017998,0.12697479128837585,129.41869949640014,0.9313204641133512,0.6473440743070867,0.688842727091955,OAS1_0026_MR1_mpr-1_anon,bias,high
0.45999622344970703,0.08641313016414642,0.007586706429719925,5.3287811279296875,2.7631022930145264,0.09718838334083557,0.003328330349177122,0.09718838334083557,52.30778521369486,0.9467478490576211,0.5424380795785543,0.6354933705614499,OAS1_0026_MR1_mpr-1_anon,motion,low
0.47517210245132446,0.08129854500293732,0.006748061627149582,5.844822883605957,2.6903076171875,0.09476836025714874,0.002906739478930831,0.09476836025714874,47.297729731541054,0.9445461588079718,0.5517126054600565,0.6425160913988965,OAS1_0026_MR1_mpr-1_anon,motion,medium
0.4761461019515991,0.0800611823797226,0.006591941229999065,5.977497577667236,2.68464994430542,0.10095783323049545,0.0028123008087277412,0.10095783323049545,50.43105971392464,0.9389319965822429,0.548134276018863,0.6339899988558964,OAS1_0026_MR1_mpr-1_anon,motion,high
0.07298490405082703,0.13671988248825073,0.019695965573191643,0.5089653134346008,2.3089938163757324,0.1311081349849701,0.009575706906616688,0.1311081349849701,135.4923268037684,0.9313911597664737,0.6414865916749372,0.6827244557980872,OAS1_0026_MR1_mpr-2_anon,original,none
0.09562735259532928,0.16668646037578583,0.028935395181179047,0.5540680289268494,2.474405288696289,0.10744448751211166,0.0006145454244688153,0.10744448751211166,47.69115157781863,0.9863994637124793,0.6214879911416813,0.7282828645298052,OAS1_0026_MR1_mpr-2_anon,blur,low
0.12063568830490112,0.19558484852313995,0.03931841254234314,0.5984516143798828,2.6559524536132812,0.08794782310724258,0.00012913063983432949,0.08794782310724258,24.737825042126225,0.9954547015129567,0.601478798850982,0.7207029123026814,OAS1_0026_MR1_mpr-2_anon,blur,medium
0.15970534086227417,0.2397540807723999,0.05928749218583107,0.6436100006103516,2.9037280082702637,0.07418881356716156,2.6758943931781687e-05,0.07418881356716156,13.274314730775124,0.9984452168295693,0.5681973709174255,0.6965909946250127,OAS1_0026_MR1_mpr-2_anon,blur,high
0.07508665323257446,0.13577018678188324,0.019446760416030884,0.5364899635314941,2.603139877319336,0.13544227182865143,0.009575188159942627,0.13544227182865143,135.16146910424328,0.9297618524777014,0.48879817808340476,0.5958716286259333,OAS1_0026_MR1_mpr-2_anon,noise,low
0.07720260322093964,0.13491928577423096,0.01921718940138817,0.5644134879112244,3.001940965652466,0.13994696736335754,0.009864622727036476,0.13994696736335754,136.7077974207261,0.9261025136057299,0.24849289414270964,0.45217653385488094,OAS1_0026_MR1_mpr-2_anon,noise,medium
0.08153487741947174,0.1335354745388031,0.018813714385032654,0.6187553405761719,3.3529410362243652,0.14943528175354004,0.011280696839094162,0.14943528175354004,145.27830966126686,0.9150774517544241,0.13783959269241347,0.32932546848478766,OAS1_0026_MR1_mpr-2_anon,noise,high
0.07250923663377762,0.1359855681657791,0.019488640129566193,0.5083344578742981,2.3070549964904785,0.13067960739135742,0.009504793211817741,0.13067960739135742,134.0836224724265,0.9314136352185154,0.6414864797562101,0.6828262583179536,OAS1_0026_MR1_mpr-2_anon,bias,low
0.071474090218544,0.13437503576278687,0.019013866782188416,0.5075644254684448,2.302454948425293,0.1292506903409958,0.009312959387898445,0.1292506903409958,130.7880653530944,0.931437492167288,0.6414871797784414,0.6832294974217223,OAS1_0026_MR1_mpr-2_anon,bias,medium
0.0694802924990654,0.13125279545783997,0.018103066831827164,0.5062070488929749,2.2936782836914062,0.12628400325775146,0.008935845457017422,0.12628400325775146,124.49391754748777,0.9314984313998036,0.6414894222139154,0.6841216829911896,OAS1_0026_MR1_mpr-2_anon,bias,high
0.45941686630249023,0.086390420794487,0.007591350004076958,5.325201034545898,2.7869343757629395,0.09730072319507599,0.003235884942114353,0.09730072319507599,51.09701502182905,0.9480111979003096,0.5377400293826058,0.6314614579200957,OAS1_0026_MR1_mpr-2_anon,motion,low
0.47230052947998047,0.08124490082263947,0.006754755973815918,5.817132472991943,2.716707706451416,0.09505940228700638,0.002828452503308654,0.09505940228700638,46.28111500459559,0.9456016970437996,0.5462706205844094,0.6383961022862743,OAS1_0026_MR1_mpr-2_anon,motion,medium
0.47514915466308594,0.08015641570091248,0.00660657649859786,5.963418960571289,2.7060954570770264,0.10153389722108841,0.0027524512261152267,0.10153389722108841,49.83041537415748,0.9400149256743606,0.5442177303701428,0.6301242519542788,OAS1_0026_MR1_mpr-2_anon,motion,high
0.07395581901073456,0.13860012590885162,0.02026643231511116,0.5076190233230591,2.2992348670959473,0.13258010149002075,0.009993589483201504,0.13258010149002075,140.22133047066484,0.9311435513698305,0.6447267550245139,0.68475593240169,OAS1_0026_MR1_mpr-3_anon,original,none
0.09649045765399933,0.168105810880661,0.029532141983509064,0.5525820851325989,2.459528923034668,0.10761471837759018,0.0006178342737257481,0.10761471837759018,47.69631012561275,0.9865281110896005,0.6248420137349906,0.7298439729421897,OAS1_0026_MR1_mpr-3_anon,blur,low
0.12085849046707153,0.19602280855178833,0.03960224241018295,0.5965825319290161,2.6402785778045654,0.08769051730632782,0.0001271283399546519,0.08769051730632782,24.4927827722886,0.9955044226096958,0.6047149029294847,0.7215430565130562,OAS1_0026_MR1_mpr-3_anon,blur,medium
0.16053688526153564,0.2417951375246048,0.06031785532832146,0.6413297653198242,2.889953851699829,0.07437031716108322,2.6906960556516424e-05,0.07437031716108322,13.363658710554535,0.9984625412425312,0.5712568105343084,0.697256555349596,OAS1_0026_MR1_mpr-3_anon,blur,high
0.07609095424413681,0.13770203292369843,0.020025860518217087,0.5349096059799194,2.6003317832946777,0.13705624639987946,0.010058259591460228,0.13705624639987946,140.50655996285232,0.9295426913343827,0.4867762174264176,0.5955579720015443,OAS1_0026_MR1_mpr-3_anon,noise,low
0.07819768786430359,0.1368332803249359,0.01979430951178074,0.5627419948577881,3.00009822845459,0.14152193069458008,0.01031324453651905,0.14152193069458008,141.7761151482077,0.9259316993703484,0.24781797487032192,0.45183769238558,OAS1_0026_MR1_mpr-3_anon,noise,medium
0.08258049935102463,0.13546335697174072,0.019389528781175613,0.6171203851699829,3.3551173210144043,0.1510995477437973,0.011748354882001877,0.1510995477437973,150.43956873276656,0.9150073598649585,0.13716635474737982,0.3280805748321429,OAS1_0026_MR1_mpr-3_anon,noise,high
0.07354060560464859,0.13795219361782074,0.020078333094716072,0.506985604763031,2.297591209411621,0.13226757943630219,0.009921547025442123,0.13226757943630219,138.9108273973652,0.9311516111880236,0.6447266014267068,0.6848112889587166,OAS1_0026_MR1_mpr-3_anon,bias,low
0.0726468414068222,0.13653111457824707,0.019655577838420868,0.506212055683136,2.293733835220337,0.13109317421913147,0.00974385067820549,0.13109317421913147,135.98403583601413,0.9311653959315823,0.6447270303743335,0.6851428385003566,OAS1_0026_MR1_mpr-3_anon,bias,medium
0.07071788609027863,0.13349571824073792,0.018758384510874748,0.5048478245735168,2.2854700088500977,0.12824830412864685,0.009350788779556751,0.12824830412864685,129.66866096047795,0.9312153600308057,0.6447286371801771,0.6859594524309074,OAS1_0026_MR1_mpr-3_anon,bias,high
0.45716094970703125,0.08660739660263062,0.007627354934811592,5.280402183532715,2.7751946449279785,0.09762810170650482,0.003363477997481823,0.09762810170650482,52.114579503676474,0.9472138715549803,0.5407963482526705,0.633032745802347,OAS1_0026_MR1_mpr-3_anon,motion,low
0.4728434085845947,0.08179882168769836,0.006830355152487755,5.785143852233887,2.704493999481201,0.09553318470716476,0.002964820247143507,0.09553318470716476,47.59005868949142,0.9449602587512127,0.5496850125025305,0.6400708762660992,OAS1_0026_MR1_mpr-3_anon,motion,medium
0.4733261168003082,0.08059918880462646,0.0066610462963581085,5.9002790451049805,2.6990373134613037,0.10221409797668457,0.0028795432299375534,0.10221409797668457,51.02194752412684,0.9392986115236146,0.5470010314443114,0.6312612774512948,OAS1_0026_MR1_mpr-3_anon,motion,high
0.07501208782196045,0.14553776383399963,0.022353539243340492,0.4942871332168579,2.27839994430542,0.12968429923057556,0.009975442662835121,0.12968429923057556,143.32868951535693,0.933879827111632,0.6507965837645282,0.6903230108459524,OAS1_0027_MR1_mpr-1_anon,original,none
0.0941377505660057,0.17046163976192474,0.030477765947580338,0.5359724760055542,2.435678482055664,0.10310515761375427,0.0005321463104337454,0.10310515761375427,45.79307406556373,0.9863336524165045,0.6305737898458059,0.734182646519302,OAS1_0027_MR1_mpr-1_anon,blur,low
0.11141464114189148,0.18613362312316895,0.03587411344051361,0.5801326036453247,2.598937511444092,0.08315031975507736,0.00010856565495487303,0.08315031975507736,23.273907710056676,0.9950218653416627,0.6108599139371653,0.7293332083938396,OAS1_0027_MR1_mpr-1_anon,blur,medium
0.13986170291900635,0.21328486502170563,0.0471423864364624,0.6298978328704834,2.81272292137146,0.06960984319448471,2.4729139113333076e-05,0.06960984319448471,12.757294778262867,0.9981158347763758,0.5793417413278522,0.7143750666069835,OAS1_0027_MR1_mpr-1_anon,blur,high
0.07708342373371124,0.144720196723938,0.02212245762348175,0.521050214767456,2.585193157196045,0.13406004011631012,0.010025909170508385,0.13406004011631012,143.56468661439186,0.9324770544092708,0.4835773050282722,0.5984390599103523,OAS1_0027_MR1_mpr-1_anon,noise,low
0.07915757596492767,0.14393194019794464,0.021891532465815544,0.5480373501777649,2.9864797592163086,0.13852658867835999,0.010287385433912277,0.13852658867835999,145.0346382889093,0.9290138317149765,0.24720578161039852,0.4543667273720709,OAS1_0027_MR1_mpr-1_anon,noise,medium
0.08324643969535828,0.14261789619922638,0.021476926282048225,0.5987908840179443,3.3460679054260254,0.14749425649642944,0.01129864901304245,0.14749425649642944,150.8116347369026,0.9191855254979185,0.1362604407672875,0.3281323210440149,OAS1_0027_MR1_mpr-1_anon,noise,high
0.07513674348592758,0.14579550921916962,0.022434860467910767,0.4942973852157593,2.2781081199645996,0.13019466400146484,0.010078461840748787,0.13019466400146484,143.73825779335172,0.933906338565262,0.6507955716223166,0.6900892197905515,OAS1_0027_MR1_mpr-1_anon,bias,low
0.0749749168753624,0.14558106660842896,0.02236470952630043,0.49419060349464417,2.2766361236572266,0.1301950216293335,0.010107187554240227,0.1301950216293335,143.09128573548563,0.9339419748792438,0.6507949243876925,0.6900101109032426,OAS1_0027_MR1_mpr-1_anon,bias,medium
0.07427166402339935,0.1445271074771881,0.02203270047903061,0.49385005235671997,2.2726528644561768,0.1293569803237915,0.010029232129454613,0.1293569803237915,140.4113740808824,0.9340033128962113,0.6507953036787597,0.6901406645036332,OAS1_0027_MR1_mpr-1_anon,bias,high
0.46671003103256226,0.09063325822353363,0.008335037156939507,5.134941101074219,2.8326914310455322,0.09673687070608139,0.0036355704069137573,0.09673687070608139,54.49712153416055,0.9494206794724843,0.5306095936209052,0.6323146344641697,OAS1_0027_MR1_mpr-1_anon,motion,low
0.47271406650543213,0.08537302911281586,0.007414393126964569,5.5252299308776855,2.784517288208008,0.09631597995758057,0.0031847269274294376,0.09631597995758057,50.60387680951287,0.9453102324714273,0.53407861644781,0.6325442288076755,OAS1_0027_MR1_mpr-1_anon,motion,medium
0.47990530729293823,0.08272166550159454,0.006932301912456751,5.81070613861084,2.7601912021636963,0.1016841009259224,0.003026877297088504,0.1016841009259224,52.290202181946995,0.9404252645625708,0.5347868000585767,0.6261481845027197,OAS1_0027_MR1_mpr-1_anon,motion,high
0.07602034509181976,0.14595624804496765,0.02247881516814232,0.5002713203430176,2.308600902557373,0.13100679218769073,0.009936968795955181,0.13100679218769073,142.45362237668508,0.9333684641172557,0.6451328579403692,0.6852094725903214,OAS1_0027_MR1_mpr-2_anon,original,none
0.09628424793481827,0.17266209423542023,0.03127797693014145,0.5424648523330688,2.4716427326202393,0.10486695915460587,0.0005423646653071046,0.10486695915460587,46.434670362285544,0.9862392853710066,0.6245637314319259,0.7292168927023424,OAS1_0027_MR1_mpr-2_anon,blur,low
0.11416639387607574,0.18867269158363342,0.0369027778506279,0.5869137048721313,2.6363391876220703,0.08472715318202972,0.00011157909466419369,0.08472715318202972,23.889753035003064,0.9950076086721568,0.6047898561393863,0.7246413497483868,OAS1_0027_MR1_mpr-2_anon,blur,medium
0.1412644386291504,0.21350005269050598,0.047133173793554306,0.6368594169616699,2.845625162124634,0.07001326978206635,2.494060026947409e-05,0.07001326978206635,12.799996768727024,0.9981103504552846,0.5733237688252548,0.7111959556593418,OAS1_0027_MR1_mpr-2_anon,blur,high
0.07808785885572433,0.14513537287712097,0.0222458578646183,0.5272890329360962,2.621033191680908,0.1353779435157776,0.009987324476242065,0.1353779435157776,142.74299771178002,0.9319351427931183,0.4729602287861557,0.5908892561374537,OAS1_0027_MR1_mpr-2_anon,noise,low
0.08014163374900818,0.14435675740242004,0.022007189691066742,0.5545018911361694,3.0174131393432617,0.13981930911540985,0.01025184616446495,0.13981930911540985,144.17478865081188,0.9285165704467293,0.24235453714612726,0.4489678779650823,OAS1_0027_MR1_mpr-2_anon,noise,medium
0.08431960642337799,0.14309079945087433,0.02161576971411705,0.6054377555847168,3.3726701736450195,0.1489211618900299,0.01131274551153183,0.1489211618900299,150.52592857211243,0.918507805580638,0.13346078913996934,0.32381192305705353,OAS1_0027_MR1_mpr-2_anon,noise,high
0.07605275511741638,0.14604488015174866,0.022505009546875954,0.5002832412719727,2.3078832626342773,0.1313631236553192,0.010018819943070412,0.1313631236553192,142.54974556717218,0.933377068637597,0.6451314257827412,0.6850217283504274,OAS1_0027_MR1_mpr-2_anon,bias,low
0.0758361667394638,0.14574049413204193,0.02240760624408722,0.5001755952835083,2.3061563968658447,0.13127125799655914,0.010037653148174286,0.13127125799655914,141.7539043351716,0.9333963545919416,0.645131327131701,0.6849446948046314,OAS1_0027_MR1_mpr-2_anon,bias,medium
0.07505596429109573,0.14456114172935486,0.022037021815776825,0.4998299479484558,2.301830291748047,0.13029488921165466,0.00994245707988739,0.13029488921165466,138.85139519186583,0.9334393478412121,0.6451314967579508,0.6851640514347994,OAS1_0027_MR1_mpr-2_anon,bias,high
0.46824586391448975,0.09003394097089767,0.008240899071097374,5.183584213256836,2.826953411102295,0.09620000422000885,0.003582996316254139,0.09620000422000885,53.25811025582108,0.9497582604532369,0.531670342550973,0.6312973285300474,OAS1_0027_MR1_mpr-2_anon,motion,low
0.4755909740924835,0.08515352010726929,0.007377924397587776,5.570989608764648,2.7876551151275635,0.09640999138355255,0.003169331466779113,0.09640999138355255,50.03250768324908,0.9456569249427629,0.5340552156144847,0.6308439395327803,OAS1_0027_MR1_mpr-2_anon,motion,medium
0.4808681011199951,0.08258815854787827,0.006927148438990116,5.82608699798584,2.7628183364868164,0.1018541008234024,0.0030061984434723854,0.1018541008234024,51.713061044730395,0.9406672983588074,0.5347542085728363,0.6244706998847513,OAS1_0027_MR1_mpr-2_anon,motion,high
0.07488633692264557,0.1448560357093811,0.022154655307531357,0.495307981967926,2.2775278091430664,0.12906861305236816,0.009805802255868912,0.12906861305236816,140.24898920994184,0.9345387071370507,0.651020893126139,0.6902460395839319,OAS1_0027_MR1_mpr-3_anon,original,none
0.09417179226875305,0.17014847695827484,0.030345343053340912,0.5365827083587646,2.437880277633667,0.1027408018708229,0.0005236932775005698,0.1027408018708229,45.11117840935202,0.9866746265072284,0.6307753397918774,0.7332530716155994,OAS1_0027_MR1_mpr-3_anon,blur,low
0.11233226209878922,0.18714866042137146,0.03634811192750931,0.5802550315856934,2.6029276847839355,0.08349791169166565,0.0001091666636057198,0.08349791169166565,23.51432195925245,0.9950550996766223,0.61094107660431,0.7283587356956733,OAS1_0027_MR1_mpr-3_anon,blur,medium
0.1412089318037033,0.21491597592830658,0.047968730330467224,0.6299980878829956,2.816598892211914,0.07000603526830673,2.4934866814874113e-05,0.07000603526830673,12.948812686695774,0.9981143342004736,0.5792529679106813,0.7134837749076117,OAS1_0027_MR1_mpr-3_anon,blur,high
0.07692655920982361,0.1440543830394745,0.021933086216449738,0.5219707489013672,2.5804195404052734,0.13336148858070374,0.009844695217907429,0.13336148858070374,140.40800865023743,0.9331465751515069,0.48521194105418086,0.5995552820220501,OAS1_0027_MR1_mpr-3_anon,noise,low
0.07897017896175385,0.14330649375915527,0.02170739509165287,0.5488326549530029,2.9824533462524414,0.13779057562351227,0.010083163157105446,0.13779057562351227,141.8039769789752,0.9297608241190749,0.24804374486773348,0.4551505928661348,OAS1_0027_MR1_mpr-3_anon,noise,medium
0.08309687674045563,0.14210739731788635,0.021328095346689224,0.5992356538772583,3.3443851470947266,0.1468404084444046,0.011094857938587666,0.1468404084444046,147.81889181698074,0.9201332647838257,0.13660036322877162,0.32860890236695967,OAS1_0027_MR1_mpr-3_anon,noise,high
0.07504616677761078,0.1451338529586792,0.022240132093429565,0.49535852670669556,2.2774295806884766,0.12964703142642975,0.009919239208102226,0.12964703142642975,140.84931652592678,0.9345555952257049,0.6510193112282814,0.6899774520223223,OAS1_0027_MR1_mpr-3_anon,bias,low
0.07498729228973389,0.14506295323371887,0.022216226905584335,0.4952894449234009,2.2764620780944824,0.12983226776123047,0.009977702051401138,0.12983226776123047,140.67007553998167,0.9345766816299244,0.6510186220861457,0.6898778196783735,OAS1_0027_MR1_mpr-3_anon,bias,medium
0.07445023953914642,0.1442411094903946,0.021959837526082993,0.4950004816055298,2.2732937335968018,0.12928582727909088,0.009945237077772617,0.12928582727909088,138.73383872836246,0.934617065815838,0.6510187087621344,0.6899303848293559,OAS1_0027_MR1_mpr-3_anon,bias,high
0.46542537212371826,0.09026750177145004,0.008281338959932327,5.150651931762695,2.822314977645874,0.09632810950279236,0.0036056821700185537,0.09632810950279236,53.664892578125,0.9497162106767478,0.5329659151036301,0.632471334459198,OAS1_0027_MR1_mpr-3_anon,motion,low
0.47377443313598633,0.08474880456924438,0.007303159683942795,5.581469535827637,2.7727508544921875,0.09569531679153442,0.0031468686647713184,0.09569531679153442,49.637810920266546,0.9456081566063934,0.5363274517702066,0.6332937124210694,OAS1_0027_MR1_mpr-3_anon,motion,medium
0.4794366657733917,0.08229981362819672,0.006880167871713638,5.835106372833252,2.7555880546569824,0.10110464692115784,0.0029879617504775524,0.10110464692115784,51.37036096909467,0.9406366184321356,0.5353539271424648,0.6264484542504023,OAS1_0027_MR1_mpr-3_anon,motion,high
0.07395821064710617,0.14388379454612732,0.021871007978916168,0.4912313222885132,2.244159698486328,0.12779396772384644,0.009834297001361847,0.12779396772384644,140.4455098470052,0.9348223823042534,0.6573110729296079,0.6953702299442913,OAS1_0027_MR1_mpr-4_anon,original,none
0.09360334277153015,0.16982373595237732,0.030311159789562225,0.5321829319000244,2.406511068344116,0.10233341157436371,0.0005209027440287173,0.10233341157436371,45.30267094630821,0.986708794402094,0.6371715788267234,0.7360288105020525,OAS1_0027_MR1_mpr-4_anon,blur,low
0.11282137036323547,0.18869125843048096,0.0370352640748024,0.5757608413696289,2.5741076469421387,0.08415441960096359,0.00011167299817316234,0.08415441960096359,24.2805586272595,0.9949924080073016,0.6171486443069346,0.7302996417324874,OAS1_0027_MR1_mpr-4_anon,blur,medium
0.1424279510974884,0.2177208960056305,0.04937141016125679,0.6251760721206665,2.7892374992370605,0.07065751403570175,2.5520232156850398e-05,0.07065751403570175,13.38934050915288,0.9981017377178942,0.5851644180834085,0.7152411399937544,OAS1_0027_MR1_mpr-4_anon,blur,high
0.07599376142024994,0.14308473467826843,0.021647360175848007,0.5180486440658569,2.5422143936157227,0.13211631774902344,0.009877292439341545,0.13211631774902344,140.69493886910232,0.9334146442343516,0.4958164405477269,0.606785571181568,OAS1_0027_MR1_mpr-4_anon,noise,low
0.07805793732404709,0.1423943042755127,0.02144482731819153,0.5450831651687622,2.9505982398986816,0.13656361401081085,0.010128787718713284,0.13656361401081085,142.1831345502068,0.9299109046901568,0.2528614758318883,0.460289946408471,OAS1_0027_MR1_mpr-4_anon,noise,medium
0.08207890391349792,0.14105433225631714,0.021020816639065742,0.5956282615661621,3.3177170753479004,0.1454750895500183,0.011095915921032429,0.1454750895500183,147.87952533796724,0.9199653430182604,0.13965124684920177,0.33292598727302947,OAS1_0027_MR1_mpr-4_anon,noise,high
0.0739409327507019,0.1438271701335907,0.021856900304555893,0.49131277203559875,2.2433183193206787,0.12805414199829102,0.009897597134113312,0.12805414199829102,140.3594898897059,0.9348289021146622,0.6573104565986259,0.6952263484666308,OAS1_0027_MR1_mpr-4_anon,bias,low
0.07370734959840775,0.1434279978275299,0.021736685186624527,0.49127471446990967,2.241523265838623,0.1279182881116867,0.009905572980642319,0.1279182881116867,139.49247783586094,0.9348381918245405,0.6573101648966367,0.6951990740444224,OAS1_0027_MR1_mpr-4_anon,bias,medium
0.07306327670812607,0.14239268004894257,0.021419832482933998,0.4910318851470947,2.237844944000244,0.12718142569065094,0.009839224629104137,0.12718142569065094,137.12409380744486,0.9348664502681794,0.6573100489232879,0.6953137450690752,OAS1_0027_MR1_mpr-4_anon,bias,high
0.46467265486717224,0.08952446281909943,0.008151544257998466,5.186766624450684,2.7909603118896484,0.09542420506477356,0.0036158543080091476,0.09542420506477356,53.83269892673867,0.9486969475916156,0.5386151377874119,0.6365368930812676,OAS1_0027_MR1_mpr-4_anon,motion,low
0.47113940119743347,0.08398175239562988,0.007182382978498936,5.5995683670043945,2.7490994930267334,0.09469239413738251,0.003154184203594923,0.09469239413738251,49.65922360887715,0.9445849759184977,0.5399872504103593,0.6369916005529364,OAS1_0027_MR1_mpr-4_anon,motion,medium
0.47674766182899475,0.08180642127990723,0.006799489725381136,5.843822479248047,2.729156017303467,0.10043293237686157,0.0030181552283465862,0.10043293237686157,51.71894543217678,0.9396775487379463,0.5406181908680987,0.6301902587726935,OAS1_0027_MR1_mpr-4_anon,motion,high
0.08234769105911255,0.1471741795539856,0.02296898327767849,0.5279942750930786,2.3352417945861816,0.1527547836303711,0.012388060800731182,0.1527547836303711,171.28056640625002,0.927162208271094,0.6458542008278005,0.6770288315486062,OAS1_0028_MR1_mpr-1_anon,original,none
0.09965996444225311,0.16525495052337646,0.028634462505578995,0.5785003900527954,2.482931613922119,0.10858415067195892,0.0006759791867807508,0.10858415067195892,39.45842380897672,0.9868485512582478,0.6244953955842876,0.7133605176820123,OAS1_0028_MR1_mpr-1_anon,blur,low
0.12077689170837402,0.18754971027374268,0.03640556335449219,0.622349739074707,2.6419527530670166,0.08436086028814316,9.423076699022204e-05,0.08436086028814316,16.93237974877451,0.9963164804010392,0.603225718547571,0.7093318301307239,OAS1_0028_MR1_mpr-1_anon,blur,medium
0.1524425446987152,0.22122041881084442,0.050241030752658844,0.6679601669311523,2.8605480194091797,0.07097877562046051,1.8256025214213878e-05,0.07097877562046051,10.055884985830271,0.9985388786713889,0.568669444674802,0.6958013092663369,OAS1_0028_MR1_mpr-1_anon,blur,high
0.08391249179840088,0.14600062370300293,0.0226084366440773,0.5490844249725342,2.644505262374878,0.15613923966884613,0.012358439154922962,0.15613923966884613,170.7559865914139,0.9265333152444561,0.45661701416277856,0.5812068215530223,OAS1_0028_MR1_mpr-1_anon,noise,low
0.08539923280477524,0.14474859833717346,0.022221270948648453,0.5703743696212769,3.038186550140381,0.1594553142786026,0.012416491284966469,0.1594553142786026,170.4317866306679,0.9247747111094979,0.23852734201200537,0.44290390815023156,OAS1_0028_MR1_mpr-1_anon,noise,medium
0.08841806650161743,0.1423608660697937,0.02148686721920967,0.6132006645202637,3.409546136856079,0.16633106768131256,0.012843391858041286,0.16633106768131256,171.753364832261,0.9196278548871247,0.1301469149177069,0.3147656196991516,OAS1_0028_MR1_mpr-1_anon,noise,high
0.08056033402681351,0.14443516731262207,0.022082937881350517,0.527044415473938,2.327834129333496,0.14997023344039917,0.011967281810939312,0.14997023344039917,164.91743714575676,0.9270714712643671,0.6458549517278434,0.6775346805274106,OAS1_0028_MR1_mpr-1_anon,bias,low
0.07879506051540375,0.1417599320411682,0.02123582363128662,0.5260106325149536,2.3203461170196533,0.1471780240535736,0.011554830707609653,0.1471780240535736,158.71939888748472,0.9269981150135977,0.6458560016926504,0.6780982167642108,OAS1_0028_MR1_mpr-1_anon,bias,medium
0.07638544589281082,0.13815797865390778,0.020124446600675583,0.5243436098098755,2.309938430786133,0.1433483213186264,0.011007305234670639,0.1433483213186264,150.51039871515013,0.9269111558771271,0.6458577249915123,0.6788836133554249,OAS1_0028_MR1_mpr-1_anon,bias,high
0.44559621810913086,0.08317011594772339,0.006953001953661442,5.394547462463379,2.8215408325195312,0.10342203080654144,0.0039053261280059814,0.10342203080654144,54.967418715533086,0.9389004395380345,0.534968465377474,0.6194877921529331,OAS1_0028_MR1_mpr-1_anon,motion,low
0.4578617513179779,0.0802476704120636,0.0064636338502168655,5.733043193817139,2.7545905113220215,0.10103379189968109,0.003572620451450348,0.10103379189968109,52.66438179764093,0.9371017036104548,0.5420249926686869,0.6259946976364648,OAS1_0028_MR1_mpr-1_anon,motion,medium
0.47271037101745605,0.07814211398363113,0.006141249090433121,6.097378253936768,2.74943208694458,0.1073082983493805,0.0033966652117669582,0.1073082983493805,54.352883970971206,0.9321788436638221,0.5407523029442025,0.6176171246626971,OAS1_0028_MR1_mpr-1_anon,motion,high
0.08751720190048218,0.14735428988933563,0.02291885018348694,0.5633834600448608,2.4512617588043213,0.15782636404037476,0.011864772066473961,0.15782636404037476,148.96842950559133,0.9336413232713432,0.6242872447183193,0.6550026917886083,OAS1_0028_MR1_mpr-2_anon,original,none
0.10577528923749924,0.16598521173000336,0.02881818264722824,0.6134085059165955,2.6150689125061035,0.10904312133789062,0.0005925506702624261,0.10904312133789062,33.771343395756745,0.9883125652946405,0.6009773652369924,0.6901241874695487,OAS1_0028_MR1_mpr-2_anon,blur,low
0.12942378222942352,0.1906612366437912,0.037658803164958954,0.6560214757919312,2.7824172973632812,0.0854722410440445,8.612894453108311e-05,0.0854722410440445,15.805101821001838,0.996647456688847,0.5786826284121074,0.6907583868700629,OAS1_0028_MR1_mpr-2_anon,blur,medium
0.16228920221328735,0.22411398589611053,0.05173551291227341,0.7006111145019531,3.006098747253418,0.07211044430732727,1.6705660527804866e-05,0.07211044430732727,9.525531125536153,0.9986610906956914,0.5424956990518389,0.6786142328703004,OAS1_0028_MR1_mpr-2_anon,blur,high
0.08918848633766174,0.14615952968597412,0.022555481642484665,0.5855801105499268,2.794271469116211,0.16141611337661743,0.011856060475111008,0.16141611337661743,148.74321588254443,0.9329222959339918,0.41045609470294653,0.5458512903824064,OAS1_0028_MR1_mpr-2_anon,noise,low
0.09080202132463455,0.14489519596099854,0.022174565121531487,0.6081179976463318,3.17218279838562,0.16496023535728455,0.011952348053455353,0.16496023535728455,148.864580820121,0.9310733923353716,0.21815028549523321,0.416560548362636,OAS1_0028_MR1_mpr-2_anon,noise,medium
0.09404926002025604,0.14250801503658295,0.021442078053951263,0.6532728672027588,3.5374701023101807,0.17229366302490234,0.012522433884441853,0.17229366302490234,151.47731490789675,0.9254014115828972,0.11785619910520995,0.29234379943785127,OAS1_0028_MR1_mpr-2_anon,noise,high
0.08566445857286453,0.1446179449558258,0.022034768015146255,0.5626304149627686,2.4434714317321777,0.15506350994110107,0.011482175439596176,0.15506350994110107,143.75640653722428,0.9334887134124265,0.6242879241354141,0.6554924126543608,OAS1_0028_MR1_mpr-2_anon,bias,low
0.08386090397834778,0.1419941782951355,0.02120767906308174,0.561764121055603,2.435692310333252,0.15232764184474945,0.011112449690699577,0.15232764184474945,138.74879653033088,0.9333633563318308,0.6242889235982134,0.656061949264821,OAS1_0028_MR1_mpr-2_anon,bias,medium
0.08131010830402374,0.13833202421665192,0.02008648030459881,0.5603018999099731,2.424433946609497,0.14839667081832886,0.010595373809337616,0.14839667081832886,131.79752005782782,0.9331897285725381,0.6242905153918021,0.6568586743992957,OAS1_0028_MR1_mpr-2_anon,bias,high
0.43928396701812744,0.08508453518152237,0.00727569404989481,5.182124137878418,2.9464242458343506,0.1060856431722641,0.0038435407914221287,0.1060856431722641,49.098755840226715,0.9475321699352246,0.511316730232031,0.593956214745731,OAS1_0028_MR1_mpr-2_anon,motion,low
0.4566703140735626,0.08158453553915024,0.006683044135570526,5.616794586181641,2.8739140033721924,0.10385878384113312,0.0034945476800203323,0.10385878384113312,47.28355521407782,0.9452254932908433,0.5178119403757786,0.6032159978876437,OAS1_0028_MR1_mpr-2_anon,motion,medium
0.46469610929489136,0.08032828569412231,0.006487655453383923,5.830368518829346,2.879523754119873,0.11191625893115997,0.0034019299782812595,0.11191625893115997,50.91664009842218,0.9400253408176953,0.5162342212362825,0.5926907877698815,OAS1_0028_MR1_mpr-2_anon,motion,high
0.08344601094722748,0.1480063796043396,0.023147620260715485,0.5339770317077637,2.363816738128662,0.15193796157836914,0.011971669271588326,0.15193796157836914,166.64524069393383,0.92944906705538,0.6404590495206075,0.6725853580265948,OAS1_0028_MR1_mpr-3_anon,original,none
0.10119208693504333,0.1670578271150589,0.029150184243917465,0.5834977626800537,2.510035753250122,0.10840532183647156,0.0006516650319099426,0.10840532183647156,39.62877245136336,0.9870203515081448,0.618836091058435,0.712509477025592,OAS1_0028_MR1_mpr-3_anon,blur,low
0.12344717234373093,0.19063401222229004,0.037550851702690125,0.6271662712097168,2.673901081085205,0.08527037501335144,9.57361189648509e-05,0.08527037501335144,17.414218079810052,0.9963265359736653,0.5973996693216337,0.707930059170301,OAS1_0028_MR1_mpr-3_anon,blur,medium
0.1551395058631897,0.22348250448703766,0.051374178379774094,0.6727705001831055,2.8931570053100586,0.0715239867568016,1.852607965702191e-05,0.0715239867568016,10.197006644454657,0.9985530716745885,0.5628032852020879,0.6940582823469907,OAS1_0028_MR1_mpr-3_anon,blur,high
0.08501996845006943,0.14682024717330933,0.022780779749155045,0.5546947717666626,2.679385185241699,0.15534910559654236,0.01194765791296959,0.15534910559654236,166.1553181966146,0.9288336221503497,0.446226123803873,0.574189884731889,OAS1_0028_MR1_mpr-3_anon,noise,low
0.0865674614906311,0.14562541246414185,0.022409070283174515,0.575710117816925,3.069207191467285,0.15880155563354492,0.012022916227579117,0.15880155563354492,166.07136398016235,0.9271589475999782,0.23361026711437965,0.4374497094346004,OAS1_0028_MR1_mpr-3_anon,noise,medium
0.0895664393901825,0.14313237369060516,0.02164122462272644,0.617940366268158,3.4355392456054688,0.16568434238433838,0.012465424835681915,0.16568434238433838,167.3974054074755,0.9222209538854909,0.12722061737041246,0.310484809952782,OAS1_0028_MR1_mpr-3_anon,noise,high
0.08169151097536087,0.14535029232501984,0.02228313498198986,0.5330947637557983,2.35663104057312,0.14926469326019287,0.011581500060856342,0.14926469326019287,160.60395866842833,0.9293591100068554,0.6404599820134802,0.673085476576059,OAS1_0028_MR1_mpr-3_anon,bias,low
0.07998663187026978,0.14277681708335876,0.021466756239533424,0.5321222543716431,2.3494632244110107,0.14662860333919525,0.011206659488379955,0.14662860333919525,154.84473015280332,0.9292899550351001,0.6404608626060577,0.6736012810642087,OAS1_0028_MR1_mpr-3_anon,bias,medium
0.07764127105474472,0.13928362727165222,0.02038731426000595,0.5305365324020386,2.3394086360931396,0.14297908544540405,0.010703383013606071,0.14297908544540405,147.1462005016851,0.9292058193875148,0.6404626109555069,0.6743797909233062,OAS1_0028_MR1_mpr-3_anon,bias,high
0.443054735660553,0.08403030037879944,0.007096860092133284,5.304737091064453,2.8318450450897217,0.1036151647567749,0.003851445857435465,0.1036151647567749,54.58621874042586,0.9405729962966447,0.5342496594158891,0.6181540180499838,OAS1_0028_MR1_mpr-3_anon,motion,low
0.45437949895858765,0.08055995404720306,0.006513622123748064,5.673428058624268,2.7632761001586914,0.10055502504110336,0.0034737815149128437,0.10055502504110336,51.73869987936581,0.9389994200514562,0.540989487371027,0.6259610100751297,OAS1_0028_MR1_mpr-3_anon,motion,medium
0.4692937731742859,0.0789320170879364,0.0062608420848846436,5.987225532531738,2.7625575065612793,0.10773380100727081,0.003325657220557332,0.10773380100727081,53.99864549823836,0.9339606027354965,0.5399099692282298,0.6161740484995619,OAS1_0028_MR1_mpr-3_anon,motion,high
0.08700063824653625,0.14801199734210968,0.02310144528746605,0.5580435395240784,2.4466097354888916,0.15761254727840424,0.011391711421310902,0.15761254727840424,154.49318129595594,0.9321186251691008,0.6256818871856078,0.6566575369890209,OAS1_0028_MR1_mpr-4_anon,original,none
0.1051117330789566,0.16688205301761627,0.029101518914103508,0.6067586541175842,2.607147216796875,0.10978846251964569,0.0006039635045453906,0.10978846251964569,36.69923670151654,0.9876097948879317,0.6027978863069671,0.6933577449095474,OAS1_0028_MR1_mpr-4_anon,blur,low
0.1282220333814621,0.1912623643875122,0.03787049278616905,0.6491453647613525,2.770376682281494,0.08544009923934937,8.870796591509134e-05,0.08544009923934937,16.362843232996326,0.9965114057928111,0.581023018775257,0.6945477975800108,OAS1_0028_MR1_mpr-4_anon,blur,medium
0.16109570860862732,0.2249801754951477,0.05221729725599289,0.693418562412262,2.9904727935791016,0.07198648154735565,1.7128819308709353e-05,0.07198648154735565,9.74236390356924,0.9986300529769113,0.5457115966519854,0.6824534637018629,OAS1_0028_MR1_mpr-4_anon,blur,high
0.08871009945869446,0.1469060480594635,0.022765226662158966,0.5796252489089966,2.7864301204681396,0.16125600039958954,0.011392460204660892,0.16125600039958954,154.39053021599264,0.9314466241733522,0.4138998757828677,0.5486360158926049,OAS1_0028_MR1_mpr-4_anon,noise,low
0.09038908779621124,0.14577873051166534,0.022416815161705017,0.6015520691871643,3.1661593914031982,0.16492116451263428,0.011515271849930286,0.16492116451263428,154.80667353611364,0.9296149027858696,0.21934178727372444,0.41830367510968686,OAS1_0028_MR1_mpr-4_anon,noise,medium
0.09369286894798279,0.14350411295890808,0.02171991392970085,0.645681619644165,3.5305428504943848,0.17235855758190155,0.012088792398571968,0.17235855758190155,157.402132879519,0.9241899859585894,0.11850066568942877,0.2937791665247459,OAS1_0028_MR1_mpr-4_anon,noise,high
0.08533348143100739,0.14554467797279358,0.022296860814094543,0.5573726892471313,2.439765453338623,0.1551322191953659,0.011060604825615883,0.1551322191953659,149.5863972981771,0.9319826569166205,0.6256826111887956,0.6570894501437203,OAS1_0028_MR1_mpr-4_anon,bias,low
0.08370144665241241,0.1431523561477661,0.02153518795967102,0.5565845966339111,2.432889461517334,0.15266883373260498,0.010740662924945354,0.15266883373260498,144.8635105507047,0.9318691945761226,0.6256835587172087,0.657519323655943,OAS1_0028_MR1_mpr-4_anon,bias,medium
0.08138765394687653,0.13980261981487274,0.02049604244530201,0.5552325248718262,2.4229493141174316,0.14913219213485718,0.010295243933796883,0.14913219213485718,138.3158437691483,0.9317226290528804,0.6256848471322299,0.6582360651160672,OAS1_0028_MR1_mpr-4_anon,bias,high
0.4395275115966797,0.08517834544181824,0.007293740287423134,5.181118965148926,2.905968189239502,0.10588657110929489,0.003694426268339157,0.10588657110929489,51.19281269148284,0.945350390328688,0.5205496493305518,0.6010245390147342,OAS1_0028_MR1_mpr-4_anon,motion,low
0.45561885833740234,0.08202109485864639,0.006755092181265354,5.583321571350098,2.841641902923584,0.10368490219116211,0.00339041231200099,0.10368490219116211,49.680518535539214,0.9433740506062924,0.5262282319794506,0.6090587684894442,OAS1_0028_MR1_mpr-4_anon,motion,medium
0.4657364785671234,0.08060384541749954,0.006529089994728565,5.817178726196289,2.8408963680267334,0.11138352751731873,0.0032574960496276617,0.11138352751731873,52.626056506587005,0.9381559358793155,0.5259380703070561,0.5996470894045369,OAS1_0028_MR1_mpr-4_anon,motion,high
0.08743599057197571,0.1369173526763916,0.01971353031694889,0.6048592329025269,2.5824332237243652,0.1466657817363739,0.017252933233976364,0.1466657817363739,166.82731311274512,0.9206675650487105,0.5891462443088739,0.624551798953808,OAS1_0029_MR1_mpr-1_anon,original,none
0.11304297298192978,0.16627803444862366,0.02907995879650116,0.6558445692062378,2.7190799713134766,0.10320015251636505,0.000501927686855197,0.10320015251636505,30.997865923713242,0.9891612030689583,0.5664557334353699,0.6854806587650181,OAS1_0029_MR1_mpr-1_anon,blur,low
0.1461872160434723,0.2032206952571869,0.04341169446706772,0.6931962966918945,2.9320340156555176,0.08362461626529694,8.25537572382018e-05,0.08362461626529694,15.818324070350798,0.9969082138962795,0.5437080243949772,0.6835594875984549,OAS1_0029_MR1_mpr-1_anon,blur,medium
0.18155914545059204,0.24086466431617737,0.06027904897928238,0.7298804521560669,3.187343120574951,0.0679781585931778,1.4540836673404556e-05,0.0679781585931778,8.601863846124388,0.9989180699228353,0.508229602272052,0.6695025007636419,OAS1_0029_MR1_mpr-1_anon,blur,high
0.08901271224021912,0.13578742742538452,0.0193924643099308,0.625826895236969,2.89304518699646,0.15007337927818298,0.01723247952759266,0.15007337927818298,166.58676578297334,0.9200905532615993,0.38843849146089376,0.522495071009085,OAS1_0029_MR1_mpr-1_anon,noise,low
0.09057880938053131,0.1346299946308136,0.01906515657901764,0.6471927165985107,3.2336177825927734,0.1535097360610962,0.0173170268535614,0.1535097360610962,166.83448737649354,0.9183735624562207,0.2065424523186573,0.40016178672028324,OAS1_0029_MR1_mpr-1_anon,noise,medium
0.09378737211227417,0.13243483006954193,0.018447887152433395,0.6908045411109924,3.5530457496643066,0.1607709527015686,0.017844349145889282,0.1607709527015686,169.56282599954045,0.9134868185406397,0.11207804047575595,0.2829560167774621,OAS1_0029_MR1_mpr-1_anon,noise,high
0.0879337340593338,0.1374092549085617,0.019857749342918396,0.6057231426239014,2.585479736328125,0.14803019165992737,0.017598120495676994,0.14803019165992737,169.6490246342678,0.9201734012024159,0.5891403821368992,0.6241365032114388,OAS1_0029_MR1_mpr-1_anon,bias,low
0.08829928934574127,0.13775406777858734,0.01996384561061859,0.606353223323822,2.587787628173828,0.1491539627313614,0.017904184758663177,0.1491539627313614,172.1133975758272,0.9197139981723701,0.5891368131958375,0.6237843776342851,OAS1_0029_MR1_mpr-1_anon,bias,medium
0.0881933718919754,0.13745304942131042,0.019874602556228638,0.6069287061691284,2.5885162353515625,0.14971017837524414,0.01810609921813011,0.14971017837524414,173.3824544270834,0.91907639695743,0.5891323092617788,0.6235794099805545,OAS1_0029_MR1_mpr-1_anon,bias,high
0.4098805785179138,0.08521456271409988,0.007320777513086796,4.818923473358154,3.0984702110290527,0.10489535331726074,0.0063870130106806755,0.10489535331726074,62.83340537875307,0.9314533648508806,0.46612490403747475,0.5607003613755921,OAS1_0029_MR1_mpr-1_anon,motion,low
0.45743441581726074,0.078817218542099,0.00625944696366787,5.846096992492676,3.0464959144592285,0.10212691128253937,0.005502896383404732,0.10212691128253937,56.952909103094356,0.9289702094269225,0.46647750784769165,0.5637493235261283,OAS1_0029_MR1_mpr-1_anon,motion,medium
0.4596409797668457,0.07925320416688919,0.006326367147266865,5.852738380432129,3.0490286350250244,0.11266353726387024,0.005559264682233334,0.11266353726387024,63.10005098230698,0.9226252447324786,0.4652924108525748,0.5555453147439252,OAS1_0029_MR1_mpr-1_anon,motion,high
0.08648577332496643,0.13588947057724,0.0194094218313694,0.6031899452209473,2.565121650695801,0.1456608921289444,0.017521698027849197,0.1456608921289444,166.14693579580273,0.9202533326172411,0.5919565685306227,0.6270792288542161,OAS1_0029_MR1_mpr-2_anon,original,none
0.11266732215881348,0.1663641482591629,0.029080547392368317,0.6543825268745422,2.704674243927002,0.10305392742156982,0.0005030053434893489,0.10305392742156982,30.79292279411765,0.9894283691956015,0.5694004974099881,0.6866408706546708,OAS1_0029_MR1_mpr-2_anon,blur,low
0.14645132422447205,0.2041599005460739,0.04384709894657135,0.6913140416145325,2.917530059814453,0.08366924524307251,8.302414789795876e-05,0.08366924524307251,15.842140826056985,0.9969990552874886,0.546795966968156,0.6846671783356357,OAS1_0029_MR1_mpr-2_anon,blur,medium
0.18106848001480103,0.24080808460712433,0.060315027832984924,0.727759599685669,3.1694793701171875,0.06765782833099365,1.4433489923248999e-05,0.06765782833099365,8.549222579656863,0.9989286847463655,0.5114643500638152,0.6714780882128302,OAS1_0029_MR1_mpr-2_anon,blur,high
0.08804161101579666,0.13476231694221497,0.019089996814727783,0.6239767074584961,2.871087074279785,0.1490185409784317,0.01749354973435402,0.1490185409784317,165.86300359987743,0.9197131596312126,0.39478031045830975,0.5269406665280846,OAS1_0029_MR1_mpr-2_anon,noise,low
0.08956955373287201,0.13357824087142944,0.01875654235482216,0.6451880931854248,3.21463680267334,0.1523878574371338,0.01756189949810505,0.1523878574371338,165.9786604339001,0.9180314874101908,0.2093384415747153,0.40344928017930537,OAS1_0029_MR1_mpr-2_anon,noise,medium
0.09284359216690063,0.13155627250671387,0.018190454691648483,0.6884715557098389,3.5380067825317383,0.15973708033561707,0.01810775324702263,0.15973708033561707,168.96086976294424,0.9132146984244411,0.11353180742765287,0.2853094891354011,OAS1_0029_MR1_mpr-2_anon,noise,high
0.08710181713104248,0.13655441999435425,0.019608350470662117,0.6040325164794922,2.568634271621704,0.1472230702638626,0.017929472029209137,0.1472230702638626,169.48267415364586,0.9197440453051252,0.5919514230540502,0.6265879210520755,OAS1_0029_MR1_mpr-2_anon,bias,low
0.08751187473535538,0.13696005940437317,0.019732844084501266,0.6046411395072937,2.5711255073547363,0.14841926097869873,0.018266577273607254,0.14841926097869873,172.1510735006894,0.9192681127836952,0.5919480327434601,0.6262830426041905,OAS1_0029_MR1_mpr-2_anon,bias,medium
0.08751032501459122,0.13679298758506775,0.019687559455633163,0.6051846742630005,2.5722036361694336,0.14915896952152252,0.018535051494836807,0.14915896952152252,173.9221416398591,0.918613328976383,0.5919452487708645,0.6260167343061742,OAS1_0029_MR1_mpr-2_anon,bias,high
0.40769678354263306,0.0843028575181961,0.007165578193962574,4.839966773986816,3.0912628173828125,0.10404717922210693,0.006455293856561184,0.10404717922210693,62.296429563036156,0.930406686917872,0.4659498809705644,0.5613354903349947,OAS1_0029_MR1_mpr-2_anon,motion,low
0.4622430205345154,0.07773204892873764,0.006090765818953514,5.993584632873535,3.039706230163574,0.1011045053601265,0.005550378933548927,0.1011045053601265,56.329904593673405,0.9278240213681876,0.46540437081474545,0.5648135297497381,OAS1_0029_MR1_mpr-2_anon,motion,medium
0.4555903375148773,0.07884624600410461,0.0062604425475001335,5.833632469177246,3.049377918243408,0.11245380342006683,0.00569472461938858,0.11245380342006683,63.311818799785534,0.9216239942259046,0.4642080280575245,0.5551632527470814,OAS1_0029_MR1_mpr-2_anon,motion,high
0.08644253015518188,0.13605177402496338,0.01945069618523121,0.6022355556488037,2.5593419075012207,0.1452976018190384,0.017421087250113487,0.1452976018190384,165.77841629327514,0.9196646148102281,0.5934737096314087,0.6284982366991817,OAS1_0029_MR1_mpr-3_anon,original,none
0.11315231025218964,0.16709434986114502,0.029332365840673447,0.6533936262130737,2.703918933868408,0.10364681482315063,0.0005081446142867208,0.10364681482315063,31.353330844056373,0.9892981705962219,0.5706957304399431,0.6866494013668814,OAS1_0029_MR1_mpr-3_anon,blur,low
0.1455792486667633,0.20315058529376984,0.04345221072435379,0.6903210878372192,2.911834239959717,0.08361832797527313,8.265448559541255e-05,0.08361832797527313,15.893448534198836,0.9969281848891214,0.5480769588936658,0.6846122652129125,OAS1_0029_MR1_mpr-3_anon,blur,medium
0.17945733666419983,0.2388727366924286,0.059350285679101944,0.7267923951148987,3.160440683364868,0.0674741268157959,1.4379733329406008e-05,0.0674741268157959,8.538683004940257,0.9989109254442874,0.5129038641515044,0.6712856747916744,OAS1_0029_MR1_mpr-3_anon,blur,high
0.08800175786018372,0.1349000632762909,0.019126014783978462,0.6233874559402466,2.86788272857666,0.1486789435148239,0.017390510067343712,0.1486789435148239,165.4778662588082,0.919087442717434,0.39460793547590284,0.527416901063225,OAS1_0029_MR1_mpr-3_anon,noise,low
0.08961405605077744,0.13385221362113953,0.01882936619222164,0.6449543833732605,3.213230609893799,0.15219366550445557,0.017488228157162666,0.15219366550445557,165.84967256433822,0.9173559709641121,0.20922013709960924,0.40345972018916243,OAS1_0029_MR1_mpr-3_anon,noise,medium
0.09294730424880981,0.13187724351882935,0.018271464854478836,0.688861608505249,3.538651466369629,0.15967515110969543,0.01805867999792099,0.15967515110969543,169.0092634612439,0.9124216610284259,0.11333094541612736,0.2850574042851486,OAS1_0029_MR1_mpr-3_anon,noise,high
0.08705177158117294,0.13673782348632812,0.019650595262646675,0.6030675172805786,2.5628662109375,0.1468498408794403,0.017821213230490685,0.1468498408794403,169.0430130304075,0.9191666343529804,0.59346779514841,0.6280273980632542,OAS1_0029_MR1_mpr-3_anon,bias,low
0.08747824281454086,0.13719961047172546,0.019789766520261765,0.603665828704834,2.565402030944824,0.14806148409843445,0.018156830221414566,0.14806148409843445,171.71173191444547,0.9186941077298008,0.5934644824869868,0.627698396040795,OAS1_0029_MR1_mpr-3_anon,bias,medium
0.08760153502225876,0.13725689053535461,0.019809167832136154,0.6041945815086365,2.56706166267395,0.1489834189414978,0.018459592014551163,0.1489834189414978,173.8359662224265,0.9180544454645252,0.5934594995164169,0.6273922718380044,OAS1_0029_MR1_mpr-3_anon,bias,high
0.40871885418891907,0.08497828245162964,0.007290228269994259,4.8145246505737305,3.082620620727539,0.10437227785587311,0.006511140149086714,0.10437227785587311,63.028100825291055,0.9305662292856512,0.46894219928177877,0.5632267979100483,OAS1_0029_MR1_mpr-3_anon,motion,low
0.4587008059024811,0.07835809141397476,0.006188932340592146,5.899008274078369,3.0297646522521973,0.10157676041126251,0.005590059794485569,0.10157676041126251,56.9105349073223,0.9280885161705623,0.4695327043708274,0.5665753432226022,OAS1_0029_MR1_mpr-3_anon,motion,medium
0.46258288621902466,0.07946275174617767,0.006358161568641663,5.877090930938721,3.0373730659484863,0.1130959764122963,0.005754502490162849,0.1130959764122963,64.15597641888787,0.9218366896253385,0.46859238929762426,0.5571395336867414,OAS1_0029_MR1_mpr-3_anon,motion,high
0.08631299436092377,0.1354675143957138,0.019291501492261887,0.6036770343780518,2.5578410625457764,0.1452864110469818,0.016972677782177925,0.1452864110469818,164.94727232689957,0.9203412347716923,0.5935395807391683,0.6283370516580071,OAS1_0029_MR1_mpr-4_anon,original,none
0.1126839816570282,0.16595786809921265,0.028985757380723953,0.6547607779502869,2.700162887573242,0.10323958098888397,0.0005035066278651357,0.10323958098888397,31.153658279718137,0.9891787196873512,0.570859813409317,0.6870804384878364,OAS1_0029_MR1_mpr-4_anon,blur,low
0.1465258151292801,0.20349904894828796,0.04368576779961586,0.691839337348938,2.913051128387451,0.08412350714206696,8.378829807043076e-05,0.08412350714206696,16.085387585209865,0.9969028928649681,0.5479916244256585,0.6842806142380224,OAS1_0029_MR1_mpr-4_anon,blur,medium
0.1805488020181656,0.23930606245994568,0.05965317040681839,0.7285294532775879,3.1618080139160156,0.06789813935756683,1.4575847671949305e-05,0.06789813935756683,8.64844109030331,0.9988996745684916,0.5125423986839974,0.6706329342926488,OAS1_0029_MR1_mpr-4_anon,blur,high
0.0878741592168808,0.13430511951446533,0.01896532066166401,0.6250516772270203,2.8669776916503906,0.14866577088832855,0.016943862661719322,0.14866577088832855,164.6221275179994,0.9197443669630088,0.3952676699806741,0.5272989853099866,OAS1_0029_MR1_mpr-4_anon,noise,low
0.08952295035123825,0.1332705318927765,0.01867622882127762,0.6467640399932861,3.2130298614501953,0.1522808074951172,0.01705971546471119,0.1522808074951172,165.18364209941788,0.9179691760646402,0.20930530286932292,0.40318226465426354,OAS1_0029_MR1_mpr-4_anon,noise,medium
0.09281524270772934,0.13122689723968506,0.01810280606150627,0.6911762356758118,3.5389564037323,0.15967178344726562,0.017611222341656685,0.15967178344726562,168.09443814146752,0.9128197498844045,0.11338272394011532,0.28494440824788975,OAS1_0029_MR1_mpr-4_anon,noise,high
0.08698461949825287,0.13622722029685974,0.019516777247190475,0.6045193672180176,2.561575412750244,0.1469232439994812,0.01738009788095951,0.1469232439994812,168.38494514016548,0.9198615532238175,0.5935336520801356,0.6278966094649863,OAS1_0029_MR1_mpr-4_anon,bias,low
0.08747385442256927,0.1367706060409546,0.019679829478263855,0.6051253080368042,2.564427614212036,0.14823812246322632,0.017726503312587738,0.14823812246322632,171.24847053079046,0.9194009399176084,0.5935306449859428,0.6275287535708439,OAS1_0029_MR1_mpr-4_anon,bias,medium
0.08757347613573074,0.13677015900611877,0.019681338220834732,0.6056616902351379,2.5660476684570312,0.14911054074764252,0.018000178039073944,0.14911054074764252,173.19037918390012,0.9187779119794771,0.5935267442925973,0.6272452251097785,OAS1_0029_MR1_mpr-4_anon,bias,high
0.41015931963920593,0.08441850543022156,0.007192444056272507,4.864010810852051,3.0834267139434814,0.10413102805614471,0.006303697358816862,0.10413102805614471,62.265811456418504,0.9306862005801296,0.46829802265998444,0.5625219841866931,OAS1_0029_MR1_mpr-4_anon,motion,low
0.45903265476226807,0.07823941111564636,0.006179947406053543,5.919306755065918,3.0325145721435547,0.10160703957080841,0.005442638881504536,0.10160703957080841,56.57735954733456,0.9282812645223113,0.46899441666159836,0.565580880747334,OAS1_0029_MR1_mpr-4_anon,motion,medium
0.46158260107040405,0.07908622175455093,0.006300071254372597,5.883821487426758,3.0415701866149902,0.11271534860134125,0.0055589936673641205,0.11271534860134125,63.32664699180454,0.9219030269285328,0.46701685850329244,0.5561783737613443,OAS1_0029_MR1_mpr-4_anon,motion,high
0.07975547760725021,0.15296000242233276,0.02418500930070877,0.5025410056114197,2.2641751766204834,0.14446133375167847,0.011352315545082092,0.14446133375167847,152.37601031135114,0.9418574480759421,0.6596891822941628,0.692808740852991,OAS1_0030_MR1_mpr-1_anon,original,none
0.09874646365642548,0.1759568154811859,0.03179514408111572,0.5433077812194824,2.4208033084869385,0.11486843228340149,0.0005945961456745863,0.11486843228340149,46.156049182368264,0.9879780604294013,0.6392648171520676,0.7252141253485243,OAS1_0030_MR1_mpr-1_anon,blur,low
0.11650250852108002,0.19284898042678833,0.0378887802362442,0.5890946388244629,2.5690722465515137,0.09200968593358994,0.00011798085324699059,0.09200968593358994,23.389810001148895,0.9953548500297045,0.6187584903224231,0.7229402506369157,OAS1_0030_MR1_mpr-1_anon,blur,medium
0.14704422652721405,0.22250699996948242,0.050263412296772,0.6462036967277527,2.781083106994629,0.07646527886390686,2.6902884201263078e-05,0.07646527886390686,12.916127642463236,0.9981038059398136,0.5845927085036318,0.7074319392487867,OAS1_0030_MR1_mpr-1_anon,blur,high
0.08147186040878296,0.1521061211824417,0.023919295519590378,0.520659327507019,2.560973882675171,0.14814183115959167,0.011362897232174873,0.14814183115959167,152.48248087565105,0.9414423955257271,0.48127817352896396,0.6022054868426056,OAS1_0030_MR1_mpr-1_anon,noise,low
0.08319313079118729,0.15124434232711792,0.023653468117117882,0.5390034317970276,2.9654626846313477,0.1518850028514862,0.0114763667806983,0.1518850028514862,153.075371835746,0.9401997288719304,0.24885708437259263,0.4578111425684601,OAS1_0030_MR1_mpr-1_anon,noise,medium
0.08669259399175644,0.14967961609363556,0.023163793608546257,0.576061487197876,3.343810558319092,0.1596672236919403,0.012001276016235352,0.1596672236919403,155.9842774634268,0.9364017100853845,0.13581668962029453,0.32614299736210345,OAS1_0030_MR1_mpr-1_anon,noise,high
0.07959358394145966,0.1530122458934784,0.02421141043305397,0.5007165670394897,2.263749837875366,0.1444554477930069,0.011355925351381302,0.1444554477930069,152.36662525850187,0.9420052527760299,0.6596887678309624,0.6927903220862014,OAS1_0030_MR1_mpr-1_anon,bias,low
0.07890664041042328,0.1522163450717926,0.023963458836078644,0.4988723397254944,2.2610671520233154,0.14349184930324554,0.01121719740331173,0.14349184930324554,150.3966423483456,0.9421509855753308,0.6596888301986379,0.692973909973902,OAS1_0030_MR1_mpr-1_anon,bias,medium
0.07714292407035828,0.14987212419509888,0.023211661726236343,0.49610114097595215,2.2538814544677734,0.1406858265399933,0.010810945183038712,0.1406858265399933,144.6622465245864,0.9423653581959535,0.6596899074059561,0.6935790550168581,OAS1_0030_MR1_mpr-1_anon,bias,high
0.4521767497062683,0.08658008277416229,0.007555158343166113,5.26888370513916,2.7697060108184814,0.09877286851406097,0.0036394556518644094,0.09877286851406097,49.21479707605698,0.9482539972997629,0.5458191911345126,0.6373492866048334,OAS1_0030_MR1_mpr-1_anon,motion,low
0.4675048589706421,0.08291365206241608,0.006913718301802874,5.694706439971924,2.728407621383667,0.09797016531229019,0.003349281381815672,0.09797016531229019,47.939768114276966,0.9465106357189759,0.5481546208485494,0.6369867174189543,OAS1_0030_MR1_mpr-1_anon,motion,medium
0.47029584646224976,0.083244688808918,0.006965701933950186,5.689597129821777,2.732546806335449,0.1065962165594101,0.003350362880155444,0.1065962165594101,52.91857431449142,0.9408721928787873,0.5476950164798835,0.6280291886446385,OAS1_0030_MR1_mpr-1_anon,motion,high
0.07963570952415466,0.15292170643806458,0.024167098104953766,0.502160370349884,2.2668137550354004,0.14466673135757446,0.011348993517458439,0.14466673135757446,152.10594602098655,0.9420343895472436,0.6590127559655196,0.6923243785726991,OAS1_0030_MR1_mpr-2_anon,original,none
0.09915313869714737,0.1766357123851776,0.0320703387260437,0.5430686473846436,2.4255123138427734,0.11568808555603027,0.0006048213690519333,0.11568808555603027,46.77405957988665,0.9878295000209134,0.6385125375807383,0.7245590395908061,OAS1_0030_MR1_mpr-2_anon,blur,low
0.11662372201681137,0.1929522454738617,0.03793603926897049,0.589099645614624,2.5736007690429688,0.09242796897888184,0.0001192343479488045,0.09242796897888184,23.586143104702817,0.9953314142259801,0.6179818215696371,0.7222311756860186,OAS1_0030_MR1_mpr-2_anon,blur,medium
0.14653217792510986,0.22170774638652802,0.04988976940512657,0.6465413570404053,2.783696413040161,0.07649915665388107,2.6824052838492207e-05,0.07649915665388107,12.916721717984068,0.998088559858413,0.5838367739751168,0.7072228764631061,OAS1_0030_MR1_mpr-2_anon,blur,high
0.08136041462421417,0.15208818018436432,0.02390800043940544,0.5202286243438721,2.562647819519043,0.14835965633392334,0.01136310026049614,0.14835965633392334,152.26238534964767,0.9416337013006044,0.4813224062923078,0.6020486765562854,OAS1_0030_MR1_mpr-2_anon,noise,low
0.08308818191289902,0.15127447247505188,0.023653782904148102,0.5385096073150635,2.967020273208618,0.15212011337280273,0.011476396583020687,0.15212011337280273,152.8326285567938,0.940431890301592,0.24873603398051064,0.4577497250611089,OAS1_0030_MR1_mpr-2_anon,noise,medium
0.08645142614841461,0.14948061108589172,0.023097118362784386,0.5753210186958313,3.3427467346191406,0.15964582562446594,0.011970411986112595,0.15964582562446594,155.3489584530101,0.9366084337574785,0.1359810815578902,0.3265028820081157,OAS1_0030_MR1_mpr-2_anon,noise,high
0.07944189012050629,0.1529279351234436,0.024177636951208115,0.5003256797790527,2.26623797416687,0.1446007490158081,0.011341562494635582,0.1446007490158081,151.9588718788297,0.9421892243708232,0.6590122230844868,0.6923024771397843,OAS1_0030_MR1_mpr-2_anon,bias,low
0.07879755645990372,0.15220464766025543,0.02395540662109852,0.49847257137298584,2.263688802719116,0.14371246099472046,0.01121487282216549,0.14371246099472046,150.1679438572304,0.9423397913304796,0.6590122612108555,0.6924974572603674,OAS1_0030_MR1_mpr-2_anon,bias,medium
0.0769011452794075,0.14963990449905396,0.02313133515417576,0.49569058418273926,2.2558679580688477,0.14064735174179077,0.010769767686724663,0.14064735174179077,143.9203065161612,0.9425545946741335,0.6590136026515072,0.693167760124857,OAS1_0030_MR1_mpr-2_anon,bias,high
0.45278477668762207,0.08664180338382721,0.007566587999463081,5.269408226013184,2.768144130706787,0.09892268478870392,0.003640530165284872,0.09892268478870392,49.1744873046875,0.9483793176549102,0.546198432024319,0.6372930985889748,OAS1_0030_MR1_mpr-2_anon,motion,low
0.46788206696510315,0.0827149748802185,0.006882082670927048,5.716163635253906,2.7274608612060547,0.09782281517982483,0.0033323136158287525,0.09782281517982483,47.59606789981618,0.9466342473033209,0.548191806387271,0.6370750881145922,OAS1_0030_MR1_mpr-2_anon,motion,medium
0.47284936904907227,0.08331367373466492,0.0069776615127921104,5.712125778198242,2.734475612640381,0.10679630935192108,0.0033569769002497196,0.10679630935192108,52.891925168504905,0.9409854647115212,0.547307682716544,0.6275358111894525,OAS1_0030_MR1_mpr-2_anon,motion,high
0.08052714169025421,0.15389412641525269,0.024476943537592888,0.5040265917778015,2.2711660861968994,0.14530795812606812,0.01145971566438675,0.14530795812606812,153.7070484834559,0.942598228930764,0.6587934131122941,0.6918855325692512,OAS1_0030_MR1_mpr-3_anon,original,none
0.1001226007938385,0.17773598432540894,0.03249926120042801,0.5446581840515137,2.428447961807251,0.11603432893753052,0.000605233246460557,0.11603432893753052,46.92099944469976,0.9879542493808624,0.638298222039811,0.7242947976576822,OAS1_0030_MR1_mpr-3_anon,blur,low
0.11765584349632263,0.1941486895084381,0.03841858357191086,0.5904208421707153,2.576660633087158,0.092691570520401,0.0001194597061839886,0.092691570520401,23.62918701171875,0.9953731326416082,0.6177430401630521,0.7219115648779229,OAS1_0030_MR1_mpr-3_anon,blur,medium
0.14808952808380127,0.22347718477249146,0.050753019750118256,0.6474283933639526,2.7876014709472656,0.07687555998563766,2.7052712539443746e-05,0.07687555998563766,13.006564271216298,0.9981102192323372,0.5835371340079791,0.7068876198053786,OAS1_0030_MR1_mpr-3_anon,blur,high
0.08226212859153748,0.1530565768480301,0.024214811623096466,0.5220001935958862,2.5713820457458496,0.14903022348880768,0.011475984007120132,0.14903022348880768,153.88033183976717,0.9422108690413413,0.47729049756275976,0.599753616374305,OAS1_0030_MR1_mpr-3_anon,noise,low
0.08401371538639069,0.1522476077079773,0.023962341248989105,0.540207028388977,2.9755866527557373,0.1528267115354538,0.011590520851314068,0.1528267115354538,154.50496299594056,0.9410524507868618,0.24708685732476104,0.45602223261677377,OAS1_0030_MR1_mpr-3_anon,noise,medium
0.08745003491640091,0.15049847960472107,0.023414932191371918,0.5769311189651489,3.3514657020568848,0.1604878008365631,0.012103576213121414,0.1604878008365631,157.20296523150276,0.9373381408389017,0.13488211630850377,0.3248057370815514,OAS1_0030_MR1_mpr-3_anon,noise,high
0.0803377628326416,0.15391618013381958,0.024493172764778137,0.502220630645752,2.2706375122070312,0.1452506184577942,0.011454371735453606,0.1452506184577942,153.56644813687194,0.942747743619861,0.6587927599359722,0.6918821337999927,OAS1_0030_MR1_mpr-3_anon,bias,low
0.07975549250841141,0.15332119166851044,0.024310821667313576,0.500391960144043,2.2684409618377686,0.1444757729768753,0.011345714330673218,0.1444757729768753,152.0081755993413,0.9428876072031005,0.6587924892520589,0.692011206627151,OAS1_0030_MR1_mpr-3_anon,bias,medium
0.07794150710105896,0.1509122997522354,0.023531954735517502,0.49764013290405273,2.2611148357391357,0.1415952742099762,0.010923782363533974,0.1415952742099762,146.07480923521757,0.9431002773483608,0.6587937143532927,0.6926437952920885,OAS1_0030_MR1_mpr-3_anon,bias,high
0.4523490071296692,0.08692218363285065,0.007614037021994591,5.246049404144287,2.7701258659362793,0.09893419593572617,0.003658593399450183,0.09893419593572617,49.39547502106312,0.9484229109885849,0.5462125709397108,0.6372482644889053,OAS1_0030_MR1_mpr-3_anon,motion,low
0.4680614471435547,0.08326795697212219,0.006973002105951309,5.6789469718933105,2.7304599285125732,0.09830466657876968,0.0033687972463667393,0.09830466657876968,48.18174570121017,0.946692482254615,0.5483500687261735,0.6367549798050831,OAS1_0030_MR1_mpr-3_anon,motion,medium
0.4726333022117615,0.08354528248310089,0.007015718147158623,5.695613861083984,2.735361099243164,0.10691475868225098,0.003371105995029211,0.10691475868225098,53.214500995710786,0.9410242237476705,0.547396086233233,0.6275794824573109,OAS1_0030_MR1_mpr-3_anon,motion,high
0.0803518295288086,0.15328098833560944,0.024291444569826126,0.5052173137664795,2.2746291160583496,0.14445656538009644,0.01108612772077322,0.14445656538009644,150.57226371017163,0.9422096632618888,0.6579140207592644,0.6909650297344538,OAS1_0030_MR1_mpr-4_anon,original,none
0.10008037090301514,0.17742997407913208,0.032356008887290955,0.5458707809448242,2.434842586517334,0.11594408750534058,0.0005989032797515392,0.11594408750534058,46.689532590379905,0.9879430165452059,0.6372748256634995,0.7231697694042266,OAS1_0030_MR1_mpr-4_anon,blur,low
0.11788871139287949,0.19415774941444397,0.0384199321269989,0.5917831659317017,2.583228349685669,0.09299750626087189,0.00011953232751693577,0.09299750626087189,23.7268097522212,0.9953615475288912,0.6166639497300574,0.7206987987723814,OAS1_0030_MR1_mpr-4_anon,blur,medium
0.14774346351623535,0.2226760983467102,0.05033786594867706,0.649146318435669,2.792591094970703,0.07688229531049728,2.683449929463677e-05,0.07688229531049728,12.970065008425248,0.9980970437927666,0.5823634853882265,0.7060929713092423,OAS1_0030_MR1_mpr-4_anon,blur,high
0.08208803832530975,0.15246610343456268,0.024036597460508347,0.523312509059906,2.5739316940307617,0.1481693983078003,0.011103203520178795,0.1481693983078003,150.74829017788755,0.9418050537435123,0.4769406531616657,0.5992615759836111,OAS1_0030_MR1_mpr-4_anon,noise,low
0.08385436236858368,0.15167587995529175,0.02378999814391136,0.5416309833526611,2.9771227836608887,0.1520080417394638,0.011227907612919807,0.1520080417394638,151.48299345128677,0.9406331352367382,0.2471428807329642,0.45602488691967014,OAS1_0030_MR1_mpr-4_anon,noise,medium
0.08733777701854706,0.15005210041999817,0.023281492292881012,0.5785219669342041,3.354581356048584,0.15974575281143188,0.011755933985114098,0.15974575281143188,154.3931178672641,0.9368808449730399,0.13472246211218114,0.3243250555948094,OAS1_0030_MR1_mpr-4_anon,noise,high
0.08019261062145233,0.15335077047348022,0.024320587515830994,0.5033769607543945,2.274275064468384,0.1444750875234604,0.011095005087554455,0.1444750875234604,150.5927195829504,0.9423536970885439,0.6579135685383964,0.6909330212846383,OAS1_0030_MR1_mpr-4_anon,bias,low
0.07953403890132904,0.1526261866092682,0.02409188821911812,0.501516580581665,2.2717599868774414,0.14359192550182343,0.010973919183015823,0.14359192550182343,148.79851289636952,0.9425001904772417,0.6579135870710893,0.6911017781470397,OAS1_0030_MR1_mpr-4_anon,bias,medium
0.07769668102264404,0.15015839040279388,0.0232989564538002,0.49872130155563354,2.2642762660980225,0.1406739354133606,0.01056324690580368,0.1406739354133606,142.90411448759193,0.9427105004523382,0.6579148294710343,0.6917293249016041,OAS1_0030_MR1_mpr-4_anon,bias,high
0.4522808790206909,0.08704740554094315,0.007637971080839634,5.238611698150635,2.7816338539123535,0.09886445105075836,0.0035714064724743366,0.09886445105075836,48.88554232728248,0.9491461798116922,0.5439729151353471,0.6354204550210245,OAS1_0030_MR1_mpr-4_anon,motion,low
0.4654783606529236,0.08335497975349426,0.006985703017562628,5.638456344604492,2.7448744773864746,0.09811588376760483,0.003280220553278923,0.09811588376760483,47.591640337775736,0.9474164007036014,0.5451800580979194,0.6346858550833692,OAS1_0030_MR1_mpr-4_anon,motion,medium
0.47120901942253113,0.08346011489629745,0.006999973673373461,5.684627532958984,2.740734100341797,0.10662975907325745,0.003274639369919896,0.10662975907325745,52.451409553079046,0.9417368199355409,0.5464171368742575,0.6261763005812129,OAS1_0030_MR1_mpr-4_anon,motion,high
0.0637243241071701,0.12501493096351624,0.016240814700722694,0.4854243993759155,2.1218678951263428,0.1296655833721161,0.0108862966299057,0.1296655833721161,151.95101222617956,0.9210111572299184,0.6763805856144972,0.7075792153230901,OAS1_0031_MR1_mpr-1_anon,original,none
0.08748704195022583,0.15572860836982727,0.025420181453227997,0.5329703092575073,2.300175189971924,0.10467174649238586,0.0006616679020226002,0.10467174649238586,43.9843718884038,0.9860478154870915,0.6561783916886625,0.7404434795611479,OAS1_0031_MR1_mpr-1_anon,blur,low
0.10703974962234497,0.17790161073207855,0.0329393669962883,0.5757660269737244,2.4537458419799805,0.08279992640018463,0.0001052313600666821,0.08279992640018463,19.053530464920343,0.9956516319266271,0.6356862418759527,0.7362728431647617,OAS1_0031_MR1_mpr-1_anon,blur,medium
0.12869004905223846,0.20091469585895538,0.04130800813436508,0.6224334239959717,2.646500825881958,0.06448228657245636,1.8132152035832405e-05,0.06448228657245636,8.92204948874081,0.9983846794448262,0.6025595165526603,0.7247324094620018,OAS1_0031_MR1_mpr-1_anon,blur,high
0.06510663032531738,0.12435296177864075,0.016071198508143425,0.5016629695892334,2.267849922180176,0.13263149559497833,0.010890413075685501,0.13263149559497833,152.00512671377146,0.9207810565014596,0.6018915440093966,0.6701638026101818,OAS1_0031_MR1_mpr-1_anon,noise,low
0.06654704362154007,0.12377835810184479,0.015927225351333618,0.5180743932723999,2.7054972648620605,0.13575607538223267,0.010973303578794003,0.13575607538223267,152.67938005035998,0.919694850527971,0.3076229526170625,0.5104314569659897,OAS1_0031_MR1_mpr-1_anon,noise,medium
0.06927220523357391,0.12241649627685547,0.015579599887132645,0.5512628555297852,3.0958428382873535,0.14177750051021576,0.011260084807872772,0.14177750051021576,154.0839935901118,0.9166132409050098,0.17324223753823653,0.37931273847987046,OAS1_0031_MR1_mpr-1_anon,noise,high
0.06375978887081146,0.1254078447818756,0.016341309994459152,0.48434990644454956,2.121947765350342,0.12995260953903198,0.010919461026787758,0.12995260953903198,152.0639550302543,0.921314469875383,0.6763801960670596,0.7074973559424869,OAS1_0031_MR1_mpr-1_anon,bias,low
0.0633719339966774,0.125099316239357,0.01624930649995804,0.4831533133983612,2.1199755668640137,0.12937244772911072,0.01081515196710825,0.12937244772911072,150.2198627546722,0.9216147712227527,0.6763805346172505,0.7076246129070044,OAS1_0031_MR1_mpr-1_anon,bias,medium
0.06195540726184845,0.12317100912332535,0.015716129913926125,0.48119401931762695,2.113003730773926,0.12678919732570648,0.010392650961875916,0.12678919732570648,143.66728395948223,0.9220668031721213,0.6763821326239705,0.708243196827572,OAS1_0031_MR1_mpr-1_anon,bias,high
0.42092442512512207,0.0755755603313446,0.005733906291425228,5.594712257385254,2.6413087844848633,0.09502295404672623,0.004051163326948881,0.09502295404672623,57.68671396292892,0.9223650664261874,0.5613796020617262,0.6459688708541464,OAS1_0031_MR1_mpr-1_anon,motion,low
0.46337831020355225,0.07023869454860687,0.004965557251125574,6.671128273010254,2.5729727745056152,0.08980350941419601,0.0035260252188891172,0.08980350941419601,51.49680247587317,0.9206892179638931,0.568931441484681,0.6543728054828483,OAS1_0031_MR1_mpr-1_anon,motion,medium
0.4510589838027954,0.07023616880178452,0.004966961219906807,6.489445686340332,2.5661816596984863,0.09590661525726318,0.003484605811536312,0.09590661525726318,54.448162961473656,0.9164151772035538,0.5688751768934626,0.6478992529112273,OAS1_0031_MR1_mpr-1_anon,motion,high
0.06408441811800003,0.12545013427734375,0.016374610364437103,0.48605334758758545,2.128974437713623,0.12991681694984436,0.010743217542767525,0.12991681694984436,150.29810216567097,0.9203754575677145,0.6754341594246166,0.7067808109942457,OAS1_0031_MR1_mpr-2_anon,original,none
0.08758461475372314,0.1557597666978836,0.025445081293582916,0.5335631370544434,2.306448459625244,0.10471846908330917,0.0006679104408249259,0.10471846908330917,44.10801236021753,0.9856955402920191,0.6551143657842079,0.7401261085464147,OAS1_0031_MR1_mpr-2_anon,blur,low
0.10895253717899323,0.18048609793186188,0.03397482633590698,0.5763962864875793,2.466001510620117,0.08412918448448181,0.00011051385081373155,0.08412918448448181,19.827701344209558,0.9956206989755754,0.6345754409441072,0.7351109355071267,OAS1_0031_MR1_mpr-2_anon,blur,medium
0.13092872500419617,0.20386019349098206,0.04257066175341606,0.6227409243583679,2.659255266189575,0.06554843485355377,1.8848731997422874e-05,0.06554843485355377,9.28999143114277,0.9983771283827769,0.6014679778058065,0.7230745647518819,OAS1_0031_MR1_mpr-2_anon,blur,high
0.06547663360834122,0.1247880682349205,0.01620500162243843,0.5024729371070862,2.278397560119629,0.1329018622636795,0.01074840035289526,0.1329018622636795,150.37041817459408,0.9201406890178676,0.5986538789422415,0.6681929351257407,OAS1_0031_MR1_mpr-2_anon,noise,low
0.06690351665019989,0.12418322265148163,0.016051888465881348,0.5190850496292114,2.7150096893310547,0.13600210845470428,0.01082579791545868,0.13600210845470428,150.95099427466297,0.9190315711026402,0.3058192392266287,0.5086798599584186,OAS1_0031_MR1_mpr-2_anon,noise,medium
0.06971406191587448,0.12292425334453583,0.01572834886610508,0.552707850933075,3.105459690093994,0.14220649003982544,0.011145992204546928,0.14220649003982544,152.75097955441942,0.9159214389194826,0.17197949714107488,0.377418334211892,OAS1_0031_MR1_mpr-2_anon,noise,high
0.06390249729156494,0.12547360360622406,0.016371410340070724,0.4850013256072998,2.127976655960083,0.1297781765460968,0.01070725079625845,0.1297781765460968,149.37143554687503,0.9206693163019001,0.6754336129903236,0.7068009038563178,OAS1_0031_MR1_mpr-2_anon,bias,low
0.0633014589548111,0.12479992210865021,0.016177071258425713,0.483825147151947,2.1248998641967773,0.12878069281578064,0.01053987629711628,0.12878069281578064,146.56300336052394,0.9209610303312192,0.6754342472108932,0.7070109841358754,OAS1_0031_MR1_mpr-2_anon,bias,medium
0.061885759234428406,0.12288736552000046,0.015649978071451187,0.48189279437065125,2.1177916526794434,0.12622207403182983,0.010133996605873108,0.12622207403182983,140.18867211435358,0.9213966587560665,0.6754360288134684,0.7076395572486275,OAS1_0031_MR1_mpr-2_anon,bias,high
0.42226868867874146,0.0755557045340538,0.005732349120080471,5.60831356048584,2.6401124000549316,0.09467548131942749,0.0039467099122703075,0.09467548131942749,56.40792044845282,0.9239098825334149,0.5614792049706625,0.6464555049654903,OAS1_0031_MR1_mpr-2_anon,motion,low
0.4607435464859009,0.06993132829666138,0.004926576279103756,6.67117977142334,2.5680127143859863,0.08913542330265045,0.003398694796487689,0.08913542330265045,49.849894445082725,0.9223793349475349,0.5697021518765639,0.6552869865763422,OAS1_0031_MR1_mpr-2_anon,motion,medium
0.4539688229560852,0.07023003697395325,0.0049679516814649105,6.53858757019043,2.5633792877197266,0.09567506611347198,0.0033956756815314293,0.09567506611347198,53.33908811083027,0.9179647223012297,0.5695632280522894,0.6482845417579937,OAS1_0031_MR1_mpr-2_anon,motion,high
0.06464752554893494,0.12618108093738556,0.016563277691602707,0.4882487952709198,2.1329760551452637,0.13147908449172974,0.011041328310966492,0.13147908449172974,153.10730315563728,0.9211596984967488,0.6749892349481228,0.7060664973077818,OAS1_0031_MR1_mpr-3_anon,original,none
0.08809240907430649,0.15629315376281738,0.02557062730193138,0.5356991291046143,2.310372829437256,0.10547079890966415,0.0006594147998839617,0.10547079890966415,44.01958223230699,0.9860708081778972,0.6546335087764055,0.7387448705953592,OAS1_0031_MR1_mpr-3_anon,blur,low
0.10960452258586884,0.18104568123817444,0.03413862735033035,0.578375518321991,2.469087600708008,0.08469198644161224,0.00011033983901143074,0.08469198644161224,19.865141745174633,0.9956504226018796,0.6339922865045098,0.7338506366502568,OAS1_0031_MR1_mpr-3_anon,blur,medium
0.13235723972320557,0.20471012592315674,0.04303289204835892,0.6249481439590454,2.6645619869232178,0.06619180738925934,1.9308463379275054e-05,0.06619180738925934,9.403222416896448,0.9983812888734747,0.600685325202607,0.7218138796453413,OAS1_0031_MR1_mpr-3_anon,blur,high
0.06607208400964737,0.1255601942539215,0.016402848064899445,0.5045125484466553,2.287081480026245,0.134529709815979,0.011053932830691338,0.134529709815979,153.28704020182295,0.9209306428447764,0.5953640142797749,0.6660708666063826,OAS1_0031_MR1_mpr-3_anon,noise,low
0.06747296452522278,0.12489132583141327,0.016230138018727303,0.5209237337112427,2.7225093841552734,0.13757669925689697,0.011121748946607113,0.13757669925689697,153.7311756807215,0.9198430997006785,0.30394066103751843,0.5069175340667096,OAS1_0031_MR1_mpr-3_anon,noise,medium
0.07032953947782516,0.1236603856086731,0.0159161314368248,0.5542745590209961,3.113845109939575,0.1438686102628708,0.011446923948824406,0.1438686102628708,155.59521556181065,0.9167835907632305,0.1705583275373173,0.37540617327463904,OAS1_0031_MR1_mpr-3_anon,noise,high
0.06480641663074493,0.1267804056406021,0.016718421131372452,0.4871640205383301,2.1337037086486816,0.13202263414859772,0.011119171045720577,0.13202263414859772,153.79129040287995,0.9214522370899858,0.6749888009459983,0.7059109706044333,OAS1_0031_MR1_mpr-3_anon,bias,low
0.06456530839204788,0.1267084777355194,0.01668611913919449,0.4859548509120941,2.1325583457946777,0.13174951076507568,0.011067554354667664,0.13174951076507568,152.64066042432603,0.9217504374968095,0.674988760752548,0.7059631010051179,OAS1_0031_MR1_mpr-3_anon,bias,medium
0.06335726380348206,0.12514016032218933,0.01623905636370182,0.48397350311279297,2.1268668174743652,0.12960222363471985,0.01071617566049099,0.12960222363471985,147.0803208295037,0.9221941394567947,0.6749901134914659,0.7064721766858895,OAS1_0031_MR1_mpr-3_anon,bias,high
0.4232321083545685,0.07604987919330597,0.0058098905719816685,5.586091041564941,2.6504087448120117,0.09570463746786118,0.004065912216901779,0.09570463746786118,57.52899409275429,0.9232996766568906,0.5603391768432919,0.6444089812408321,OAS1_0031_MR1_mpr-3_anon,motion,low
0.4634518027305603,0.07095952332019806,0.0050729624927043915,6.611120700836182,2.582695484161377,0.09090478718280792,0.0035805145744234324,0.09090478718280792,51.971364937576595,0.921834384868677,0.5681114805376466,0.6529752716800447,OAS1_0031_MR1_mpr-3_anon,motion,medium
0.45467478036880493,0.07044078409671783,0.005000266246497631,6.52901029586792,2.572042465209961,0.09629150480031967,0.003478146158158779,0.09629150480031967,54.03430319393382,0.9174685794975522,0.5680762023886394,0.6467611689219829,OAS1_0031_MR1_mpr-3_anon,motion,high
0.06413929164409637,0.12538589537143707,0.01636485755443573,0.4866383969783783,2.116579294204712,0.12906214594841003,0.010565281845629215,0.12906214594841003,149.59830130782785,0.9215302124382874,0.6781049155889769,0.7088817795259592,OAS1_0031_MR1_mpr-4_anon,original,none
0.08677283674478531,0.1549256145954132,0.0250842422246933,0.5331077575683594,2.291945219039917,0.10345650464296341,0.000630310969427228,0.10345650464296341,42.93239913641238,0.9860693764010842,0.6578049064719613,0.7415802141036043,OAS1_0031_MR1_mpr-4_anon,blur,low
0.10702385008335114,0.17829300463199615,0.03303544223308563,0.5754223465919495,2.445732593536377,0.08262995630502701,0.0001042771473294124,0.08262995630502701,19.09807057100184,0.9956516543084117,0.6373218026792395,0.7371729352833671,OAS1_0031_MR1_mpr-4_anon,blur,medium
0.12997111678123474,0.20279383659362793,0.04211949557065964,0.6217523813247681,2.6418771743774414,0.0650324895977974,1.8602762793307193e-05,0.0650324895977974,9.151589068244485,0.9983829423411421,0.6041089357631325,0.7250395918978613,OAS1_0031_MR1_mpr-4_anon,blur,high
0.06554746627807617,0.12474614381790161,0.01620093360543251,0.5030279159545898,2.265256643295288,0.13207724690437317,0.010574623942375183,0.13207724690437317,149.74238209443934,0.9213053800402624,0.602105744877862,0.6707682683641414,OAS1_0031_MR1_mpr-4_anon,noise,low
0.06695305556058884,0.12410388886928558,0.01603630930185318,0.5195642709732056,2.703822135925293,0.13513419032096863,0.01064217183738947,0.13513419032096863,150.20715427772672,0.9202260471835885,0.3073750657398633,0.510637433309606,OAS1_0031_MR1_mpr-4_anon,noise,medium
0.06973712891340256,0.12280000746250153,0.015703124925494194,0.553052544593811,3.0962374210357666,0.1412709653377533,0.010945672169327736,0.1412709653377533,151.8118336397059,0.9171454804339157,0.1728799018766499,0.378804248178676,OAS1_0031_MR1_mpr-4_anon,noise,high
0.06443876028060913,0.1262456625699997,0.016594205051660538,0.4855889678001404,2.1179428100585938,0.129881352186203,0.01068387646228075,0.129881352186203,150.9086770450368,0.9218284865654889,0.6781041637743037,0.708686657196974,OAS1_0031_MR1_mpr-4_anon,bias,low
0.06439968943595886,0.12653625011444092,0.016666550189256668,0.4844110608100891,2.1177079677581787,0.13000811636447906,0.010698769241571426,0.13000811636447906,150.72819465188422,0.9221270588062018,0.6781039751121745,0.7086703825614582,OAS1_0031_MR1_mpr-4_anon,bias,medium
0.06340710818767548,0.12536337971687317,0.016329804435372353,0.4824698567390442,2.1129825115203857,0.12830545008182526,0.010423634201288223,0.12830545008182526,146.18092041015626,0.9225725933714131,0.678104649432975,0.7090643556484276,OAS1_0031_MR1_mpr-4_anon,bias,high
0.42291155457496643,0.07615445554256439,0.005825243890285492,5.575069427490234,2.63328218460083,0.09470386058092117,0.0039661955088377,0.09470386058092117,57.26488037109375,0.9239501553909432,0.564420467340956,0.6474851703281652,OAS1_0031_MR1_mpr-4_anon,motion,low
0.4621179699897766,0.07065069675445557,0.005028302315622568,6.6233344078063965,2.563723564147949,0.0893934965133667,0.003425353206694126,0.0893934965133667,50.833869964001224,0.9225334296713406,0.5724239761511078,0.6559867211894521,OAS1_0031_MR1_mpr-4_anon,motion,medium
0.4508330821990967,0.07048031687736511,0.0050023403018713,6.467372894287109,2.558603286743164,0.09538169205188751,0.0033751786686480045,0.09538169205188751,53.67199826708027,0.9180536360260744,0.5713337220365617,0.6494647436360879,OAS1_0031_MR1_mpr-4_anon,motion,high
0.08449490368366241,0.14625263214111328,0.021910127252340317,0.5577136278152466,2.363811731338501,0.16307777166366577,0.015151271596550941,0.16307777166366577,185.64305036956193,0.929749782262239,0.6414728801431302,0.6716964949221049,OAS1_0032_MR1_mpr-1_anon,original,none
0.11133076250553131,0.17748847603797913,0.0324421152472496,0.6056458353996277,2.5482563972473145,0.12795835733413696,0.0007395336288027465,0.12795835733413696,47.00351514629289,0.9878867423703505,0.6190513880236483,0.6999454153824687,OAS1_0032_MR1_mpr-1_anon,blur,low
0.13350576162338257,0.20035091042518616,0.04122054949402809,0.6475961208343506,2.7003140449523926,0.09603485465049744,0.00011626456398516893,0.09603485465049744,20.237413114659926,0.9961265609131182,0.5968029281419742,0.6970452726413054,OAS1_0032_MR1_mpr-1_anon,blur,medium
0.16862697899341583,0.2376929074525833,0.058037981390953064,0.692874014377594,2.9280197620391846,0.07852368801832199,2.1737832867074758e-05,0.07852368801832199,11.154933794806984,0.9985371434092604,0.5604066095269528,0.6817113890459576,OAS1_0032_MR1_mpr-1_anon,blur,high
0.08615246415138245,0.14530155062675476,0.021625980734825134,0.5734771490097046,2.657597064971924,0.1666235327720642,0.015152115374803543,0.1666235327720642,185.74779076669734,0.9294557114438629,0.4610122826970471,0.5810438110968833,OAS1_0032_MR1_mpr-1_anon,noise,low
0.08784620463848114,0.14441171288490295,0.021360861137509346,0.5894562005996704,3.0518314838409424,0.1702815592288971,0.015260765329003334,0.1702815592288971,186.29305575501684,0.9284489471616728,0.24037533002106332,0.44288515951823915,OAS1_0032_MR1_mpr-1_anon,noise,medium
0.09108924865722656,0.14243656396865845,0.02077324688434601,0.6219683885574341,3.426413059234619,0.17753374576568604,0.015758749097585678,0.17753374576568604,188.74248788871017,0.9256861478121221,0.13069619140707261,0.31435456447085514,OAS1_0032_MR1_mpr-1_anon,noise,high
0.08375827968120575,0.14523054659366608,0.021580655127763748,0.557112991809845,2.361027717590332,0.162018820643425,0.014995573088526726,0.162018820643425,183.042127422258,0.9295918112214614,0.6414728607644087,0.6718599949382881,OAS1_0032_MR1_mpr-1_anon,bias,low
0.08266643434762955,0.14367924630641937,0.021100027486681938,0.556355357170105,2.3565869331359863,0.16027690470218658,0.014733361080288887,0.16027690470218658,179.17284390318628,0.9294518522128724,0.6414735100706889,0.6721799147051295,OAS1_0032_MR1_mpr-1_anon,bias,medium
0.08060207962989807,0.14074967801570892,0.02021554857492447,0.5549880266189575,2.348109245300293,0.15684786438941956,0.014220824465155602,0.15684786438941956,171.94268870634193,0.9292874921579,0.6414749523079537,0.6728807988925971,OAS1_0032_MR1_mpr-1_anon,bias,high
0.4347395896911621,0.08460693061351776,0.0071778022684156895,5.159087181091309,2.876746654510498,0.11197283864021301,0.005227616522461176,0.11197283864021301,64.82782126034007,0.9307358460589061,0.5277305235569985,0.6095478329583224,OAS1_0032_MR1_mpr-1_anon,motion,low
0.4531404972076416,0.08179354667663574,0.006721336394548416,5.570529937744141,2.824692964553833,0.10985274612903595,0.004798559937626123,0.10985274612903595,62.393379241344974,0.9291659434613954,0.5309121509510291,0.6141260518331032,OAS1_0032_MR1_mpr-1_anon,motion,medium
0.47356724739074707,0.07862453907728195,0.0062207006849348545,6.081808567047119,2.8095693588256836,0.11461234092712402,0.004440060816705227,0.11461234092712402,62.62136757046569,0.9229151112798815,0.5316647687648615,0.6070868747475585,OAS1_0032_MR1_mpr-1_anon,motion,high
0.08614678680896759,0.1471206545829773,0.022192861884832382,0.5649926662445068,2.3947529792785645,0.1654985398054123,0.014889515936374664,0.1654985398054123,185.29721296721817,0.9307165531770476,0.6360881697274678,0.6660261405716681,OAS1_0032_MR1_mpr-2_anon,original,none
0.11261621117591858,0.1772727072238922,0.03238357603549957,0.6129485368728638,2.5814242362976074,0.12846332788467407,0.0007217989768832922,0.12846332788467407,46.6922882678462,0.9879192309588234,0.6132373866117197,0.6948208266762448,OAS1_0032_MR1_mpr-2_anon,blur,low
0.1348811239004135,0.2000630795955658,0.04108477383852005,0.6552863121032715,2.732579231262207,0.09638895839452744,0.00011504521535243839,0.09638895839452744,20.11803648705576,0.9961232889882683,0.5907350347719502,0.6929370241854564,OAS1_0032_MR1_mpr-2_anon,blur,medium
0.17001734673976898,0.2368248701095581,0.05757121369242668,0.7009781002998352,2.9598751068115234,0.07859749346971512,2.142181620001793e-05,0.07859749346971512,11.00179993872549,0.9985460717644326,0.5540201571038594,0.6783069790626703,OAS1_0032_MR1_mpr-2_anon,blur,high
0.0878124013543129,0.14613111317157745,0.021895360201597214,0.5809375643730164,2.6973671913146973,0.16904576122760773,0.014888372272253036,0.16904576122760773,185.37233707203586,0.930405913120875,0.44855937049182926,0.5716267181543525,OAS1_0032_MR1_mpr-2_anon,noise,low
0.08951985836029053,0.14521503448486328,0.02162342332303524,0.5970659255981445,3.0872068405151367,0.1727505624294281,0.01500642392784357,0.1727505624294281,185.97476256127447,0.9293907949900788,0.23505487486754736,0.436059905826133,OAS1_0032_MR1_mpr-2_anon,noise,medium
0.09303482621908188,0.14352567493915558,0.02112644910812378,0.6299309134483337,3.461860179901123,0.1804688274860382,0.015599307604134083,0.1804688274860382,189.41044287588082,0.926607088871656,0.1274269965196267,0.3082256313710145,OAS1_0032_MR1_mpr-2_anon,noise,high
0.0857861191034317,0.14666658639907837,0.02204161137342453,0.5644299387931824,2.3935327529907227,0.16514641046524048,0.014848664402961731,0.16514641046524048,184.21498592601108,0.9305637233395129,0.6360878885156576,0.6660475800699126,OAS1_0032_MR1_mpr-2_anon,bias,low
0.0849786251783371,0.14556309580802917,0.021691784262657166,0.5637038946151733,2.390364408493042,0.1639307588338852,0.014671070501208305,0.1639307588338852,181.4219721775429,0.9304391543839337,0.6360883182668977,0.6662629687230689,OAS1_0032_MR1_mpr-2_anon,bias,medium
0.08324640989303589,0.1431594341993332,0.020951194688677788,0.5623742938041687,2.383455753326416,0.16112518310546875,0.01425853744149208,0.16112518310546875,175.45313577090997,0.9302872279452341,0.6360893623208128,0.6667885535422743,OAS1_0032_MR1_mpr-2_anon,bias,high
0.4332546591758728,0.08567377179861069,0.007362463511526585,5.078309535980225,2.922618865966797,0.113578200340271,0.005163946188986301,0.113578200340271,65.11305434283089,0.9323095971188056,0.5190703572441273,0.6016844124439704,OAS1_0032_MR1_mpr-2_anon,motion,low
0.4553510546684265,0.08227747678756714,0.006794079206883907,5.558082103729248,2.8605895042419434,0.11081349849700928,0.004670837894082069,0.11081349849700928,61.768001541436895,0.930464224714605,0.5239828027568703,0.6072232502920079,OAS1_0032_MR1_mpr-2_anon,motion,medium
0.4748283922672272,0.07961048930883408,0.0063856979832053185,6.03302001953125,2.8482863903045654,0.1163373813033104,0.004389356821775436,0.1163373813033104,63.15209099264706,0.9242750590133129,0.5241917899331028,0.6003965301924414,OAS1_0032_MR1_mpr-2_anon,motion,high
0.08360317349433899,0.14489078521728516,0.02149536833167076,0.5569332242012024,2.3677444458007812,0.16297489404678345,0.015165625140070915,0.16297489404678345,187.24448194316793,0.9279959405310226,0.6400166592380911,0.6708296764782025,OAS1_0032_MR1_mpr-3_anon,original,none
0.11122681200504303,0.1771324872970581,0.03230558708310127,0.6059204339981079,2.5565316677093506,0.12924602627754211,0.0007579107186757028,0.12924602627754211,48.047999722349886,0.9876361033275896,0.6174906373965252,0.6986960011341437,OAS1_0032_MR1_mpr-3_anon,blur,low
0.13275915384292603,0.19896680116653442,0.04061334207653999,0.6488491892814636,2.707526922225952,0.09640400856733322,0.00011810010619228706,0.09640400856733322,20.381195906096814,0.9960365242385925,0.5951232809020255,0.6957660764196478,OAS1_0032_MR1_mpr-3_anon,blur,medium
0.1675964891910553,0.235807865858078,0.05703040212392807,0.6950238943099976,2.9354159832000732,0.07841301709413528,2.1773674234282225e-05,0.07841301709413528,11.103022556678923,0.9985202829784993,0.5585792764542084,0.6808707083916541,OAS1_0032_MR1_mpr-3_anon,blur,high
0.08527388423681259,0.1440003216266632,0.02123335935175419,0.5726320743560791,2.6534671783447266,0.16653791069984436,0.015178482979536057,0.16653791069984436,187.49517690621173,0.9276992421966319,0.4656443584339953,0.5832524979309794,OAS1_0032_MR1_mpr-3_anon,noise,low
0.08687267452478409,0.14300334453582764,0.02094050496816635,0.5885323882102966,3.0468759536743164,0.17001181840896606,0.015263354405760765,0.17001181840896606,187.75408097809435,0.9266831149219141,0.24207201114290522,0.44452363570465303,OAS1_0032_MR1_mpr-3_anon,noise,medium
0.0902339369058609,0.14127571880817413,0.02043987438082695,0.6208891272544861,3.4203124046325684,0.1774366945028305,0.01578429713845253,0.1774366945028305,190.6080853630515,0.9239163013751761,0.13175636999566812,0.31611249765903265,OAS1_0032_MR1_mpr-3_anon,noise,high
0.08330678939819336,0.14452402293682098,0.02137897163629532,0.5563738346099854,2.3667068481445312,0.16274693608283997,0.015162110328674316,0.16274693608283997,186.54689247280947,0.9278168407133347,0.6400166402868661,0.6708402872794521,OAS1_0032_MR1_mpr-3_anon,bias,low
0.08245693147182465,0.1433192789554596,0.02101149968802929,0.5556554794311523,2.363269805908203,0.16143491864204407,0.014971744269132614,0.16143491864204407,183.54785515280332,0.9276632710552668,0.6400169363891112,0.6710931930729864,OAS1_0032_MR1_mpr-3_anon,bias,medium
0.08069334924221039,0.14080534875392914,0.020262451842427254,0.5543434619903564,2.355966567993164,0.15851080417633057,0.014537529088556767,0.15851080417633057,177.28799450444245,0.9274716111312994,0.6400182141266229,0.671660916958521,OAS1_0032_MR1_mpr-3_anon,bias,high
0.43350160121917725,0.08384066075086594,0.00704885134473443,5.188897132873535,2.8812103271484375,0.11178278923034668,0.005223932676017284,0.11178278923034668,65.30524280024511,0.928842174964831,0.5257048059611913,0.608791696657521,OAS1_0032_MR1_mpr-3_anon,motion,low
0.45366325974464417,0.08185486495494843,0.006732351146638393,5.572511672973633,2.8297083377838135,0.110745370388031,0.004899513907730579,0.110745370388031,64.08432042738971,0.927217739960364,0.5298069881715136,0.6132565431379595,OAS1_0032_MR1_mpr-3_anon,motion,medium
0.47751086950302124,0.07844943553209305,0.0062024956569075584,6.156534194946289,2.8099238872528076,0.11505438387393951,0.004518718458712101,0.11505438387393951,63.95914330575981,0.9212450452300935,0.5312215814294372,0.6067699445072716,OAS1_0032_MR1_mpr-3_anon,motion,high
0.08507867902517319,0.1455484926700592,0.021700510755181313,0.5641552209854126,2.3995561599731445,0.16391237080097198,0.014950518496334553,0.16391237080097198,182.91667695886952,0.9296008293620168,0.6343316714382123,0.665269425718844,OAS1_0032_MR1_mpr-4_anon,original,none
0.11214622855186462,0.17660628259181976,0.032097093760967255,0.612973153591156,2.5865190029144287,0.1283654272556305,0.0007357979193329811,0.1283654272556305,46.350535194546566,0.9878311493746589,0.6115584179301053,0.6944362167690727,OAS1_0032_MR1_mpr-4_anon,blur,low
0.13405698537826538,0.19867706298828125,0.040510181337594986,0.6556268930435181,2.737982988357544,0.09586271643638611,0.00011556982644833624,0.09586271643638611,19.87766903147978,0.9961139595433088,0.5891956010973676,0.6927776508792556,OAS1_0032_MR1_mpr-4_anon,blur,medium
0.16891741752624512,0.23527222871780396,0.056815408170223236,0.7013429403305054,2.9647369384765625,0.07794293761253357,2.120648423442617e-05,0.07794293761253357,10.84439697265625,0.998548127498639,0.5526896657666558,0.6780913899118115,OAS1_0032_MR1_mpr-4_anon,blur,high
0.08676506578922272,0.14464038610458374,0.02143174782395363,0.5800323486328125,2.6939446926116943,0.16749811172485352,0.014964031986892223,0.16749811172485352,183.1615467744715,0.929296477922229,0.4530101840724552,0.5740853471179553,OAS1_0032_MR1_mpr-4_anon,noise,low
0.08841587603092194,0.14368662238121033,0.02114918828010559,0.5960742831230164,3.082794666290283,0.17109686136245728,0.015073818154633045,0.17109686136245728,183.67299194335936,0.9282766598088865,0.2365839708281508,0.43771495409738437,OAS1_0032_MR1_mpr-4_anon,noise,medium
0.09180676937103271,0.14192555844783783,0.020635079592466354,0.6288121342658997,3.4531006813049316,0.17858058214187622,0.01562340185046196,0.17858058214187622,186.70513066310508,0.925480593605511,0.12853180925842672,0.3105472571990161,OAS1_0032_MR1_mpr-4_anon,noise,high
0.08467881381511688,0.1450536698102951,0.021537434309720993,0.563617467880249,2.398094654083252,0.16352397203445435,0.014916983433067799,0.16352397203445435,181.84329283471203,0.9294102969240742,0.6343316926325031,0.665312089733773,OAS1_0032_MR1_mpr-4_anon,bias,low
0.08384209871292114,0.14393219351768494,0.0211867094039917,0.5629149675369263,2.394669532775879,0.16228488087654114,0.014744827523827553,0.16228488087654114,179.1007247625613,0.9292469194837978,0.6343321336963688,0.6655107946074772,OAS1_0032_MR1_mpr-4_anon,bias,medium
0.08192907273769379,0.14127087593078613,0.020380012691020966,0.5616178512573242,2.3867239952087402,0.15916772186756134,0.014287205412983894,0.15916772186756134,172.63082945580578,0.92904023934405,0.634333755084477,0.6661341677581839,OAS1_0032_MR1_mpr-4_anon,bias,high
0.43200767040252686,0.08392703533172607,0.007062505930662155,5.16309928894043,2.9064533710479736,0.11179576069116592,0.0051042791455984116,0.11179576069116592,63.23142281326594,0.9312336573882316,0.5201803994348102,0.6036510609537695,OAS1_0032_MR1_mpr-4_anon,motion,low
0.4525199234485626,0.08213893324136734,0.0067723654210567474,5.531177043914795,2.854452610015869,0.1110592782497406,0.004803868941962719,0.1110592782497406,62.39553079044117,0.9295160814403691,0.5249478236687055,0.6083202760800461,OAS1_0032_MR1_mpr-4_anon,motion,medium
0.4749831259250641,0.07945285737514496,0.006360798608511686,6.044678688049316,2.839508295059204,0.11640478670597076,0.004507381469011307,0.11640478670597076,63.57755462048101,0.9235625799253918,0.5256839359959559,0.6016346569197637,OAS1_0032_MR1_mpr-4_anon,motion,high
0.07695746421813965,0.14122933149337769,0.02104945480823517,0.5161944627761841,2.2346997261047363,0.1384965479373932,0.010318143293261528,0.1384965479373932,140.19381534352024,0.9348588688165107,0.6626326624477941,0.6956263082247452,OAS1_0033_MR1_mpr-1_anon,original,none
0.09851112961769104,0.16969121992588043,0.030101574957370758,0.5602782964706421,2.389096736907959,0.10837237536907196,0.000588013615924865,0.10837237536907196,40.0121696920956,0.987524748009064,0.6422662034341845,0.7306210756029111,OAS1_0033_MR1_mpr-1_anon,blur,low
0.12182044982910156,0.19608917832374573,0.03982361778616905,0.6031348705291748,2.5522401332855225,0.08652627468109131,0.00010652031050994992,0.08652627468109131,18.928167365579046,0.9961304946516607,0.6213164598529015,0.7264465940929007,OAS1_0033_MR1_mpr-1_anon,blur,medium
0.1577756553888321,0.23637345433235168,0.057314906269311905,0.6487196683883667,2.77821683883667,0.0736134722828865,2.2086109311203472e-05,0.0736134722828865,11.071959731158088,0.9985831574378143,0.5870487273017821,0.7111837252486639,OAS1_0033_MR1_mpr-1_anon,blur,high
0.07868315279483795,0.14042477309703827,0.020818360149860382,0.5378316640853882,2.5177597999572754,0.14218661189079285,0.010342231020331383,0.14218661189079285,140.43678780350032,0.9342445048810454,0.49505978715587884,0.6103383014762225,OAS1_0033_MR1_mpr-1_anon,noise,low
0.08045342564582825,0.13971881568431854,0.020611649379134178,0.5597026348114014,2.929060459136963,0.14602255821228027,0.010472094640135765,0.14602255821228027,141.29958184934128,0.9324172664932937,0.2541505255830505,0.4630358025626482,OAS1_0033_MR1_mpr-1_anon,noise,medium
0.08370126038789749,0.1378437727689743,0.020056746900081635,0.603568434715271,3.307684898376465,0.15333816409111023,0.010937398299574852,0.15333816409111023,143.5221872367111,0.9269439138191142,0.13955933363427492,0.33197011409927046,OAS1_0033_MR1_mpr-1_anon,noise,high
0.07656260579824448,0.1406811773777008,0.020876694470643997,0.515582263469696,2.233076572418213,0.13812479376792908,0.010290155187249184,0.13812479376792908,139.11640912224266,0.934900226093029,0.6626325394730392,0.695724032102657,OAS1_0033_MR1_mpr-1_anon,bias,low
0.07573951780796051,0.13942216336727142,0.020490311086177826,0.5148161053657532,2.2296929359436035,0.13697300851345062,0.01015269011259079,0.13697300851345062,136.54824888939953,0.9349551074623539,0.6626331359503157,0.6959798738742645,OAS1_0033_MR1_mpr-1_anon,bias,medium
0.07372406125068665,0.13629931211471558,0.019549008458852768,0.5134412050247192,2.22133469581604,0.13376614451408386,0.00973691325634718,0.13376614451408386,129.95777348537072,0.9350407149861151,0.6626346449500903,0.6967529377887035,OAS1_0033_MR1_mpr-1_anon,bias,high
0.44189807772636414,0.08566604554653168,0.0073949615471065044,5.180600166320801,2.7466301918029785,0.10037242621183395,0.003765997476875782,0.10037242621183395,52.488307818244486,0.9448462841998373,0.5548660984939437,0.6374010214456309,OAS1_0033_MR1_mpr-1_anon,motion,low
0.4533153176307678,0.08176931738853455,0.006719239056110382,5.569798469543457,2.6828722953796387,0.09852782636880875,0.0034132807049900293,0.09852782636880875,49.67047741459865,0.9432161243912103,0.5619938688012789,0.6434357695102314,OAS1_0033_MR1_mpr-1_anon,motion,medium
0.46676772832870483,0.0798778086900711,0.006431004032492638,5.8764848709106445,2.6780271530151367,0.10480651259422302,0.0032386654056608677,0.10480651259422302,51.994545850566794,0.9374117018294896,0.5586053150611436,0.6340479724914354,OAS1_0033_MR1_mpr-1_anon,motion,high
0.07749442756175995,0.14202652871608734,0.021307894960045815,0.5166404247283936,2.2395052909851074,0.139187753200531,0.010219303891062737,0.139187753200531,139.54614928002454,0.9353405682624125,0.6623124408957914,0.6949527380493044,OAS1_0033_MR1_mpr-2_anon,original,none
0.09858870506286621,0.16987378895282745,0.030177617445588112,0.5604092478752136,2.3925065994262695,0.10831032693386078,0.000579784857109189,0.10831032693386078,39.46034174900429,0.9876523454864368,0.6420088380036548,0.7296262918158278,OAS1_0033_MR1_mpr-2_anon,blur,low
0.12244991958141327,0.19717389345169067,0.040271081030368805,0.6028780937194824,2.556697368621826,0.0869450718164444,0.00010703153384383768,0.0869450718164444,18.98902109183517,0.9961950427651194,0.6211330429234319,0.7254677173635851,OAS1_0033_MR1_mpr-2_anon,blur,medium
0.1585090458393097,0.23778632283210754,0.058021023869514465,0.6481362581253052,2.782597541809082,0.07390175014734268,2.221892646048218e-05,0.07390175014734268,11.126165412454043,0.9985956689492027,0.58688737267075,0.7104216872156087,OAS1_0033_MR1_mpr-2_anon,blur,high
0.07924032211303711,0.14124231040477753,0.021080257371068,0.5383625030517578,2.5268912315368652,0.14292055368423462,0.010248707607388496,0.14292055368423462,139.84886929381128,0.9347195819237673,0.49142985308504994,0.608055358457146,OAS1_0033_MR1_mpr-2_anon,noise,low
0.08095911145210266,0.14040929079055786,0.020837562158703804,0.5604190230369568,2.9366917610168457,0.1466602385044098,0.010363956913352013,0.1466602385044098,140.47493716969208,0.932879522613136,0.2528083707279801,0.4616275378834953,OAS1_0033_MR1_mpr-2_anon,noise,medium
0.08452486246824265,0.1390100121498108,0.0204252228140831,0.6042576432228088,3.3182058334350586,0.15457189083099365,0.010915948078036308,0.15457189083099365,143.87478027343752,0.9273635225691191,0.13831086626886627,0.32966029140812547,OAS1_0033_MR1_mpr-2_anon,noise,high
0.07731260359287262,0.14184969663619995,0.021257352083921432,0.5160192251205444,2.2387261390686035,0.13919417560100555,0.010245785117149353,0.13919417560100555,139.2962455001532,0.935373782698526,0.6623125907551117,0.6949611721395141,OAS1_0033_MR1_mpr-2_anon,bias,low
0.07652166485786438,0.14066800475120544,0.02089178003370762,0.5152431726455688,2.2354848384857178,0.13811849057674408,0.01011776551604271,0.13811849057674408,136.92106143727025,0.9354105567572419,0.6623130414359061,0.6952328962665675,OAS1_0033_MR1_mpr-2_anon,bias,medium
0.0744941309094429,0.1375686228275299,0.019940534606575966,0.5138524770736694,2.2272255420684814,0.13495448231697083,0.009707130491733551,0.13495448231697083,130.42188313802086,0.9354756722586374,0.662314498874619,0.6959844598470978,OAS1_0033_MR1_mpr-2_anon,bias,high
0.4441147446632385,0.08558209240436554,0.007374847307801247,5.205496788024902,2.744802474975586,0.10011513531208038,0.003686462063342333,0.10011513531208038,51.61824903301165,0.9456796275132859,0.5550966644510212,0.6370343119511812,OAS1_0033_MR1_mpr-2_anon,motion,low
0.451420396566391,0.08239962160587311,0.006818712688982487,5.499356269836426,2.6835193634033203,0.09912599623203278,0.00339305168017745,0.09912599623203278,49.66231138939951,0.944000904393506,0.5624136208654971,0.6427933411010591,OAS1_0033_MR1_mpr-2_anon,motion,medium
0.4629752039909363,0.08028338849544525,0.00649474561214447,5.801063060760498,2.6809616088867188,0.10524851083755493,0.003211462404578924,0.10524851083755493,51.95033677045037,0.9381309260021641,0.5582552071369506,0.6334833066398458,OAS1_0033_MR1_mpr-2_anon,motion,high
0.07704462110996246,0.14131607115268707,0.021086618304252625,0.5159682631492615,2.225874423980713,0.1377607136964798,0.010017216205596924,0.1377607136964798,138.17703905292586,0.9357513294061532,0.6645983127148212,0.6973017379587954,OAS1_0033_MR1_mpr-3_anon,original,none
0.09793232381343842,0.16910243034362793,0.02988211251795292,0.559196412563324,2.3784008026123047,0.10748495161533356,0.0005727433017455041,0.10748495161533356,39.245160510493264,0.9875848821829543,0.6443240274433246,0.7313580736005401,OAS1_0033_MR1_mpr-3_anon,blur,low
0.12162421643733978,0.196384459733963,0.0399341806769371,0.6015417575836182,2.5422043800354004,0.08629785478115082,0.0001055374596035108,0.08629785478115082,18.87520440793505,0.9961558249895799,0.6233966858344597,0.726926797126952,OAS1_0033_MR1_mpr-3_anon,blur,medium
0.15769721567630768,0.23709610104560852,0.057685185223817825,0.6467241048812866,2.7688164710998535,0.07360965013504028,2.1946043489151634e-05,0.07360965013504028,11.142391189874388,0.9985827180818833,0.5890753897433945,0.7115376678169327,OAS1_0033_MR1_mpr-3_anon,blur,high
0.07875645160675049,0.14049269258975983,0.02084841951727867,0.5375378727912903,2.5088279247283936,0.1414330154657364,0.010037362575531006,0.1414330154657364,138.36980112113207,0.9351431991421324,0.4968358486263077,0.6121096217775761,OAS1_0033_MR1_mpr-3_anon,noise,low
0.08043947070837021,0.13963614404201508,0.020596861839294434,0.5593218803405762,2.920720100402832,0.14511314034461975,0.010147381573915482,0.14511314034461975,138.9379627900965,0.9333780021621118,0.2551703646141976,0.46434344902287367,OAS1_0033_MR1_mpr-3_anon,noise,medium
0.08397142589092255,0.13825295865535736,0.020191051065921783,0.6028696894645691,3.3036134243011475,0.1529342085123062,0.01068384014070034,0.1529342085123062,142.18934840782018,0.92802886114364,0.13977134365869628,0.3323937411086681,OAS1_0033_MR1_mpr-3_anon,noise,high
0.07666495442390442,0.14080706238746643,0.020930660888552666,0.5154064297676086,2.2242116928100586,0.13741207122802734,0.00999684352427721,0.13741207122802734,137.19295654296877,0.935776603933165,0.6645990839492707,0.69739082033181,OAS1_0033_MR1_mpr-3_anon,bias,low
0.07586851716041565,0.13962498307228088,0.02057124860584736,0.5146864652633667,2.2208566665649414,0.13629966974258423,0.009871775284409523,0.13629966974258423,134.77963771446082,0.9358120860074515,0.6645994452560937,0.6976384201460997,OAS1_0033_MR1_mpr-3_anon,bias,medium
0.07400717586278915,0.136783629655838,0.019714776426553726,0.5133742690086365,2.213132381439209,0.1333903670310974,0.00951130036264658,0.1333903670310974,128.88012120863976,0.9358782335913001,0.6646007159591864,0.6983397735103767,OAS1_0033_MR1_mpr-3_anon,bias,high
0.4412701725959778,0.08561263978481293,0.007377733010798693,5.169898986816406,2.7391111850738525,0.09968224912881851,0.003646122757345438,0.09968224912881851,51.6463316674326,0.9456606505655296,0.5565999783458848,0.6387036158439536,OAS1_0033_MR1_mpr-3_anon,motion,low
0.44922101497650146,0.08181160688400269,0.006721223704516888,5.51222038269043,2.672616720199585,0.09807109087705612,0.003316472517326474,0.09807109087705612,49.057805558746935,0.9439386106289618,0.5646362630996147,0.6445758377603532,OAS1_0033_MR1_mpr-3_anon,motion,medium
0.46472692489624023,0.07985487580299377,0.00642351433634758,5.85208797454834,2.6711645126342773,0.10431227087974548,0.0031438544392585754,0.10431227087974548,51.39909021714155,0.9381174410021709,0.5601539639848766,0.6353571590685009,OAS1_0033_MR1_mpr-3_anon,motion,high
0.07648225873708725,0.14085209369659424,0.02091985195875168,0.5143598318099976,2.221003770828247,0.13831129670143127,0.01030146423727274,0.13831129670143127,138.65034945618874,0.9354102418111188,0.6652599735499928,0.6976404303972241,OAS1_0033_MR1_mpr-4_anon,original,none
0.09730865806341171,0.16829827427864075,0.029607348144054413,0.5581912398338318,2.374236583709717,0.10763922333717346,0.000577309459913522,0.10763922333717346,39.01241646560968,0.9875832390051585,0.6449630116899537,0.7313524480638238,OAS1_0033_MR1_mpr-4_anon,blur,low
0.12074831128120422,0.1950290948152542,0.039413608610630035,0.6010775566101074,2.5372390747070312,0.08617928624153137,0.00010615095379762352,0.08617928624153137,18.75840633616728,0.9961216775265702,0.6240076679929152,0.7273236862186874,OAS1_0033_MR1_mpr-4_anon,blur,medium
0.15705133974552155,0.23599004745483398,0.05716930702328682,0.6468485593795776,2.763899803161621,0.07356444746255875,2.223243427579291e-05,0.07356444746255875,11.11735911649816,0.9985740360710609,0.5896396795915935,0.7120139831410679,OAS1_0033_MR1_mpr-4_anon,blur,high
0.07816880196332932,0.1400042027235031,0.02067459374666214,0.5356769561767578,2.5004990100860596,0.14192849397659302,0.010315324179828167,0.14192849397659302,138.76131364411003,0.9348391836450008,0.5002147634676347,0.6137409356750971,OAS1_0033_MR1_mpr-4_anon,noise,low
0.07990638166666031,0.13925319910049438,0.020456600934267044,0.5572322607040405,2.9138243198394775,0.14570949971675873,0.010439202189445496,0.14570949971675873,139.54463273590684,0.9330935273206233,0.2566857257695784,0.4657130963244951,OAS1_0033_MR1_mpr-4_anon,noise,medium
0.08324342966079712,0.13757580518722534,0.01996176317334175,0.6004257202148438,3.296396255493164,0.15316888689994812,0.010917740873992443,0.15316888689994812,142.0700512455959,0.927797201974254,0.1408528782029253,0.333608956823906,OAS1_0033_MR1_mpr-4_anon,noise,high
0.07615289092063904,0.14042606949806213,0.020788952708244324,0.5137397050857544,2.2196061611175537,0.1380707025527954,0.010293148458003998,0.1380707025527954,137.84030857460175,0.9354547452591112,0.6652599991699861,0.6977184250439166,OAS1_0033_MR1_mpr-4_anon,bias,low
0.07522260397672653,0.13900712132453918,0.020355697721242905,0.5129638910293579,2.2157087326049805,0.13671237230300903,0.010124855674803257,0.13671237230300903,134.89715025658705,0.9355023602257184,0.6652605859584688,0.6980234480021287,OAS1_0033_MR1_mpr-4_anon,bias,medium
0.07308502495288849,0.13569317758083344,0.019364390522241592,0.5115727186203003,2.2067606449127197,0.1332545280456543,0.009674404747784138,0.1332545280456543,127.91414459826902,0.935587595406947,0.665262191029222,0.6988266464904764,OAS1_0033_MR1_mpr-4_anon,bias,high
0.4396073520183563,0.08520287275314331,0.007301166653633118,5.176139831542969,2.732161045074463,0.09996725618839264,0.0037458566948771477,0.09996725618839264,51.67119691138174,0.9451314356044345,0.5579305269461022,0.6390577798091854,OAS1_0033_MR1_mpr-4_anon,motion,low
0.45039308071136475,0.08155346661806107,0.006680252030491829,5.542255401611328,2.6661839485168457,0.09835691004991531,0.0034117456525564194,0.09835691004991531,49.13234097349877,0.9433688082550673,0.5657380546070031,0.6451336545129409,OAS1_0033_MR1_mpr-4_anon,motion,medium
0.4625285863876343,0.0794798731803894,0.0063653551042079926,5.853055000305176,2.6633849143981934,0.10432113707065582,0.003226310946047306,0.10432113707065582,51.29173368566177,0.9376655245641783,0.5616614707906034,0.6360709389958075,OAS1_0033_MR1_mpr-4_anon,motion,high
0.08471014350652695,0.14376306533813477,0.02136635221540928,0.566154956817627,2.5291523933410645,0.15067856013774872,0.011272813193500042,0.15067856013774872,157.08634416168815,0.9342346100393073,0.6052831354674039,0.6456111236917458,OAS1_0034_MR1_mpr-1_anon,original,none
0.11457619071006775,0.18117307126522064,0.03369607776403427,0.6126874685287476,2.719877243041992,0.12382419407367706,0.0006972953560762107,0.12382419407367706,52.382897470511644,0.9871195533104102,0.5835077903191036,0.6911868420075531,OAS1_0034_MR1_mpr-1_anon,blur,low
0.1450086534023285,0.21548354625701904,0.04726811498403549,0.6564366817474365,2.915773868560791,0.0972074568271637,0.0001391348778270185,0.0972074568271637,24.778738463158703,0.9960379802574717,0.5612306642376336,0.6845433340555709,OAS1_0034_MR1_mpr-1_anon,blur,medium
0.18626898527145386,0.2590351104736328,0.06828567385673523,0.7007788419723511,3.170652389526367,0.07910314202308655,2.3560933186672628e-05,0.07910314202308655,12.847498516007967,0.9986146354555305,0.5253713827013597,0.6657584376372506,OAS1_0034_MR1_mpr-1_anon,blur,high
0.08639580011367798,0.14288635551929474,0.02111278474330902,0.583899199962616,2.8334219455718994,0.1542290449142456,0.011301252990961075,0.1542290449142456,157.36368025237437,0.9338277947549696,0.41495405566975263,0.549294930325469,OAS1_0034_MR1_mpr-1_anon,noise,low
0.08807041496038437,0.14197894930839539,0.02085089683532715,0.6019467711448669,3.195937156677246,0.15787817537784576,0.011438648216426373,0.15787817537784576,158.1218817018995,0.93259824859057,0.21856707739862494,0.4213168764279783,OAS1_0034_MR1_mpr-1_anon,noise,medium
0.0914817750453949,0.14030376076698303,0.020360324531793594,0.6386520862579346,3.5326404571533203,0.16552892327308655,0.012057455256581306,0.16552892327308655,161.6694507075291,0.9290148433400067,0.11849172846659448,0.2994052413572612,OAS1_0034_MR1_mpr-1_anon,noise,high
0.0840698778629303,0.1426996886730194,0.021034041419625282,0.566325306892395,2.526193618774414,0.1500016450881958,0.011187292635440826,0.1500016450881958,154.6246905158548,0.9341735967018249,0.6052833674296039,0.645732596698891,OAS1_0034_MR1_mpr-1_anon,bias,low
0.08304019272327423,0.1410636454820633,0.020534146577119827,0.566264808177948,2.521514892578125,0.14858999848365784,0.011001601815223694,0.14858999848365784,150.8474125880821,0.9341357550866101,0.6052838698283262,0.6460421904139559,OAS1_0034_MR1_mpr-1_anon,bias,medium
0.08100654929876328,0.1379738748073578,0.019607074558734894,0.5658206939697266,2.5123133659362793,0.14555171132087708,0.010605369694530964,0.14555171132087708,143.73472182329965,0.9341128659361421,0.6052856359173464,0.6468067242981008,OAS1_0034_MR1_mpr-1_anon,bias,high
0.44795799255371094,0.08635255694389343,0.0075160181149840355,5.230156898498535,3.0231714248657227,0.10552866756916046,0.003957240842282772,0.10552866756916046,55.75104860791973,0.943480276219755,0.4867615840774815,0.5892677948804221,OAS1_0034_MR1_mpr-1_anon,motion,low
0.4657897353172302,0.08219389617443085,0.006777508184313774,5.672262191772461,2.9819717407226562,0.10608118772506714,0.003587776329368353,0.10608118772506714,53.81217974494486,0.938370709790872,0.4917753736802313,0.590601087589411,OAS1_0034_MR1_mpr-1_anon,motion,medium
0.45438152551651,0.08136969804763794,0.006642760708928108,5.6075239181518555,2.9736227989196777,0.11411318182945251,0.003556355368345976,0.11411318182945251,58.67086109834558,0.9323620787954809,0.490569822434034,0.5824703050486368,OAS1_0034_MR1_mpr-1_anon,motion,high
0.0850561261177063,0.14382782578468323,0.021443210542201996,0.5667129755020142,2.557175397872925,0.15188884735107422,0.01153533160686493,0.15188884735107422,159.68052308325676,0.9320626521220565,0.5982253794551766,0.639942852253671,OAS1_0034_MR1_mpr-2_anon,original,none
0.11538767069578171,0.18153956532478333,0.03392885625362396,0.6150156855583191,2.7499032020568848,0.12504436075687408,0.0007119087968021631,0.12504436075687408,53.11334850834865,0.986520567336058,0.5752872893150562,0.6884783054321384,OAS1_0034_MR1_mpr-2_anon,blur,low
0.14607030153274536,0.21622726321220398,0.04754761978983879,0.6598937511444092,2.9484927654266357,0.09801387786865234,0.00014199496945366263,0.09801387786865234,24.979678284888173,0.9960000568434527,0.5527240000285645,0.6836222928867615,OAS1_0034_MR1_mpr-2_anon,blur,medium
0.18760347366333008,0.25998157262802124,0.06864871084690094,0.7043885588645935,3.212000846862793,0.07947417348623276,2.3852258891565725e-05,0.07947417348623276,12.84482230392157,0.9986240245206692,0.5161040613762562,0.6653340815142063,OAS1_0034_MR1_mpr-2_anon,blur,high
0.08674298971891403,0.14297983050346375,0.021196849644184113,0.5847824215888977,2.8603713512420654,0.15544410049915314,0.011571601033210754,0.15544410049915314,160.0133197859222,0.9316368467721261,0.4084826304355604,0.5437630049326345,OAS1_0034_MR1_mpr-2_anon,noise,low
0.08836811780929565,0.14202217757701874,0.02091977372765541,0.6031132340431213,3.217176675796509,0.158993661403656,0.01170332171022892,0.158993661403656,160.6437951181449,0.9303677828021267,0.2152626596892961,0.41734984997464153,OAS1_0034_MR1_mpr-2_anon,noise,medium
0.09171760082244873,0.14029309153556824,0.020413655787706375,0.6404674649238586,3.546137571334839,0.16648899018764496,0.01231666374951601,0.16648899018764496,164.02031800513174,0.9265972908578366,0.11679918364289055,0.2969204068111321,OAS1_0034_MR1_mpr-2_anon,noise,high
0.08424976468086243,0.1424628496170044,0.02101890742778778,0.5669562816619873,2.553426504135132,0.1509263515472412,0.011408140882849693,0.1509263515472412,156.5834120806526,0.9320157042406723,0.5982257732507474,0.6401059104353516,OAS1_0034_MR1_mpr-2_anon,bias,low
0.08295305073261261,0.14041513204574585,0.0203910693526268,0.5669604539871216,2.547501564025879,0.1490575671195984,0.011152608320116997,0.1490575671195984,151.8221638997396,0.9319830024638213,0.5982269470482835,0.6405443719996504,OAS1_0034_MR1_mpr-2_anon,bias,medium
0.08050140738487244,0.1367054581642151,0.01927841082215309,0.5666002631187439,2.5362439155578613,0.14527621865272522,0.010640036314725876,0.14527621865272522,143.13419189453128,0.9319742750635747,0.598229344798879,0.6414879103696296,OAS1_0034_MR1_mpr-2_anon,bias,high
0.44425201416015625,0.08620749413967133,0.007483300752937794,5.190642356872559,3.068108558654785,0.10587456822395325,0.004029082600027323,0.10587456822395325,56.19689558440564,0.9427871436507677,0.4727764823401358,0.5816118411834175,OAS1_0034_MR1_mpr-2_anon,motion,low
0.4632207453250885,0.08244375884532928,0.006823327858000994,5.6196064949035645,3.024404287338257,0.1069701761007309,0.003685471136122942,0.1069701761007309,54.73989138135724,0.9374484224953868,0.47883895206861177,0.5832254267764994,OAS1_0034_MR1_mpr-2_anon,motion,medium
0.4558461606502533,0.08160575479269028,0.006681827828288078,5.60830020904541,3.0127503871917725,0.11514496803283691,0.0036729092244058847,0.11514496803283691,59.80964810240503,0.9316052532245924,0.47891491544348563,0.5755715815118829,OAS1_0034_MR1_mpr-2_anon,motion,high
0.08517643809318542,0.1441154032945633,0.021489262580871582,0.5676672458648682,2.5553393363952637,0.15174394845962524,0.011644817888736725,0.15174394845962524,159.3954372032016,0.9341689384439851,0.5995751685859222,0.6409127575487262,OAS1_0034_MR1_mpr-3_anon,original,none
0.11524766683578491,0.1817174255847931,0.033913157880306244,0.6147567629814148,2.7420849800109863,0.12438894063234329,0.0007074624882079661,0.12438894063234329,52.44411968156403,0.9872359825156404,0.5777221950464477,0.6896041318210308,OAS1_0034_MR1_mpr-3_anon,blur,low
0.1452627331018448,0.21536099910736084,0.047185271978378296,0.6586989164352417,2.9380593299865723,0.09725287556648254,0.00013920775381848216,0.09725287556648254,24.592256553500306,0.9960737175944615,0.5553763343768408,0.684440976571374,OAS1_0034_MR1_mpr-3_anon,blur,medium
0.18668684363365173,0.2590859532356262,0.06822299212217331,0.7030020952224731,3.198477029800415,0.07917281985282898,2.362956183787901e-05,0.07917281985282898,12.76643736596201,0.998625905563018,0.5192665539948141,0.6657202555614903,OAS1_0034_MR1_mpr-3_anon,blur,high
0.08683531731367111,0.14321647584438324,0.021228214725852013,0.5853029489517212,2.8574838638305664,0.15524959564208984,0.011670079082250595,0.15524959564208984,159.6366918227252,0.9337451562833899,0.4103152446480872,0.5451521718084709,OAS1_0034_MR1_mpr-3_anon,noise,low
0.08851472288370132,0.14233972132205963,0.020974114537239075,0.6032571792602539,3.2158737182617188,0.15887948870658875,0.011812916025519371,0.15887948870658875,160.4236192890242,0.9324978306131844,0.21608227792725626,0.41825022298834025,OAS1_0034_MR1_mpr-3_anon,noise,medium
0.09192200005054474,0.14067289233207703,0.020487558096647263,0.6398047208786011,3.5465171337127686,0.1665230691432953,0.012442518025636673,0.1665230691432953,164.08063378427545,0.9288419754103705,0.11709273011457089,0.2975181204163394,OAS1_0034_MR1_mpr-3_anon,noise,high
0.08450131118297577,0.14293760061264038,0.02113201841711998,0.5678362846374512,2.5521316528320312,0.15100453794002533,0.011550714261829853,0.15100453794002533,156.8271984623928,0.9341130861996645,0.5995755393742386,0.6410480101012754,OAS1_0034_MR1_mpr-3_anon,bias,low
0.08337990194559097,0.14116379618644714,0.02058948576450348,0.5677698254585266,2.5469727516174316,0.14945068955421448,0.01134174969047308,0.14945068955421448,152.72749262791058,0.9340799768564738,0.5995762622881704,0.6413948692927061,OAS1_0034_MR1_mpr-3_anon,bias,medium
0.08101226389408112,0.1375901848077774,0.019510773941874504,0.5673105120658875,2.536263942718506,0.14581981301307678,0.010846065357327461,0.14581981301307678,144.31511637369795,0.9340628799529773,0.5995790360090831,0.6422967162150697,OAS1_0034_MR1_mpr-3_anon,bias,high
0.44518885016441345,0.08603820204734802,0.007456401828676462,5.213100433349609,3.0529987812042236,0.10548043996095657,0.004031856544315815,0.10548043996095657,55.81224915747549,0.942943202609025,0.4773441214930595,0.5845931300607756,OAS1_0034_MR1_mpr-3_anon,motion,low
0.46514785289764404,0.08227285742759705,0.006792026571929455,5.660386562347412,3.006179094314575,0.10653328150510788,0.0036939489655196667,0.10653328150510788,54.419164321001844,0.9377645673695749,0.48442316122643786,0.5866209472682102,OAS1_0034_MR1_mpr-3_anon,motion,medium
0.453418493270874,0.08146567642688751,0.0066564069129526615,5.5883989334106445,3.0040793418884277,0.11466697603464127,0.0036674735601991415,0.11466697603464127,59.40607981962316,0.9318513945209742,0.48155227198028994,0.578414012173436,OAS1_0034_MR1_mpr-3_anon,motion,high
0.08809375762939453,0.1521768420934677,0.02396511659026146,0.5585882663726807,2.5528757572174072,0.16716767847537994,0.013397825881838799,0.16716767847537994,172.56380423751534,0.9355836487524624,0.6049880656934659,0.6412013585640941,OAS1_0035_MR1_mpr-1_anon,original,none
0.11406821012496948,0.18102425336837769,0.0337519645690918,0.6113549470901489,2.752809524536133,0.13347330689430237,0.000772414612583816,0.13347330689430237,52.333984375,0.9871117612186726,0.5811889286527177,0.6793032026900209,OAS1_0035_MR1_mpr-1_anon,blur,low
0.1311630755662918,0.19232678413391113,0.037758953869342804,0.6661033630371094,2.904451847076416,0.10093984752893448,0.00012408581096678972,0.10093984752893448,22.181804582184434,0.995492011579699,0.5583179840999599,0.6783566977216813,OAS1_0035_MR1_mpr-1_anon,blur,medium
0.1577911078929901,0.21203060448169708,0.0458742156624794,0.7274309992790222,3.1082706451416016,0.07901374250650406,2.1888799892622046e-05,0.07901374250650406,10.632233025045956,0.9982804022897995,0.5213034834255096,0.6632405703065846,OAS1_0035_MR1_mpr-1_anon,blur,high
0.08980051428079605,0.15128768980503082,0.023689089342951775,0.5759781002998352,2.8711190223693848,0.17077910900115967,0.013424125500023365,0.17077910900115967,172.86339685776653,0.9351770699756441,0.4033194578945084,0.5394405274418905,OAS1_0035_MR1_mpr-1_anon,noise,low
0.09150534868240356,0.15039639174938202,0.023412644863128662,0.5936427116394043,3.23447847366333,0.17445333302021027,0.013564759865403175,0.17445333302021027,173.60951119217216,0.933970602640636,0.21446751891628724,0.4137638883292807,OAS1_0035_MR1_mpr-1_anon,noise,medium
0.09488533437252045,0.14852340519428253,0.02284020557999611,0.6294554471969604,3.5776615142822266,0.18200021982192993,0.014187302440404892,0.18200021982192993,177.1310658174403,0.9304269934648062,0.11575697399158327,0.29198798361928646,OAS1_0035_MR1_mpr-1_anon,noise,high
0.08766487240791321,0.15168353915214539,0.023804789409041405,0.5576770901679993,2.550766944885254,0.16692309081554413,0.013382641598582268,0.16692309081554413,172.28372659122246,0.9353755494262099,0.6049877569896788,0.6412445139516556,OAS1_0035_MR1_mpr-1_anon,bias,low
0.0869026780128479,0.15069040656089783,0.023494288325309753,0.556674599647522,2.5470738410949707,0.1659838706254959,0.013263295404613018,0.1659838706254959,170.61029531441488,0.9351881381647552,0.6049875037518988,0.6414401554973468,OAS1_0035_MR1_mpr-1_anon,bias,medium
0.08498989790678024,0.14807039499282837,0.022674264386296272,0.5550429821014404,2.5380749702453613,0.16300472617149353,0.012837929651141167,0.16300472617149353,164.82959271599265,0.9349371787212671,0.6049893173291206,0.642108781018141,OAS1_0035_MR1_mpr-1_anon,bias,high
0.43242159485816956,0.0872739627957344,0.00766961183398962,4.99493408203125,3.0490190982818604,0.1139381006360054,0.004366227425634861,0.1139381006360054,56.64879198261336,0.9428846478291002,0.4883011385988084,0.5831917076240594,OAS1_0035_MR1_mpr-1_anon,motion,low
0.4632507562637329,0.08539897948503494,0.007321279961615801,5.451329708099365,3.0155029296875,0.11403363943099976,0.004096223972737789,0.11403363943099976,56.498197428385424,0.940477108204219,0.48895385748158326,0.5828325379918242,OAS1_0035_MR1_mpr-1_anon,motion,medium
0.4756096303462982,0.08267861604690552,0.006862999405711889,5.794350624084473,2.9906420707702637,0.1188734918832779,0.003854361828416586,0.1188734918832779,57.99044883578432,0.9354955037280119,0.48998395773202913,0.5779210562137207,OAS1_0035_MR1_mpr-1_anon,motion,high
0.10706831514835358,0.15429970622062683,0.02460639737546444,0.6735636591911316,3.2984859943389893,0.1963459849357605,0.01443982869386673,0.1963459849357605,182.0247346765855,0.9368299625296301,0.4355801475822503,0.4949219772439588,OAS1_0035_MR1_mpr-2_anon,original,none
0.13831186294555664,0.18265710771083832,0.03435307741165161,0.7394753098487854,3.4858689308166504,0.14926518499851227,0.0007985164993442595,0.14926518499851227,52.13795752431832,0.987785921860424,0.4093723323961129,0.5934879995182475,OAS1_0035_MR1_mpr-2_anon,blur,low
0.15907707810401917,0.19354857504367828,0.038212310522794724,0.807306706905365,3.6640942096710205,0.1122424453496933,0.00012724549742415547,0.1122424453496933,22.134513825061273,0.9955391539050675,0.3879839088646553,0.6136858576070678,OAS1_0035_MR1_mpr-2_anon,blur,medium
0.19168497622013092,0.2134588360786438,0.046204470098018646,0.8842411041259766,3.8996872901916504,0.08863905072212219,2.326817593711894e-05,0.08863905072212219,10.627629657820162,0.9982794020422907,0.3539852216012194,0.6040524580850475,OAS1_0035_MR1_mpr-2_anon,blur,high
0.10857260227203369,0.153333842754364,0.024307653307914734,0.6908200979232788,3.606769561767578,0.19934910535812378,0.014499475248157978,0.19934910535812378,182.44765984030332,0.9362211294537719,0.23238391269495787,0.38952569932738906,OAS1_0035_MR1_mpr-2_anon,noise,low
0.11014503985643387,0.1524273306131363,0.02402753010392189,0.7086094617843628,3.8455216884613037,0.20267677307128906,0.014758680947124958,0.20267677307128906,183.92554847866882,0.9346344723334801,0.1303751741904874,0.30471344354429025,OAS1_0035_MR1_mpr-2_anon,noise,medium
0.11317582428455353,0.15033549070358276,0.023366298526525497,0.745193600654602,4.043589115142822,0.20972879230976105,0.01581035554409027,0.20972879230976105,189.93112218520224,0.9294315061044116,0.07024551252799827,0.21658186567365287,OAS1_0035_MR1_mpr-2_anon,noise,high
0.1070328801870346,0.15406571328639984,0.024525608867406845,0.6743361353874207,3.2982189655303955,0.19688576459884644,0.014517963863909245,0.19688576459884644,182.708891027114,0.936456693494457,0.43557626386932924,0.494461318949999,OAS1_0035_MR1_mpr-2_anon,bias,low
0.10641186684370041,0.1531495898962021,0.024228714406490326,0.674830436706543,3.2948293685913086,0.1962907314300537,0.014436976984143257,0.1962907314300537,181.313007070504,0.9361162652192019,0.43557474045324907,0.49433876005704236,OAS1_0035_MR1_mpr-2_anon,bias,medium
0.10475383698940277,0.15094837546348572,0.0235251784324646,0.675145149230957,3.2860589027404785,0.19396433234214783,0.014115187339484692,0.19396433234214783,176.63419033873316,0.9356624482282562,0.4355758604232908,0.4945890770576957,OAS1_0035_MR1_mpr-2_anon,bias,high
0.4463297724723816,0.09164327383041382,0.008448298089206219,4.899558067321777,3.6549997329711914,0.12833277881145477,0.004546892363578081,0.12833277881145477,57.930351227405026,0.946689654221285,0.3316542541953062,0.46282509713257924,OAS1_0035_MR1_mpr-2_anon,motion,low
0.460160493850708,0.08955658227205276,0.008050666190683842,5.167958736419678,3.6171646118164062,0.13012942671775818,0.004339894279837608,0.13012942671775818,59.02424555759804,0.9435501808743437,0.33192112847384414,0.46150453868182906,OAS1_0035_MR1_mpr-2_anon,motion,medium
0.47712385654449463,0.08753573894500732,0.0076934173703193665,5.48872184753418,3.6023106575012207,0.13783666491508484,0.004157275892794132,0.13783666491508484,62.266784907322304,0.9382607826655536,0.33182401327207384,0.4539725498239585,OAS1_0035_MR1_mpr-2_anon,motion,high
0.09092888236045837,0.15309672057628632,0.02418462373316288,0.5739771127700806,2.6466970443725586,0.170454740524292,0.013624832034111023,0.170454740524292,174.00353094362748,0.9385241624775928,0.5858917571657333,0.6247844151897879,OAS1_0035_MR1_mpr-3_anon,original,none
0.11834593117237091,0.18308812379837036,0.03446710854768753,0.6274948716163635,2.849679470062256,0.13636943697929382,0.0007757130661047995,0.13636943697929382,52.45073673023897,0.9876515948813952,0.5613843714273465,0.6695956444546075,OAS1_0035_MR1_mpr-3_anon,blur,low
0.13591626286506653,0.1941366195678711,0.038461193442344666,0.6838247776031494,3.0075206756591797,0.10331233590841293,0.00012611437705345452,0.10331233590841293,22.312727385876226,0.9955447173469872,0.5378190370817486,0.670501559636611,OAS1_0035_MR1_mpr-3_anon,blur,medium
0.16338612139225006,0.2139737606048584,0.046619854867458344,0.7474517822265625,3.217726469039917,0.080889031291008,2.246861367893871e-05,0.080889031291008,10.641258568857232,0.99830413670697,0.5001621897485888,0.6558249113899806,OAS1_0035_MR1_mpr-3_anon,blur,high
0.09266455471515656,0.15220907330513,0.023908346891403198,0.5911078453063965,2.9747958183288574,0.17411279678344727,0.01366196945309639,0.17411279678344727,174.42102685068167,0.9381223391401909,0.3750511848585837,0.5181405942563531,OAS1_0035_MR1_mpr-3_anon,noise,low
0.09433061629533768,0.15122903883457184,0.0236026830971241,0.6085106730461121,3.3220949172973633,0.17772547900676727,0.013802729547023773,0.17772547900676727,175.0674985399433,0.9369620014310704,0.20175352395046936,0.3986585978068736,OAS1_0035_MR1_mpr-3_anon,noise,medium
0.09794172644615173,0.1496601402759552,0.023117385804653168,0.6438931822776794,3.6511099338531494,0.18576431274414062,0.014545987360179424,0.18576431274414062,179.70291760014555,0.9333757066065137,0.10822037793710151,0.280019873209593,OAS1_0035_MR1_mpr-3_anon,noise,high
0.0902804285287857,0.15230298042297363,0.02392672747373581,0.5731699466705322,2.643550157546997,0.16977600753307343,0.013531442731618881,0.16977600753307343,172.65224441827513,0.9383276569896695,0.5858917932111601,0.6249016075190525,OAS1_0035_MR1_mpr-3_anon,bias,low
0.08944927155971527,0.1512475460767746,0.023593125864863396,0.5722576379776001,2.6394386291503906,0.1687081754207611,0.013383499346673489,0.1687081754207611,170.60077383003986,0.9381438904143525,0.5858923067802312,0.6250923728411746,OAS1_0035_MR1_mpr-3_anon,bias,medium
0.0876157283782959,0.14882682263851166,0.022835317999124527,0.5707401633262634,2.6306424140930176,0.1659022569656372,0.012979160062968731,0.1659022569656372,165.08396522671572,0.9379022770725816,0.585894259386907,0.6257304696785533,OAS1_0035_MR1_mpr-3_anon,bias,high
0.4334039092063904,0.08884802460670471,0.007942106574773788,4.914766788482666,3.1535463333129883,0.11648371815681458,0.004471211228519678,0.11648371815681458,57.49146919998468,0.9437861703660703,0.46416481877571614,0.5664062654732899,OAS1_0035_MR1_mpr-3_anon,motion,low
0.45957034826278687,0.08593781292438507,0.0074135661125183105,5.375926971435547,3.114875078201294,0.1158350259065628,0.004133937414735556,0.1158350259065628,56.60805855545344,0.9412839229574641,0.4647086975167153,0.566285099318234,OAS1_0035_MR1_mpr-3_anon,motion,medium
0.4740704894065857,0.08423395454883575,0.007127726450562477,5.674300193786621,3.089244842529297,0.12252618372440338,0.003989658318459988,0.12252618372440338,59.636252249923416,0.9361400930952966,0.46768406200793045,0.5608947850455601,OAS1_0035_MR1_mpr-3_anon,motion,high
0.10783840715885162,0.15414968132972717,0.024504000321030617,0.6796095371246338,3.3209543228149414,0.19554036855697632,0.014264361932873726,0.19554036855697632,181.32851382984836,0.9365176610818662,0.4302430722364016,0.4894874488583654,OAS1_0035_MR1_mpr-4_anon,original,none
0.1397576928138733,0.18349871039390564,0.03456563130021095,0.7444144487380981,3.510596752166748,0.14986151456832886,0.000767302350141108,0.14986151456832886,51.82084039426317,0.9878278406104446,0.4033663209966696,0.5884304053525357,OAS1_0035_MR1_mpr-4_anon,blur,low
0.1605103313922882,0.19454948604106903,0.03850191831588745,0.8115125298500061,3.688690185546875,0.11298002302646637,0.00012630768469534814,0.11298002302646637,22.20370543236826,0.9955579128659562,0.38199677615638195,0.6102315651439889,OAS1_0035_MR1_mpr-4_anon,blur,medium
0.19240114092826843,0.21318642795085907,0.0461132749915123,0.8886774778366089,3.9229893684387207,0.08885219693183899,2.3184224119177088e-05,0.08885219693183899,10.556013279335172,0.9982867118426901,0.34781765728651465,0.6036595236000915,OAS1_0035_MR1_mpr-4_anon,blur,high
0.10929834842681885,0.15311110019683838,0.024183085188269615,0.6967483758926392,3.627964496612549,0.1984437108039856,0.01431349664926529,0.1984437108039856,181.6056771072687,0.9359025120442641,0.22802086541207264,0.38450510051018916,OAS1_0035_MR1_mpr-4_anon,noise,low
0.11092162132263184,0.15226662158966064,0.023922747001051903,0.7143484354019165,3.864499568939209,0.2018629014492035,0.014596665278077126,0.2018629014492035,183.3492925905714,0.9343273730160776,0.1278855935965163,0.300646522957587,OAS1_0035_MR1_mpr-4_anon,noise,medium
0.11412893235683441,0.15039798617362976,0.023340340703725815,0.7507237195968628,4.060643196105957,0.20917996764183044,0.015706440433859825,0.20917996764183044,189.94557195925245,0.92915593244966,0.06890647798548422,0.21381552564160522,OAS1_0035_MR1_mpr-4_anon,noise,high
0.10769502818584442,0.15377280116081238,0.024373818188905716,0.6804754137992859,3.320216417312622,0.19588011503219604,0.0143142594024539,0.19588011503219604,181.53265416762412,0.9361584897580221,0.430239631089417,0.4890740021410322,OAS1_0035_MR1_mpr-4_anon,bias,low
0.10722142457962036,0.1530446708202362,0.024139221757650375,0.6810476779937744,3.317554473876953,0.19556236267089844,0.014278389513492584,0.19556236267089844,180.6191718606388,0.9358327683553843,0.43023778106320054,0.48888472226608604,OAS1_0035_MR1_mpr-4_anon,bias,medium
0.10553956776857376,0.15080972015857697,0.023430194705724716,0.6814557909965515,3.3087100982666016,0.19320982694625854,0.013956916518509388,0.19320982694625854,175.80194259344364,0.9353990041453752,0.43023810919242067,0.4891258712501274,OAS1_0035_MR1_mpr-4_anon,bias,high
0.4455500841140747,0.09162414073944092,0.0084430743008852,4.893311977386475,3.686793088912964,0.12731316685676575,0.004490666091442108,0.12731316685676575,57.75343855315563,0.9470227549967865,0.32215864542960304,0.4565684496537378,OAS1_0035_MR1_mpr-4_anon,motion,low
0.45967262983322144,0.09006690979003906,0.008142841048538685,5.131222724914551,3.6487457752227783,0.12974469363689423,0.0043053412809967995,0.12974469363689423,59.16417703067556,0.9439516747452312,0.3237881627041924,0.4548907061328605,OAS1_0035_MR1_mpr-4_anon,motion,medium
0.4741361141204834,0.08782455325126648,0.007742748595774174,5.431829452514648,3.6312851905822754,0.13743573427200317,0.004124786704778671,0.13743573427200317,62.4721892712163,0.9385699679027593,0.32376196186941586,0.4480131063394614,OAS1_0035_MR1_mpr-4_anon,motion,high
0.0928788110613823,0.16143877804279327,0.02755925804376602,0.5406183004379272,2.298863410949707,0.15764552354812622,0.014810329303145409,0.15764552354812622,191.80433517156868,0.9322369250983834,0.6582900782384971,0.6861297524410266,OAS1_0037_MR1_mpr-1_anon,original,none
0.11386466771364212,0.18573269248008728,0.035979002714157104,0.5835044980049133,2.4511008262634277,0.11708338558673859,0.0006471929373219609,0.11708338558673859,46.515347110523905,0.9878815943974976,0.6358720222648033,0.7185246771807664,OAS1_0037_MR1_mpr-1_anon,blur,low
0.1314164698123932,0.20303934812545776,0.042498283088207245,0.622020423412323,2.6001622676849365,0.08578239381313324,9.919967851601541e-05,0.08578239381313324,19.52527956495098,0.9962967887172324,0.6138036255564427,0.7178386270741992,OAS1_0037_MR1_mpr-1_anon,blur,medium
0.16076050698757172,0.23375298082828522,0.05604945123195648,0.6633734703063965,2.8217058181762695,0.06928924471139908,1.73167518369155e-05,0.06928924471139908,10.763676422717527,0.9985833142897149,0.5779884925778116,0.7059090482080013,OAS1_0037_MR1_mpr-1_anon,blur,high
0.09468655288219452,0.16017630696296692,0.02713347226381302,0.5613581538200378,2.6834828853607178,0.16161486506462097,0.014782675541937351,0.16161486506462097,191.44869540345437,0.9316860940765133,0.4107302543554326,0.5606311268974145,OAS1_0037_MR1_mpr-1_anon,noise,low
0.09648382663726807,0.15892860293388367,0.026710236445069313,0.5823739767074585,3.0779504776000977,0.16563326120376587,0.014877518638968468,0.16563326120376587,191.55515112783394,0.9302226183407332,0.22246405080986958,0.42811232876037064,OAS1_0037_MR1_mpr-1_anon,noise,medium
0.09998179972171783,0.1563442051410675,0.0258439090102911,0.6246950626373291,3.463381290435791,0.17375147342681885,0.015431635081768036,0.17375147342681885,193.7993979061351,0.9257717567303998,0.1194208887033614,0.2967466617026208,OAS1_0037_MR1_mpr-1_anon,noise,high
0.09127514809370041,0.15929335355758667,0.02678528241813183,0.5393060445785522,2.2936065196990967,0.15533259510993958,0.014474335126578808,0.15533259510993958,186.33509784773287,0.9322138492211296,0.6582905296014966,0.6865562185937658,OAS1_0037_MR1_mpr-1_anon,bias,low
0.08930039405822754,0.15658509731292725,0.02583552524447441,0.5378944873809814,2.2869677543640137,0.1523321270942688,0.014016818255186081,0.1523321270942688,179.43083280675555,0.9322026301318751,0.6582914249449078,0.6870850642066324,OAS1_0037_MR1_mpr-1_anon,bias,medium
0.08649109303951263,0.15276721119880676,0.02452700398862362,0.5356465578079224,2.2774715423583984,0.1480352282524109,0.013374796137213707,0.1480352282524109,169.85388590494796,0.9322032658593256,0.6582930547746098,0.68792228463683,OAS1_0037_MR1_mpr-1_anon,bias,high
0.4631105363368988,0.08879855275154114,0.007933595217764378,5.249103546142578,2.8751187324523926,0.1042797714471817,0.0044190771877765656,0.1042797714471817,58.533887197457105,0.9424802963541726,0.5298136867016006,0.6161664759623481,OAS1_0037_MR1_mpr-1_anon,motion,low
0.46073204278945923,0.08722200989723206,0.007642216980457306,5.311659812927246,2.8323655128479004,0.1053018644452095,0.004239468369632959,0.1053018644452095,58.89914694393383,0.9414562255740087,0.5336578093051723,0.6173166566624122,OAS1_0037_MR1_mpr-1_anon,motion,medium
0.47659391164779663,0.08598273992538452,0.007424428593367338,5.581390380859375,2.825110912322998,0.11378421634435654,0.0040919240564107895,0.11378421634435654,62.43116838043811,0.9356375473026983,0.5344695746520549,0.6087123424054783,OAS1_0037_MR1_mpr-1_anon,motion,high
0.09282170236110687,0.16312791407108307,0.02811807580292225,0.5351730585098267,2.289496898651123,0.160800039768219,0.01603696122765541,0.160800039768219,207.96054376340385,0.9294151193549116,0.6602442120653644,0.6882634025180321,OAS1_0037_MR1_mpr-2_anon,original,none
0.11285530030727386,0.18543682992458344,0.03586120158433914,0.5794798135757446,2.439466714859009,0.11779702454805374,0.0007007349049672484,0.11779702454805374,47.92322160309436,0.9875311437410351,0.638016218130466,0.7208058223993301,OAS1_0037_MR1_mpr-2_anon,blur,low
0.13011088967323303,0.20230406522750854,0.04217122867703438,0.6184592247009277,2.588627338409424,0.08578342199325562,0.00010226531594526023,0.08578342199325562,19.706800513174016,0.9962555970115171,0.616035505668787,0.7197422154144354,OAS1_0037_MR1_mpr-2_anon,blur,medium
0.1595689207315445,0.23326414823532104,0.05583014339208603,0.6598777770996094,2.810112476348877,0.06910586357116699,1.7689097148831934e-05,0.06910586357116699,10.826458859911153,0.9985741534498209,0.5803883986816055,0.707509080784825,OAS1_0037_MR1_mpr-2_anon,blur,high
0.09459859132766724,0.16181282699108124,0.027666352689266205,0.5555822849273682,2.6759209632873535,0.16471508145332336,0.015992335975170135,0.16471508145332336,207.36845882640165,0.9288712526858275,0.4113103502448414,0.5620208127107822,OAS1_0037_MR1_mpr-2_anon,noise,low
0.09635485708713531,0.1604623794555664,0.027208833023905754,0.5762382745742798,3.070981979370117,0.16866153478622437,0.01606983132660389,0.16866153478622437,207.2286510991115,0.9274191820794081,0.22296758289828603,0.42931442865491076,OAS1_0037_MR1_mpr-2_anon,noise,medium
0.09975557029247284,0.15771976113319397,0.026275040581822395,0.6178879737854004,3.4559109210968018,0.17658144235610962,0.01655791886150837,0.17658144235610962,208.73200815238206,0.9230897486330475,0.1196947909742046,0.29753031264805785,OAS1_0037_MR1_mpr-2_anon,noise,high
0.09094292670488358,0.1605142056941986,0.027167167514562607,0.5339276194572449,2.283130407333374,0.1579590141773224,0.015576016157865524,0.1579590141773224,200.73348484413305,0.9293806675580132,0.6602449248693512,0.6887384295916958,OAS1_0037_MR1_mpr-2_anon,bias,low
0.08893561363220215,0.15770718455314636,0.026171687990427017,0.5325831174850464,2.276304244995117,0.1548527479171753,0.0150704775005579,0.1548527479171753,193.0826001933977,0.9293610197588728,0.6602458603771435,0.6892957475777309,OAS1_0037_MR1_mpr-2_anon,bias,medium
0.08608627319335938,0.15376344323158264,0.024810757488012314,0.5304341316223145,2.26652193069458,0.15039920806884766,0.014360418543219566,0.15039920806884766,182.47914991191794,0.9293637448767716,0.6602473384392276,0.690169527406148,OAS1_0037_MR1_mpr-2_anon,bias,high
0.4680326581001282,0.08920232951641083,0.008000262081623077,5.277456283569336,2.858618974685669,0.10650461912155151,0.004764862358570099,0.10650461912155151,63.16082308900123,0.9386961354404566,0.5339018297970961,0.619426040718436,OAS1_0037_MR1_mpr-2_anon,motion,low
0.4622843861579895,0.08744600415229797,0.0076938774436712265,5.327159404754639,2.811706781387329,0.10699321329593658,0.0045331306755542755,0.10699321329593658,62.80686753216912,0.9380640530574493,0.5382940169699746,0.6213132183732746,OAS1_0037_MR1_mpr-2_anon,motion,medium
0.47755730152130127,0.08573353290557861,0.007381276693195105,5.609307289123535,2.7998132705688477,0.11465771496295929,0.004323949106037617,0.11465771496295929,65.49346923828125,0.9322306004281653,0.5396904104216855,0.6132111949508233,OAS1_0037_MR1_mpr-2_anon,motion,high
0.09387163817882538,0.16341735422611237,0.028215885162353516,0.5399245023727417,2.301757335662842,0.15903374552726746,0.015047671273350716,0.15903374552726746,197.54148260378375,0.9317281432393443,0.6583373278816866,0.686364812266762,OAS1_0037_MR1_mpr-3_anon,original,none
0.11462463438510895,0.1871640682220459,0.0365491658449173,0.58277428150177,2.453749418258667,0.11772334575653076,0.0006669145659543574,0.11772334575653076,47.33494442210478,0.9877461761736754,0.6359979584850024,0.7190300138552981,OAS1_0037_MR1_mpr-3_anon,blur,low
0.1325415074825287,0.20510028302669525,0.04337342828512192,0.6210678815841675,2.604959487915039,0.08655578643083572,0.00010099505016114563,0.08655578643083572,19.824383903952203,0.996319599393608,0.6138766213227327,0.717717249431594,OAS1_0037_MR1_mpr-3_anon,blur,medium
0.16167770326137543,0.23565827310085297,0.056966476142406464,0.6621098518371582,2.826449394226074,0.06963243335485458,1.757690915837884e-05,0.06963243335485458,10.857267731311275,0.9985918206928905,0.5780188009272818,0.7057528875247423,OAS1_0037_MR1_mpr-3_anon,blur,high
0.09566175937652588,0.1620713472366333,0.027755651623010635,0.5604884028434753,2.6943960189819336,0.16299490630626678,0.015008686110377312,0.16299490630626678,197.00691552255668,0.9311821695375784,0.40523580248582897,0.5577541155906292,OAS1_0037_MR1_mpr-3_anon,noise,low
0.09752224385738373,0.1608670949935913,0.02734363079071045,0.5813782811164856,3.0889382362365723,0.16714975237846375,0.015120035037398338,0.16714975237846375,197.2487713982077,0.9297409032711726,0.22002135975030362,0.42560065019633975,OAS1_0037_MR1_mpr-3_anon,noise,medium
0.10094698518514633,0.15807373821735382,0.0263922531157732,0.6233496069908142,3.4731287956237793,0.1751498579978943,0.015648847445845604,0.1751498579978943,199.02665740368414,0.9254158283994594,0.11801265214956183,0.29451239349952824,OAS1_0037_MR1_mpr-3_anon,noise,high
0.09211627393960953,0.16100391745567322,0.027337031438946724,0.5387024879455566,2.295974016189575,0.15646862983703613,0.014666708186268806,0.15646862983703613,191.3310532513787,0.9316884787276785,0.6583379614408494,0.6868019447052442,OAS1_0037_MR1_mpr-3_anon,bias,low
0.0901230126619339,0.15824110805988312,0.026352733373641968,0.537373960018158,2.2892956733703613,0.15346266329288483,0.014210290275514126,0.15346266329288483,184.24086698644305,0.9316658509289282,0.6583387541574406,0.6873664053532778,OAS1_0037_MR1_mpr-3_anon,bias,medium
0.08730502426624298,0.15439069271087646,0.025018062442541122,0.5352376699447632,2.2798423767089844,0.14916890859603882,0.013572892174124718,0.14916890859603882,174.4875366210938,0.9316504677389694,0.6583401613516524,0.6882100983339942,OAS1_0037_MR1_mpr-3_anon,bias,high
0.4684467315673828,0.0898432508111,0.008120536804199219,5.246356010437012,2.884085178375244,0.10567305982112885,0.004512427374720573,0.10567305982112885,60.590722895603555,0.9420658670616737,0.528858257624119,0.615155617465118,OAS1_0037_MR1_mpr-3_anon,motion,low
0.4625125825405121,0.08839309215545654,0.00785887986421585,5.270519256591797,2.839681386947632,0.1067972481250763,0.004329420626163483,0.1067972481250763,60.88613496668199,0.9411932458768135,0.5328645365988235,0.6173167271266069,OAS1_0037_MR1_mpr-3_anon,motion,medium
0.47557228803634644,0.08649696409702301,0.0075109731405973434,5.532525062561035,2.8310091495513916,0.11448905616998672,0.004102001432329416,0.11448905616998672,63.487208467371325,0.9353104919155937,0.5331066162174997,0.608779860133579,OAS1_0037_MR1_mpr-3_anon,motion,high
0.09274090826511383,0.16227427124977112,0.027817845344543457,0.5376747846603394,2.285768747329712,0.15806880593299866,0.01520465686917305,0.15806880593299866,200.35518104702822,0.9300633347064076,0.6609998303812419,0.6887394108704833,OAS1_0037_MR1_mpr-4_anon,original,none
0.11437218636274338,0.1873537003993988,0.03662324696779251,0.5809977054595947,2.4414432048797607,0.11793934553861618,0.0006851032958365977,0.11793934553861618,48.044151874617036,0.9877994999079656,0.6386600880076829,0.7202666907102733,OAS1_0037_MR1_mpr-4_anon,blur,low
0.13195964694023132,0.20487327873706818,0.04324876517057419,0.6193522214889526,2.590902328491211,0.08625183999538422,0.00010182439291384071,0.08625183999538422,19.86440477558211,0.9963503851338154,0.6165959482779769,0.7189371180481491,OAS1_0037_MR1_mpr-4_anon,blur,medium
0.16133549809455872,0.2357928305864334,0.05703681707382202,0.6602386236190796,2.8122782707214355,0.06946396827697754,1.762934698490426e-05,0.06946396827697754,10.905240167356006,0.9985941156382485,0.5808240653464722,0.7069198641543435,OAS1_0037_MR1_mpr-4_anon,blur,high
0.09456569701433182,0.16102975606918335,0.02739391103386879,0.5582085847854614,2.6723008155822754,0.16206884384155273,0.015175722539424896,0.16206884384155273,199.96858879538144,0.9295206814066055,0.4124815661742426,0.562770337123179,OAS1_0037_MR1_mpr-4_anon,noise,low
0.09629492461681366,0.15963296592235565,0.02692192606627941,0.5790767669677734,3.068619966506958,0.1659959852695465,0.01525254175066948,0.1659959852695465,199.82009504729626,0.9280555124483127,0.22324800851553242,0.4294374842799248,OAS1_0037_MR1_mpr-4_anon,noise,medium
0.09988723695278168,0.15716934204101562,0.02609267458319664,0.6209347248077393,3.4571797847747803,0.17426809668540955,0.015821469947695732,0.17426809668540955,202.218784347235,0.9236496522866169,0.11973871612861965,0.29728002620304184,OAS1_0037_MR1_mpr-4_anon,noise,high
0.09115501493215561,0.16010063886642456,0.02703358419239521,0.536418080329895,2.280463695526123,0.1557713896036148,0.014852780848741531,0.1557713896036148,194.56423722809438,0.9300659891115473,0.6610005264350522,0.6891879897955201,OAS1_0037_MR1_mpr-4_anon,bias,low
0.08930541574954987,0.15753835439682007,0.026129616424441338,0.535054087638855,2.274216890335083,0.15298888087272644,0.01441763062030077,0.15298888087272644,187.78148576325063,0.9300767040069738,0.6610013610736252,0.6896527070298863,OAS1_0037_MR1_mpr-4_anon,bias,medium
0.08645863085985184,0.15362446010112762,0.024779606610536575,0.532863974571228,2.264564275741577,0.1486189365386963,0.01373780146241188,0.1486189365386963,177.47041111366423,0.9301198370557969,0.661002779482025,0.6905362519227021,OAS1_0037_MR1_mpr-4_anon,bias,high
0.4675602316856384,0.08896167576313019,0.00795752927660942,5.286255836486816,2.8545641899108887,0.10473518073558807,0.004533668980002403,0.10473518073558807,61.124317842371326,0.9402927699334974,0.5350153546981847,0.6197770458963562,OAS1_0037_MR1_mpr-4_anon,motion,low
0.46356314420700073,0.08766960352659225,0.0077268993481993675,5.323291778564453,2.8148515224456787,0.10603546351194382,0.004369241185486317,0.10603546351194382,61.600962440640316,0.9394663500702576,0.5383166446799885,0.6211946978756182,OAS1_0037_MR1_mpr-4_anon,motion,medium
0.4757010042667389,0.08610840141773224,0.007447808049619198,5.5652642250061035,2.799144744873047,0.1140076220035553,0.004180338233709335,0.1140076220035553,64.64356904871323,0.9336043588529804,0.5408408441908009,0.6131434163368177,OAS1_0037_MR1_mpr-4_anon,motion,high
0.07939568907022476,0.12920701503753662,0.01768631301820278,0.5884099006652832,2.592041015625,0.14293377101421356,0.013372762128710747,0.14293377101421356,153.09423014322917,0.9133902976182254,0.5824188137244657,0.6179563027256685,OAS1_0038_MR1_mpr-1_anon,original,none
0.11251139640808105,0.16936086118221283,0.030128834769129753,0.6439270377159119,2.7808332443237305,0.10943564772605896,0.0005524972220882773,0.10943564772605896,36.470132745481,0.9884258847148139,0.5575717735432881,0.6785749719235726,OAS1_0038_MR1_mpr-1_anon,blur,low
0.14915335178375244,0.20911726355552673,0.04578664153814316,0.688210129737854,3.0163893699645996,0.09284994006156921,0.00011398742208257318,0.09284994006156921,20.740551757812497,0.9965392028537188,0.5341941981834253,0.6799770257899584,OAS1_0038_MR1_mpr-1_anon,blur,medium
0.17935483157634735,0.23853632807731628,0.058598216623067856,0.7303835153579712,3.2709903717041016,0.07175889611244202,1.9404789782129228e-05,0.07175889611244202,9.538290824142159,0.998824905351447,0.4975436021983245,0.6651654180853456,OAS1_0038_MR1_mpr-1_anon,blur,high
0.08092410862445831,0.1283215433359146,0.017457585781812668,0.6094796657562256,2.85964298248291,0.14612707495689392,0.013385037891566753,0.14612707495689392,153.22826813342527,0.9126435408172848,0.4209962775598073,0.5361208712584697,OAS1_0038_MR1_mpr-1_anon,noise,low
0.08245980739593506,0.12748008966445923,0.017238544300198555,0.6309221982955933,3.2199416160583496,0.14941275119781494,0.013502966612577438,0.14941275119781494,153.85950449027263,0.9104910923301683,0.21842279063783035,0.40939826165425486,OAS1_0038_MR1_mpr-1_anon,noise,medium
0.08558966219425201,0.12587794661521912,0.016818944364786148,0.6745960712432861,3.556697368621826,0.15632164478302002,0.014064440503716469,0.15632164478302002,157.12257702397366,0.9043810352149355,0.11918452824745729,0.2934381444052466,OAS1_0038_MR1_mpr-1_anon,noise,high
0.0796830952167511,0.12939849495887756,0.017733048647642136,0.5893419981002808,2.593250036239624,0.14388468861579895,0.013546010479331017,0.14388468861579895,154.59131170534624,0.9130526907320613,0.5824168272505439,0.6176109646849601,OAS1_0038_MR1_mpr-1_anon,bias,low
0.07986607402563095,0.12948036193847656,0.017752252519130707,0.5900825262069702,2.593844413757324,0.14462986588478088,0.01368892565369606,0.14462986588478088,155.74514567057292,0.9127410561368109,0.5824156180967408,0.6173186124803323,OAS1_0038_MR1_mpr-1_anon,bias,medium
0.07997710257768631,0.12943190336227417,0.017740733921527863,0.5908833742141724,2.5939321517944336,0.14541023969650269,0.013852883130311966,0.14541023969650269,156.9056049421722,0.9123152572320052,0.5824141018656313,0.6170800367412783,OAS1_0038_MR1_mpr-1_anon,bias,high
0.4459843039512634,0.08451196551322937,0.007213780656456947,5.303473472595215,3.0954720973968506,0.10542860627174377,0.005393709987401962,0.10542860627174377,63.18863022748162,0.9323673354128265,0.46732702351907696,0.5574346382926332,OAS1_0038_MR1_mpr-1_anon,motion,low
0.45642489194869995,0.07666619122028351,0.005924561992287636,5.991671562194824,3.015577793121338,0.10000091791152954,0.0044433604925870895,0.10000091791152954,54.174750114889704,0.9289382202274998,0.47373490306220867,0.56774408683151,OAS1_0038_MR1_mpr-1_anon,motion,medium
0.4569724500179291,0.07721186429262161,0.005993207450956106,5.956070899963379,3.008915901184082,0.10891667008399963,0.004538931883871555,0.10891667008399963,60.35887020335478,0.9221999201742372,0.4741708541914089,0.5619564328619004,OAS1_0038_MR1_mpr-1_anon,motion,high
0.07404325902462006,0.12833058834075928,0.017596643418073654,0.547690749168396,2.439751625061035,0.1262170523405075,0.008841556496918201,0.1262170523405075,113.60620212928922,0.9291119887807552,0.6103091859261989,0.6533578939220261,OAS1_0038_MR1_mpr-2_anon,original,none
0.10368531942367554,0.1672029048204422,0.029599923640489578,0.5945092439651489,2.6152219772338867,0.10485172271728516,0.0005131624639034271,0.10485172271728516,35.626802810968144,0.9880499954856229,0.5890004705020133,0.7075994542562086,OAS1_0038_MR1_mpr-2_anon,blur,low
0.13697117567062378,0.20511649549007416,0.044474270194768906,0.6372910141944885,2.8349556922912598,0.09031438082456589,0.00011296611046418548,0.09031438082456589,20.96495217715993,0.996326768536172,0.5671547782459495,0.7004586366065282,OAS1_0038_MR1_mpr-2_anon,blur,medium
0.16798463463783264,0.2380281388759613,0.05877329409122467,0.6792625784873962,3.0816051959991455,0.070925772190094,2.0710707758553326e-05,0.070925772190094,10.155196605009191,0.9987507468336816,0.5323980825515096,0.6853051437298094,OAS1_0038_MR1_mpr-2_anon,blur,high
0.07554833590984344,0.12756049633026123,0.0173952654004097,0.5699757933616638,2.6770591735839844,0.1294139325618744,0.008865650743246078,0.1294139325618744,113.80015402401196,0.9283927680728511,0.4696760867412323,0.5823447680076208,OAS1_0038_MR1_mpr-2_anon,noise,low
0.07709164917469025,0.12684105336666107,0.017204824835062027,0.592650830745697,3.0530009269714355,0.13277387619018555,0.008984635584056377,0.13277387619018555,114.58478441425397,0.9262679997750938,0.2410962518810227,0.4456238736650715,OAS1_0038_MR1_mpr-2_anon,noise,medium
0.08023888617753983,0.1255219578742981,0.01685279794037342,0.6384347677230835,3.389072895050049,0.1398060917854309,0.009489553049206734,0.1398060917854309,117.64354403626686,0.9199551919038472,0.132749131077671,0.32380450517730397,OAS1_0038_MR1_mpr-2_anon,noise,high
0.07416510581970215,0.12831783294677734,0.017589055001735687,0.548261821269989,2.4401960372924805,0.12683558464050293,0.008934092707931995,0.12683558464050293,114.30340217141544,0.9288886834754335,0.6103071798235882,0.653006233819301,OAS1_0038_MR1_mpr-2_anon,bias,low
0.07420703768730164,0.1282205879688263,0.01756078377366066,0.5486776828765869,2.4401984214782715,0.1272989809513092,0.009009822271764278,0.1272989809513092,114.79577588848039,0.9286780183511298,0.6103052242198541,0.6527490574934468,OAS1_0038_MR1_mpr-2_anon,bias,medium
0.07413053512573242,0.12791936099529266,0.017480742186307907,0.5490524768829346,2.439713716506958,0.12772351503372192,0.009093775413930416,0.12772351503372192,115.17591744217219,0.9283876980748282,0.6103037651612564,0.6524878841233048,OAS1_0038_MR1_mpr-2_anon,bias,high
0.44094350934028625,0.08361019194126129,0.007061958312988281,5.311315536499023,2.9697492122650146,0.09668432176113129,0.003672173945233226,0.09668432176113129,48.43234887216605,0.947188964491865,0.4909733661334701,0.5940865213504422,OAS1_0038_MR1_mpr-2_anon,motion,low
0.4519808292388916,0.07537529617547989,0.0057286666706204414,6.038632392883301,2.880558729171753,0.09160926938056946,0.002964337356388569,0.09160926938056946,41.064673330269606,0.9441137308874348,0.4994867062186146,0.604516000731312,OAS1_0038_MR1_mpr-2_anon,motion,medium
0.45314449071884155,0.07633882015943527,0.005858900956809521,5.974190711975098,2.8866288661956787,0.1010497510433197,0.0030625679064542055,0.1010497510433197,47.19042705461091,0.9375691710031604,0.49731170557276555,0.5942727098722485,OAS1_0038_MR1_mpr-2_anon,motion,high
0.07407887279987335,0.12878268957138062,0.01769990846514702,0.5459123849868774,2.427309513092041,0.12605702877044678,0.008931869640946388,0.12605702877044678,114.22161721622244,0.9292994941207219,0.6133261204135889,0.6559071323036403,OAS1_0038_MR1_mpr-3_anon,original,none
0.10346443951129913,0.16734762489795685,0.02964211255311966,0.5921804904937744,2.602076768875122,0.1044490858912468,0.0005098221590742469,0.1044490858912468,35.364814309512866,0.9879655870737092,0.5919987270913944,0.7090914101849057,OAS1_0038_MR1_mpr-3_anon,blur,low
0.13676175475120544,0.20539364218711853,0.04472358524799347,0.6346638202667236,2.8210413455963135,0.0900149941444397,0.00011241869651712477,0.0900149941444397,20.84616459865196,0.9962932310352246,0.5701145030306525,0.7017930658067567,OAS1_0038_MR1_mpr-3_anon,blur,medium
0.16684921085834503,0.23746585845947266,0.058529749512672424,0.6763646006584167,3.064943790435791,0.07035308331251144,2.0344779841252603e-05,0.07035308331251144,9.99248717064951,0.9987589628707689,0.5354721877065339,0.6871286297729885,OAS1_0038_MR1_mpr-3_anon,blur,high
0.07558632642030716,0.1279832422733307,0.01749158278107643,0.5681596994400024,2.667660713195801,0.12927207350730896,0.008951976895332336,0.12927207350730896,114.37973213943782,0.9286029705847154,0.47075096363122626,0.5839345927267853,OAS1_0038_MR1_mpr-3_anon,noise,low
0.0771312564611435,0.1272536814212799,0.01729476824402809,0.5908257365226746,3.046234607696533,0.1326424777507782,0.009069671854376793,0.1326424777507782,115.12568455116421,0.9265001573163125,0.24168551873828853,0.4466091698581608,OAS1_0038_MR1_mpr-3_anon,noise,medium
0.08031000196933746,0.12590689957141876,0.016934655606746674,0.6365185379981995,3.38547420501709,0.13974954187870026,0.009581532329320908,0.13974954187870026,118.2597284055224,0.9202633749567597,0.13294853114932964,0.3240408480642375,OAS1_0038_MR1_mpr-3_anon,noise,high
0.07426141202449799,0.12885287404060364,0.0177146103233099,0.5464892983436584,2.4281015396118164,0.12678439915180206,0.00904129445552826,0.12678439915180206,115.1339963426777,0.9290766426645936,0.6133241351079566,0.6555175586107794,OAS1_0038_MR1_mpr-3_anon,bias,low
0.07433683425188065,0.12879610061645508,0.017695533111691475,0.5469114184379578,2.4282941818237305,0.12731501460075378,0.0091273607686162,0.12731501460075378,115.75150337967219,0.9288704713356338,0.6133219988033656,0.6552868645328659,OAS1_0038_MR1_mpr-3_anon,bias,medium
0.07428920269012451,0.12851789593696594,0.017618609592318535,0.5472959876060486,2.4279913902282715,0.12781155109405518,0.009223067201673985,0.12781155109405518,116.2744193282782,0.9285868635637504,0.6133202862978857,0.6550174104970853,OAS1_0038_MR1_mpr-3_anon,bias,high
0.4397859573364258,0.0846637487411499,0.007243512198328972,5.231759071350098,2.9713196754455566,0.09759034961462021,0.0037867939099669456,0.09759034961462021,49.71415058210785,0.9472414115615202,0.49235760191071043,0.5944065166397745,OAS1_0038_MR1_mpr-3_anon,motion,low
0.4504871368408203,0.07595546543598175,0.005825626198202372,5.976167678833008,2.8784708976745605,0.09191812574863434,0.003018501680344343,0.09191812574863434,41.62382118374694,0.9441320213630058,0.5010230033984631,0.6053956762128603,OAS1_0038_MR1_mpr-3_anon,motion,medium
0.45333120226860046,0.07669642567634583,0.005918794311583042,5.950439453125,2.8821136951446533,0.10120400786399841,0.0031029176898300648,0.10120400786399841,47.57955824908088,0.9376208488938365,0.49917971763991326,0.5955418948944169,OAS1_0038_MR1_mpr-3_anon,motion,high
0.07578160613775253,0.14120373129844666,0.02036002092063427,0.5232433080673218,2.3526434898376465,0.13397881388664246,0.009711984544992447,0.13397881388664246,144.8547638537837,0.939693643015967,0.6369726871107273,0.676170639753972,OAS1_0039_MR1_mpr-1_anon,original,none
0.09686564654111862,0.16766482591629028,0.02868743985891342,0.5646193027496338,2.5123534202575684,0.10454200953245163,0.000554169004317373,0.10454200953245163,45.592551078048416,0.9871493888302717,0.6162631225257124,0.7253002946249225,OAS1_0039_MR1_mpr-1_anon,blur,low
0.11468634009361267,0.18570202589035034,0.034990523010492325,0.6063671112060547,2.671541690826416,0.08271941542625427,9.644894453231245e-05,0.08271941542625427,21.43165235332414,0.9952973864462997,0.5959041346465594,0.7235431847690229,OAS1_0039_MR1_mpr-1_anon,blur,medium
0.14450857043266296,0.2163807451725006,0.04741491377353668,0.6547077298164368,2.8988587856292725,0.06990586966276169,2.1432853827718645e-05,0.06990586966276169,11.571979118795957,0.9981956729694493,0.5627462469033935,0.7067744686146085,OAS1_0039_MR1_mpr-1_anon,blur,high
0.07736849784851074,0.14046448469161987,0.02015056647360325,0.5384812355041504,2.597923755645752,0.1373581886291504,0.009736992418766022,0.1373581886291504,145.14315388997397,0.9394599544747202,0.4923324322296079,0.6034586401809526,OAS1_0039_MR1_mpr-1_anon,noise,low
0.07897119969129562,0.13975831866264343,0.01994931325316429,0.5539364814758301,2.991499423980713,0.1408403068780899,0.009853016585111618,0.1408403068780899,145.87134387446386,0.938558723166608,0.2517947155347636,0.46029085906166595,OAS1_0039_MR1_mpr-1_anon,noise,medium
0.08208098262548447,0.13817386329174042,0.01949680596590042,0.5853638648986816,3.3472533226013184,0.14785921573638916,0.010317154228687286,0.14785921573638916,148.4072540881587,0.9359786732147439,0.1387041261825836,0.3332489978910096,OAS1_0039_MR1_mpr-1_anon,noise,high
0.07544146478176117,0.14087238907814026,0.020258884876966476,0.5219067931175232,2.351102590560913,0.13371509313583374,0.00968235544860363,0.13371509313583374,144.1361943263634,0.939803968848106,0.6369728078735826,0.6762114806431673,OAS1_0039_MR1_mpr-1_anon,bias,low
0.07475243508815765,0.13993343710899353,0.019985709339380264,0.5204551815986633,2.3480024337768555,0.13279962539672852,0.009569358080625534,0.13279962539672852,142.16899605545345,0.9399259281877931,0.6369732857001527,0.6764863744614682,OAS1_0039_MR1_mpr-1_anon,bias,medium
0.07307712733745575,0.13748975098133087,0.019277427345514297,0.5181295871734619,2.3405709266662598,0.13025328516960144,0.00924680009484291,0.13025328516960144,136.8883628695619,0.9401144024887728,0.6369750691632785,0.6772405103252138,OAS1_0039_MR1_mpr-1_anon,bias,high
0.46023473143577576,0.0814281702041626,0.006690289359539747,5.7067999839782715,2.8204421997070312,0.09490489959716797,0.0033462196588516235,0.09490489959716797,50.9752561083027,0.939626868386747,0.5294470568481504,0.6264838766791931,OAS1_0039_MR1_mpr-1_anon,motion,low
0.4578380882740021,0.07629011571407318,0.0058545805513858795,6.060164451599121,2.750308036804199,0.09040877223014832,0.002937495242804289,0.09040877223014832,46.795296463311885,0.9385981641269256,0.5336394930611643,0.6311571183041782,OAS1_0039_MR1_mpr-1_anon,motion,medium
0.459189236164093,0.07700556516647339,0.0059514641761779785,5.999778747558594,2.7580342292785645,0.10089077055454254,0.0029898746870458126,0.10089077055454254,52.03863381778493,0.9327400671022745,0.5355396603171851,0.622951081209522,OAS1_0039_MR1_mpr-1_anon,motion,high
0.0780937671661377,0.14269286394119263,0.02082001604139805,0.5332803130149841,2.4172892570495605,0.13704627752304077,0.010155116207897663,0.13704627752304077,147.31764681946999,0.938196881217047,0.6252698767161255,0.665903490166324,OAS1_0039_MR1_mpr-2_anon,original,none
0.09954755008220673,0.16933220624923706,0.029287518933415413,0.5753791928291321,2.578028917312622,0.10623852163553238,0.0005618600989691913,0.10623852163553238,45.927151788449756,0.9868181131109233,0.6038696573739225,0.7183487547564513,OAS1_0039_MR1_mpr-2_anon,blur,low
0.11810775101184845,0.1878681778907776,0.035862818360328674,0.6177095174789429,2.7396764755249023,0.08407405018806458,9.900509030558169e-05,0.08407405018806458,21.699288641237743,0.995283627476647,0.5834421759256766,0.7179365862422098,OAS1_0039_MR1_mpr-2_anon,blur,medium
0.14878936111927032,0.2193213403224945,0.04871489852666855,0.6660454273223877,2.972395420074463,0.07094798982143402,2.1722709789173678e-05,0.07094798982143402,11.630654488357843,0.9982335490463304,0.5500328231051548,0.7005381640434694,OAS1_0039_MR1_mpr-2_anon,blur,high
0.07966578006744385,0.14186275005340576,0.02058032527565956,0.5488925576210022,2.677367687225342,0.1403721570968628,0.010167935863137245,0.1403721570968628,147.44002793255976,0.937942458111054,0.46924084743088995,0.5872463425405922,OAS1_0039_MR1_mpr-2_anon,noise,low
0.08129686117172241,0.14111831784248352,0.020368441939353943,0.5647444128990173,3.060011386871338,0.1439034789800644,0.01029159501194954,0.1439034789800644,148.209355133655,0.9370209881873977,0.24136653504457628,0.44867348558064335,OAS1_0039_MR1_mpr-2_anon,noise,medium
0.08445413410663605,0.13945941627025604,0.019889861345291138,0.5970219373703003,3.406618595123291,0.1509878933429718,0.010779229924082756,0.1509878933429718,150.8272965973499,0.9342983580587159,0.13229108527069233,0.32329972900991416,OAS1_0039_MR1_mpr-2_anon,noise,high
0.0776861235499382,0.14221785962581635,0.02068096399307251,0.5320051908493042,2.415339469909668,0.13667134940624237,0.010108524933457375,0.13667134940624237,146.44790015127148,0.9382919442839048,0.6252698857540858,0.6659472685996026,OAS1_0039_MR1_mpr-2_anon,bias,low
0.07692786306142807,0.14118503034114838,0.020378869026899338,0.5306098461151123,2.411830425262451,0.13565334677696228,0.009978178888559341,0.13565334677696228,144.31123381969977,0.938397052317435,0.6252702305376177,0.6662425758157032,OAS1_0039_MR1_mpr-2_anon,bias,medium
0.07512092590332031,0.13856634497642517,0.01961301639676094,0.5283594131469727,2.403578519821167,0.1329163908958435,0.009621970355510712,0.1329163908958435,138.70680912990196,0.9385699627439127,0.6252722342040711,0.6670565902562593,OAS1_0039_MR1_mpr-2_anon,bias,high
0.46168938279151917,0.08227333426475525,0.006826628465205431,5.662683486938477,2.854978561401367,0.09602656960487366,0.003446688409894705,0.09602656960487366,51.14340580958946,0.940760850055598,0.5235503583928106,0.6207860018999452,OAS1_0039_MR1_mpr-2_anon,motion,low
0.4583422541618347,0.07761839032173157,0.006061295513063669,5.960013389587402,2.7902169227600098,0.09223254770040512,0.00306797306984663,0.09223254770040512,47.619792863434434,0.9394933533981286,0.5268415037040843,0.6249064642257469,OAS1_0039_MR1_mpr-2_anon,motion,medium
0.46114444732666016,0.07842009514570236,0.006171826273202896,5.915470600128174,2.7975058555603027,0.10329760611057281,0.0031423517502844334,0.10329760611057281,53.38032130821079,0.9335649374791689,0.529229532895303,0.6164333653227558,OAS1_0039_MR1_mpr-2_anon,motion,high
0.07760865241289139,0.14225426316261292,0.02068096585571766,0.5318547487258911,2.403163433074951,0.13654762506484985,0.010035835206508636,0.13654762506484985,146.79098546645224,0.9395655931526297,0.6279747902751437,0.6679093479687147,OAS1_0039_MR1_mpr-3_anon,original,none
0.09923841059207916,0.16957545280456543,0.029297558590769768,0.5733596086502075,2.5637612342834473,0.10592292249202728,0.0005568904452957213,0.10592292249202728,46.061818321078434,0.9870084505484971,0.6069045232954824,0.7188402048048004,OAS1_0039_MR1_mpr-3_anon,blur,low
0.11788628250360489,0.18810930848121643,0.03593425452709198,0.6151354908943176,2.7256221771240234,0.08407518267631531,9.848986519500613e-05,0.08407518267631531,21.910491584329044,0.9952669218635686,0.5864004413714976,0.7188869818517927,OAS1_0039_MR1_mpr-3_anon,blur,medium
0.14734616875648499,0.21793526411056519,0.04808737337589264,0.6633251905441284,2.9524714946746826,0.07050543278455734,2.1422507415991277e-05,0.07050543278455734,11.567497223498775,0.9982184162899107,0.5532250053506346,0.7023133952251839,OAS1_0039_MR1_mpr-3_anon,blur,high
0.07917159050703049,0.14143958687782288,0.0204458087682724,0.5471307039260864,2.6579627990722656,0.139886274933815,0.010056731291115284,0.139886274933815,146.99246886010263,0.9393212161112247,0.4753879580236727,0.5913093037435667,OAS1_0039_MR1_mpr-3_anon,noise,low
0.08078217506408691,0.14071190357208252,0.02023676410317421,0.5626354217529297,3.042792320251465,0.1433780938386917,0.010177496820688248,0.1433780938386917,147.7444419711244,0.9384074679235862,0.2443722759025513,0.4518219036091219,OAS1_0039_MR1_mpr-3_anon,noise,medium
0.08402200043201447,0.13919606804847717,0.019809754565358162,0.5942860245704651,3.392805337905884,0.15058259665966034,0.010682644322514534,0.15058259665966034,150.71173287185968,0.9358076947195355,0.13408848294893158,0.3258688735327301,OAS1_0039_MR1_mpr-3_anon,noise,high
0.07737049460411072,0.14209191501140594,0.020634490996599197,0.5305893421173096,2.401902914047241,0.13644394278526306,0.010027104988694191,0.13644394278526306,146.40748195274207,0.939679519419578,0.6279743062913674,0.6679537471044925,OAS1_0039_MR1_mpr-3_anon,bias,low
0.0768357589840889,0.14142173528671265,0.020443104207515717,0.5291998982429504,2.3993172645568848,0.13579687476158142,0.009947078302502632,0.13579687476158142,144.98597316367955,0.9398059686649243,0.6279743883209992,0.668123773886574,OAS1_0039_MR1_mpr-3_anon,bias,medium
0.07524366676807404,0.1391119360923767,0.019776392728090286,0.5269528031349182,2.392042875289917,0.13339650630950928,0.009633367881178856,0.13339650630950928,139.99715408624388,0.9399979803264239,0.6279759814441499,0.6688220564405087,OAS1_0039_MR1_mpr-3_anon,bias,high
0.46052247285842896,0.08191236853599548,0.006773022934794426,5.682602405548096,2.8454885482788086,0.09596613049507141,0.0034446478821337223,0.09596613049507141,51.394784964767155,0.9398974795077948,0.5254206879840646,0.6214476783768187,OAS1_0039_MR1_mpr-3_anon,motion,low
0.45636284351348877,0.07701452076435089,0.005966456141322851,5.977174758911133,2.780778408050537,0.09163068234920502,0.003029940649867058,0.09163068234920502,47.34186341528799,0.9387658711969205,0.528206248452306,0.6259944260022294,OAS1_0039_MR1_mpr-3_anon,motion,medium
0.45665213465690613,0.07814487814903259,0.006128279492259026,5.873742580413818,2.7861595153808594,0.10273605585098267,0.003103485330939293,0.10273605585098267,53.151967246859684,0.9330359249225639,0.5314810483791295,0.6175373985846496,OAS1_0039_MR1_mpr-3_anon,motion,high
0.08335371315479279,0.15551763772964478,0.025197790935635567,0.5088794827461243,2.2251029014587402,0.13965213298797607,0.0116389449685812,0.13965213298797607,144.79193761488972,0.9454548062169297,0.667750849512602,0.6989804691043209,OAS1_0040_MR1_mpr-1_anon,original,none
0.10067622363567352,0.1761975884437561,0.03224708139896393,0.5461490154266357,2.371732711791992,0.10759048908948898,0.00047952448949217796,0.10759048908948898,37.79077627144608,0.9894316788918662,0.6472342265399825,0.735781668720991,OAS1_0040_MR1_mpr-1_anon,blur,low
0.11461127549409866,0.18907445669174194,0.03671305999159813,0.5870561599731445,2.5140156745910645,0.08302547037601471,8.987159526441246e-05,0.08302547037601471,19.278578934015016,0.9959268628795682,0.6266495503829866,0.7368072138141298,OAS1_0040_MR1_mpr-1_anon,blur,medium
0.14583122730255127,0.22301311790943146,0.05063208192586899,0.6373074054718018,2.7401113510131836,0.07127209007740021,2.2780135623179376e-05,0.07127209007740021,11.775268794041054,0.9982860280902601,0.5923755908710668,0.721892876121488,OAS1_0040_MR1_mpr-1_anon,blur,high
0.08518065512180328,0.15468741953372955,0.024931684136390686,0.527171790599823,2.5517144203186035,0.14357435703277588,0.011660869233310223,0.14357435703277588,145.0441157322304,0.9450896909013962,0.4663950268109171,0.5970684659774372,OAS1_0040_MR1_mpr-1_anon,noise,low
0.08702138811349869,0.1538635492324829,0.02466675639152527,0.5456587076187134,2.959702968597412,0.14760790765285492,0.011797263287007809,0.14760790765285492,145.85947301528032,0.9440189115550841,0.24392382704533733,0.4542403867341491,OAS1_0040_MR1_mpr-1_anon,noise,medium
0.09060532599687576,0.15203838050365448,0.02408744767308235,0.5830926895141602,3.3466906547546387,0.15566638112068176,0.012342367321252823,0.15566638112068176,148.85819103764553,0.9406455013370927,0.13242810834145136,0.32064456444375644,OAS1_0040_MR1_mpr-1_anon,noise,high
0.08229561150074005,0.15419675409793854,0.024762464687228203,0.506905198097229,2.221414089202881,0.13823705911636353,0.01143270917236805,0.13823705911636353,141.97841318167895,0.9455679079007482,0.6677512665622445,0.6992841125536293,OAS1_0040_MR1_mpr-1_anon,bias,low
0.08094720542430878,0.1524238884449005,0.024180790409445763,0.5048908591270447,2.2164790630340576,0.13631033897399902,0.01115204207599163,0.13631033897399902,138.2383073395374,0.9456782103509702,0.6677520581869549,0.6997349145668142,OAS1_0040_MR1_mpr-1_anon,bias,medium
0.07863412797451019,0.1493127942085266,0.023165883496403694,0.501839280128479,2.207866907119751,0.13288551568984985,0.010652569122612476,0.13288551568984985,131.65973618451287,0.9458463155118294,0.6677536603665937,0.7005679258473563,OAS1_0040_MR1_mpr-1_anon,bias,high
0.46061503887176514,0.08610066771507263,0.007441341876983643,5.3816938400268555,2.7798566818237305,0.09340861439704895,0.003559105098247528,0.09340861439704895,44.69945427389706,0.95384697804215,0.5452685381059635,0.6377038615188695,OAS1_0040_MR1_mpr-1_anon,motion,low
0.4640343189239502,0.08587244153022766,0.007399500347673893,5.432657241821289,2.7791242599487305,0.09776449203491211,0.0035133664496243,0.09776449203491211,47.33948830997243,0.9508444256735572,0.5411409076303517,0.6307992787974399,OAS1_0040_MR1_mpr-1_anon,motion,medium
0.46047112345695496,0.08525598794221878,0.007302120327949524,5.447251319885254,2.7607812881469727,0.10594653338193893,0.00347496522590518,0.10594653338193893,52.09474954044117,0.9459025343597548,0.5429749657250683,0.6236075337881402,OAS1_0040_MR1_mpr-1_anon,motion,high
0.08305051922798157,0.1547907590866089,0.024952664971351624,0.5097863078117371,2.2226290702819824,0.13895557820796967,0.011447614058852196,0.13895557820796967,142.78817306219366,0.9452231638387595,0.6679721381091104,0.6991470805043036,OAS1_0040_MR1_mpr-2_anon,original,none
0.10067254304885864,0.17605330049991608,0.032163046300411224,0.5470384359359741,2.370965003967285,0.10742196440696716,0.0004755803965963423,0.10742196440696716,37.47603831571691,0.9894615505528204,0.6473813175331506,0.7354887714654972,OAS1_0040_MR1_mpr-2_anon,blur,low
0.11469843983650208,0.18916451930999756,0.03668373078107834,0.5877606868743896,2.5134289264678955,0.08302156627178192,8.922020060708746e-05,0.08302156627178192,19.162212656058514,0.9959633677282694,0.6267197387630639,0.7366730195946234,OAS1_0040_MR1_mpr-2_anon,blur,medium
0.14622828364372253,0.22351863980293274,0.05082961171865463,0.6379154324531555,2.740799903869629,0.07141441106796265,2.2719672415405512e-05,0.07141441106796265,11.77214594822304,0.9982919044225889,0.5922399981597086,0.7218190066365254,OAS1_0040_MR1_mpr-2_anon,blur,high
0.08486935496330261,0.15394222736358643,0.024682356044650078,0.5282219052314758,2.5483126640319824,0.14286553859710693,0.011469166725873947,0.14286553859710693,143.02451542873007,0.9448384973390982,0.4674273857088665,0.5975919769530933,OAS1_0040_MR1_mpr-2_anon,noise,low
0.08670942485332489,0.15310567617416382,0.024421805515885353,0.5468310117721558,2.955566883087158,0.14686647057533264,0.011599566787481308,0.14686647057533264,143.77712438246783,0.9437341309219277,0.24461112406171842,0.45478617695445184,OAS1_0040_MR1_mpr-2_anon,noise,medium
0.09024660289287567,0.1512693613767624,0.023830393329262733,0.5845282077789307,3.3438034057617188,0.15486809611320496,0.012132197618484497,0.15486809611320496,146.60123673981315,0.9403229954149819,0.13269581620394746,0.3211587452346704,OAS1_0040_MR1_mpr-2_anon,noise,high
0.08205938339233398,0.1535683274269104,0.024556094780564308,0.5078129768371582,2.2191686630249023,0.13764798641204834,0.011262712068855762,0.13764798641204834,140.23836933210785,0.9453336778565096,0.6679724926706841,0.6994606423109525,OAS1_0040_MR1_mpr-2_anon,bias,low
0.08051369339227676,0.15149150788784027,0.023869995027780533,0.5057990550994873,2.2134337425231934,0.13539651036262512,0.010930962860584259,0.13539651036262512,135.83806343826595,0.9454422470497272,0.6679734306501625,0.6999247976048395,OAS1_0040_MR1_mpr-2_anon,bias,medium
0.07814772427082062,0.1483023464679718,0.022833462804555893,0.5027469992637634,2.204545021057129,0.1318921446800232,0.010426077991724014,0.1318921446800232,129.17935791015628,0.9456102595199157,0.667974964839298,0.7007753014297097,OAS1_0040_MR1_mpr-2_anon,bias,high
0.4600367844104767,0.08596441149711609,0.007416923530399799,5.381984233856201,2.783403158187866,0.09329324215650558,0.0035229527857154608,0.09329324215650558,44.367946250765925,0.9540325907020931,0.5445261849356045,0.6372452967957652,OAS1_0040_MR1_mpr-2_anon,motion,low
0.4620058536529541,0.0859522819519043,0.007413594052195549,5.401142120361328,2.780695915222168,0.0978112667798996,0.0034950326662510633,0.0978112667798996,47.215636967677696,0.9510471673341139,0.5410877413022064,0.6303792352116104,OAS1_0040_MR1_mpr-2_anon,motion,medium
0.459818959236145,0.0850510448217392,0.007268737070262432,5.455313682556152,2.7615342140197754,0.10568541288375854,0.0034363893792033195,0.10568541288375854,51.666248276654414,0.9460279551737516,0.5427984119033438,0.623560688178087,OAS1_0040_MR1_mpr-2_anon,motion,high
0.08213981240987778,0.15407127141952515,0.0246712788939476,0.507585883140564,2.2168569564819336,0.13862529397010803,0.011366741731762886,0.13862529397010803,142.10485504748777,0.945413996212324,0.668622926845518,0.6998843339765972,OAS1_0040_MR1_mpr-3_anon,original,none
0.09972555190324783,0.17524726688861847,0.03183548152446747,0.5449717044830322,2.3647823333740234,0.10747705399990082,0.0004777498252224177,0.10747705399990082,37.42056956571691,0.9894479026634011,0.6480931342005394,0.7361897622452807,OAS1_0040_MR1_mpr-3_anon,blur,low
0.11348284780979156,0.18785691261291504,0.036172352731227875,0.5861103534698486,2.5064876079559326,0.08282208442687988,8.967584290076047e-05,0.08282208442687988,19.009320427389703,0.9959240258241601,0.6275091415828018,0.7375889223348009,OAS1_0040_MR1_mpr-3_anon,blur,medium
0.14455002546310425,0.22157225012779236,0.049920156598091125,0.6368635892868042,2.732516050338745,0.07101334631443024,2.2652933694189414e-05,0.07101334631443024,11.622863530177696,0.998277790042583,0.5932100843171225,0.7230151071887123,OAS1_0040_MR1_mpr-3_anon,blur,high
0.08396264910697937,0.15323156118392944,0.02440791204571724,0.5258430242538452,2.538695812225342,0.14253759384155273,0.011388460174202919,0.14253759384155273,142.36063758999694,0.9450502936101841,0.47176949316836125,0.6000145916486705,OAS1_0040_MR1_mpr-3_anon,noise,low
0.08572520315647125,0.15233731269836426,0.024122633039951324,0.5443252325057983,2.9477663040161133,0.14642556011676788,0.011496970430016518,0.14642556011676788,142.85552858838847,0.9439660713305728,0.24594119930461672,0.45621426145383775,OAS1_0040_MR1_mpr-3_anon,noise,medium
0.08941301703453064,0.15071353316307068,0.023614805191755295,0.5817527174949646,3.337672472000122,0.15461885929107666,0.01206311397254467,0.15461885929107666,146.13908655503218,0.9405582841261859,0.1334446884539543,0.32219349420403803,OAS1_0040_MR1_mpr-3_anon,noise,high
0.08132226765155792,0.1531493365764618,0.024371664971113205,0.5055688619613647,2.2140395641326904,0.13759732246398926,0.011225366964936256,0.13759732246398926,140.10696016199452,0.9455403461955596,0.6686231775323386,0.7001092565879956,OAS1_0040_MR1_mpr-3_anon,bias,low
0.08005976676940918,0.1515355110168457,0.023845301941037178,0.5035141706466675,2.2094132900238037,0.13579681515693665,0.010970335453748703,0.13579681515693665,136.65932138480395,0.9456627426835644,0.6686237298433044,0.7005294846907134,OAS1_0040_MR1_mpr-3_anon,bias,medium
0.07787793129682541,0.14862141013145447,0.02290946990251541,0.5004062652587891,2.201198101043701,0.1325596421957016,0.010512478649616241,0.1325596421957016,130.58692794500615,0.9458395168530912,0.6686251824018363,0.7013287079661179,OAS1_0040_MR1_mpr-3_anon,bias,high
0.4594272971153259,0.08578836917877197,0.007384133525192738,5.383071422576904,2.7779903411865234,0.09327028691768646,0.0035149764735251665,0.09327028691768646,44.36706662645527,0.9538641593375125,0.5454486558295223,0.6382797626289471,OAS1_0040_MR1_mpr-3_anon,motion,low
0.463287889957428,0.08596350252628326,0.0074154529720544815,5.413853168487549,2.7745776176452637,0.0980072170495987,0.003500157967209816,0.0980072170495987,47.3829008214614,0.9508599279842704,0.542594862929608,0.631333777936268,OAS1_0040_MR1_mpr-3_anon,motion,medium
0.46293944120407104,0.0845661610364914,0.007181341294199228,5.515305042266846,2.7535347938537598,0.10522917658090591,0.0034037609584629536,0.10522917658090591,51.20196987974877,0.9458493560234338,0.5440320923380759,0.6247867197603506,OAS1_0040_MR1_mpr-3_anon,motion,high
0.08292821794748306,0.1552293300628662,0.025072820484638214,0.5078320503234863,2.213948965072632,0.13891611993312836,0.011109398677945137,0.13891611993312836,139.13741455078127,0.9471549483534477,0.6702062346750998,0.700510194487818,OAS1_0040_MR1_mpr-4_anon,original,none
0.09982801228761673,0.17542411386966705,0.0319097638130188,0.5444260835647583,2.3595099449157715,0.10665130615234375,0.00046083639608696103,0.10665130615234375,36.80026831533395,0.989689463940777,0.649767248434876,0.7366630553511303,OAS1_0040_MR1_mpr-4_anon,blur,low
0.11331526935100555,0.18769554793834686,0.03614136576652527,0.5849356651306152,2.498042583465576,0.08221228420734406,8.76934063853696e-05,0.08221228420734406,18.740354769837623,0.9959817847676593,0.6292874424521392,0.7386438966996877,OAS1_0040_MR1_mpr-4_anon,blur,medium
0.14450277388095856,0.22190117835998535,0.05009280517697334,0.6350853443145752,2.722963333129883,0.07075394690036774,2.2510903363581747e-05,0.07075394690036774,11.552310479856008,0.9982956957962419,0.5950286417837967,0.7239109032007908,OAS1_0040_MR1_mpr-4_anon,blur,high
0.08474425226449966,0.15436094999313354,0.024796444922685623,0.5260439515113831,2.539822816848755,0.14282214641571045,0.011130115017294884,0.14282214641571045,139.37995701210173,0.9468004306459133,0.4697623907492008,0.5990516813260666,OAS1_0040_MR1_mpr-4_anon,noise,low
0.08655954897403717,0.15350139141082764,0.024522531777620316,0.5444549918174744,2.949498176574707,0.14679017663002014,0.011252865195274353,0.14679017663002014,140.04732247146904,0.9457493676916934,0.24569784094984937,0.4555776182527665,OAS1_0040_MR1_mpr-4_anon,noise,medium
0.09018874168395996,0.15175925195217133,0.023977573961019516,0.5817478895187378,3.3410236835479736,0.15490812063217163,0.011807543225586414,0.15490812063217163,143.16273863549327,0.9424326106230714,0.13332918914719238,0.32158210916205565,OAS1_0040_MR1_mpr-4_anon,noise,high
0.08197981119155884,0.1541077345609665,0.02470351569354534,0.5058242082595825,2.210683822631836,0.13766947388648987,0.010933004319667816,0.13766947388648987,136.71365009382663,0.9472801469632891,0.6702064498068734,0.7007744810633848,OAS1_0040_MR1_mpr-4_anon,bias,low
0.08071209490299225,0.15248870849609375,0.02417421154677868,0.5037769079208374,2.205946922302246,0.1358679234981537,0.010680986568331718,0.1358679234981537,133.3254935470282,0.9474086146635547,0.6702072221442112,0.7011857127139354,OAS1_0040_MR1_mpr-4_anon,bias,medium
0.07855291664600372,0.14963573217391968,0.023248789831995964,0.5006775856018066,2.197862148284912,0.13269418478012085,0.010239982977509499,0.13269418478012085,127.48012671377147,0.9475938509885187,0.6702084957841798,0.7019545467806634,OAS1_0040_MR1_mpr-4_anon,bias,high
0.46081048250198364,0.08552233129739761,0.007340308278799057,5.416259288787842,2.769289970397949,0.09234072268009186,0.0033704224042594433,0.09234072268009186,42.63222321155024,0.9553713291726216,0.5473901389843601,0.6387079729578924,OAS1_0040_MR1_mpr-4_anon,motion,low
0.4631957411766052,0.08625088632106781,0.007466054521501064,5.399916648864746,2.773899793624878,0.09780505299568176,0.0034138441551476717,0.09780505299568176,46.38843635110294,0.9524109784990284,0.543015830332915,0.6314336581826485,OAS1_0040_MR1_mpr-4_anon,motion,medium
0.4616016149520874,0.08517968654632568,0.007290970999747515,5.462573051452637,2.7584338188171387,0.10537794977426529,0.003334116656333208,0.10537794977426529,50.600442564721206,0.94732330387744,0.5435833949019433,0.6241189513102225,OAS1_0040_MR1_mpr-4_anon,motion,high
0.07970714569091797,0.1501125693321228,0.02418050542473793,0.4935265779495239,2.2065892219543457,0.14400988817214966,0.010991217568516731,0.14400988817214966,152.38815750421264,0.9344971269225024,0.6697279401782219,0.7024829401672592,OAS1_0041_MR1_mpr-1_anon,original,none
0.0978412926197052,0.17171937227249146,0.031295984983444214,0.5367640256881714,2.347280979156494,0.11148151010274887,0.0006265239790081978,0.11148151010274887,42.985422171798405,0.9870176219453646,0.6498272205326581,0.7380096806175979,OAS1_0041_MR1_mpr-1_anon,blur,low
0.11715107411146164,0.1922740489244461,0.038646094501018524,0.5813263654708862,2.505540370941162,0.08771476149559021,0.00011086026643170044,0.08771476149559021,20.170426192938113,0.9958885415110856,0.6290064225512941,0.7316447940805311,OAS1_0041_MR1_mpr-1_anon,blur,medium
0.14560383558273315,0.22271248698234558,0.05097999796271324,0.6311190128326416,2.7187955379486084,0.07162253558635712,2.184462391596753e-05,0.07162253558635712,10.827017511106007,0.9984344107223719,0.5951616615811075,0.7166602888434522,OAS1_0041_MR1_mpr-1_anon,blur,high
0.08146365731954575,0.14923858642578125,0.023908011615276337,0.5154967308044434,2.5149075984954834,0.14780229330062866,0.011003442108631134,0.14780229330062866,152.4606690649893,0.9337835104126609,0.48371597838410807,0.6077985644057039,OAS1_0041_MR1_mpr-1_anon,noise,low
0.08322640508413315,0.14837855100631714,0.02363668568432331,0.5377699136734009,2.924105644226074,0.15168258547782898,0.01112144161015749,0.15168258547782898,153.05373535156252,0.9318959201415908,0.25039396468676944,0.4615972027644587,OAS1_0041_MR1_mpr-1_anon,noise,medium
0.08671553432941437,0.14667074382305145,0.023092007264494896,0.5824103951454163,3.3044936656951904,0.15952253341674805,0.011635459959506989,0.15952253341674805,155.7207421396293,0.9262061389122148,0.13669859361869896,0.32823675932968455,OAS1_0041_MR1_mpr-1_anon,noise,high
0.0785507932305336,0.14848390221595764,0.023618822917342186,0.4923568665981293,2.202108860015869,0.14230750501155853,0.010742602869868279,0.14230750501155853,148.56407638250613,0.9346029361282573,0.6697284482976424,0.7027868199522426,OAS1_0041_MR1_mpr-1_anon,bias,low
0.07710294425487518,0.1464044600725174,0.0229143425822258,0.4910995364189148,2.1965296268463135,0.14005929231643677,0.010422179475426674,0.14005929231643677,143.7653554878983,0.9347044056418139,0.6697294601855245,0.7032386532117363,OAS1_0041_MR1_mpr-1_anon,bias,medium
0.07483020424842834,0.14313030242919922,0.02183590643107891,0.4890989065170288,2.1877124309539795,0.13643530011177063,0.009920535609126091,0.13643530011177063,136.34032149969363,0.9348603038267981,0.6697309536633905,0.7040554842166223,OAS1_0041_MR1_mpr-1_anon,bias,high
0.4671592116355896,0.08458147197961807,0.007195868995040655,5.551918983459473,2.7642054557800293,0.09757237136363983,0.0033275436144322157,0.09757237136363983,46.8447327856924,0.9493375694485997,0.5442194952545303,0.6402307465767383,OAS1_0041_MR1_mpr-1_anon,motion,low
0.4772777557373047,0.08290316164493561,0.006908274255692959,5.792789459228516,2.7340807914733887,0.09896738827228546,0.0031812619417905807,0.09896738827228546,47.30346320657169,0.9475160827775857,0.5444241447721514,0.6367590405860394,OAS1_0041_MR1_mpr-1_anon,motion,medium
0.4793241024017334,0.08246505260467529,0.006850801408290863,5.831189155578613,2.730203628540039,0.10630709677934647,0.003159990068525076,0.10630709677934647,51.75254001991422,0.9417774747879648,0.5435065198812148,0.6284789865326064,OAS1_0041_MR1_mpr-1_anon,motion,high
0.07958487421274185,0.14997956156730652,0.024165194481611252,0.49255526065826416,2.1968822479248047,0.1433398723602295,0.011069519445300102,0.1433398723602295,152.58454470166976,0.9335154957128137,0.6716761737061027,0.7037512053729302,OAS1_0041_MR1_mpr-2_anon,original,none
0.09870132803916931,0.17338059842586517,0.031950488686561584,0.5355642437934875,2.342719554901123,0.11236459761857986,0.0006308857118710876,0.11236459761857986,43.58910654105392,0.9870619428048186,0.6516589916378449,0.7381530323258958,OAS1_0041_MR1_mpr-2_anon,blur,low
0.11679476499557495,0.19250211119651794,0.03862755373120308,0.5798920392990112,2.4964370727539062,0.08753873407840729,0.00010932513396255672,0.08753873407840729,19.944761388442096,0.9959333934004695,0.6309404908793215,0.7323570518393864,OAS1_0041_MR1_mpr-2_anon,blur,medium
0.14501751959323883,0.22320574522018433,0.050958238542079926,0.629511296749115,2.70965313911438,0.0714598000049591,2.157008566427976e-05,0.0714598000049591,10.709325094784008,0.9984491045369265,0.5970511879964615,0.7173752524885386,OAS1_0041_MR1_mpr-2_anon,blur,high
0.08137427270412445,0.1491713523864746,0.023915575817227364,0.5144788026809692,2.503002405166626,0.14718779921531677,0.011091368272900581,0.14718779921531677,152.807406317019,0.9328270407945822,0.48748090726432897,0.6099436422540998,OAS1_0041_MR1_mpr-2_anon,noise,low
0.08319325745105743,0.14841002225875854,0.023678388446569443,0.536805272102356,2.9155595302581787,0.15115892887115479,0.011218622326850891,0.15115892887115479,153.57051511278337,0.930963241908511,0.2518311727434367,0.4629067935053819,OAS1_0041_MR1_mpr-2_anon,noise,medium
0.08665809780359268,0.1466362476348877,0.02311190403997898,0.581417977809906,3.2980599403381348,0.15894725918769836,0.011728022247552872,0.15894725918769836,156.18780577416516,0.9253642996797858,0.1376254620293164,0.32929516522362623,OAS1_0041_MR1_mpr-2_anon,noise,high
0.07890452444553375,0.14908188581466675,0.02387131005525589,0.49138909578323364,2.1943206787109375,0.1424567997455597,0.010953133925795555,0.1424567997455597,150.60644267961095,0.9336223574675167,0.6716763459506201,0.7039120853464291,OAS1_0041_MR1_mpr-2_anon,bias,low
0.07752040773630142,0.14708268642425537,0.023189984261989594,0.4901328384876251,2.1890981197357178,0.14032474160194397,0.010650843381881714,0.14032474160194397,146.0268513997396,0.9337350086469098,0.6716770316647448,0.7043255250203838,OAS1_0041_MR1_mpr-2_anon,bias,medium
0.07524460554122925,0.14380627870559692,0.022094691172242165,0.48813045024871826,2.1805238723754883,0.1367134004831314,0.010147610679268837,0.1367134004831314,138.54608178232235,0.9338922777997523,0.6716786368884697,0.7050740649955329,OAS1_0041_MR1_mpr-2_anon,bias,high
0.46144822239875793,0.0844816267490387,0.007185650989413261,5.4930925369262695,2.754171371459961,0.09670661389827728,0.0033347075805068016,0.09670661389827728,46.690158978630514,0.9493442310758792,0.546512244000525,0.6418642869331059,OAS1_0041_MR1_mpr-2_anon,motion,low
0.4793381690979004,0.08292779326438904,0.006915270816534758,5.822087287902832,2.7285637855529785,0.09856006503105164,0.003211802337318659,0.09856006503105164,47.52649572035846,0.9474177721333135,0.546131291595415,0.6377580555061134,OAS1_0041_MR1_mpr-2_anon,motion,medium
0.4792916476726532,0.08331923186779022,0.006987401284277439,5.765205383300781,2.7336158752441406,0.10702511668205261,0.003252715803682804,0.10702511668205261,53.0340971105239,0.9418067476305114,0.5439409363970391,0.6284475715439948,OAS1_0041_MR1_mpr-2_anon,motion,high
0.07993321120738983,0.15056733787059784,0.02433464303612709,0.4927271008491516,2.186677932739258,0.1425342559814453,0.0110369473695755,0.1425342559814453,151.21561398973654,0.9342014617440275,0.6742139877117328,0.705809066440864,OAS1_0041_MR1_mpr-3_anon,original,none
0.09827736020088196,0.17304499447345734,0.031784314662218094,0.5347351431846619,2.3286595344543457,0.11103786528110504,0.0006081125466153026,0.11103786528110504,42.710292681525736,0.9871158108672782,0.654307471324523,0.7399167948782992,OAS1_0041_MR1_mpr-3_anon,blur,low
0.11730141937732697,0.19382622838020325,0.039173442870378494,0.5783061981201172,2.485107183456421,0.08748725056648254,0.00010893360013142228,0.08748725056648254,20.083395445580578,0.9959318409441749,0.6336094158358809,0.7336636831394477,OAS1_0041_MR1_mpr-3_anon,blur,medium
0.14530442655086517,0.22449320554733276,0.0515727698802948,0.6272421479225159,2.6966285705566406,0.07135090231895447,2.1431718778330833e-05,0.07135090231895447,10.727954221239276,0.998457165385618,0.5998960533078432,0.7182470475778953,OAS1_0041_MR1_mpr-3_anon,blur,high
0.08172635734081268,0.1497441828250885,0.024079661816358566,0.5142792463302612,2.4952456951141357,0.14638905227184296,0.011056404560804367,0.14638905227184296,151.42913447361366,0.9335456362941281,0.48801702676636527,0.6111759578334217,OAS1_0041_MR1_mpr-3_anon,noise,low
0.083499014377594,0.1488894671201706,0.023814363405108452,0.5361359715461731,2.9077298641204834,0.15028083324432373,0.011174056679010391,0.15028083324432373,152.04968010397516,0.9317564510193355,0.25278597568023137,0.46418555259242006,OAS1_0041_MR1_mpr-3_anon,noise,medium
0.08696712553501129,0.14710697531700134,0.023244228214025497,0.5800608396530151,3.2928926944732666,0.1580701470375061,0.011672131717205048,0.1580701470375061,154.5736110313266,0.9264601329490446,0.13801668943888717,0.33005246924876147,OAS1_0041_MR1_mpr-3_anon,noise,high
0.07928420603275299,0.149732768535614,0.02405882440507412,0.49157506227493286,2.1842315196990967,0.14171884953975677,0.010929875075817108,0.14171884953975677,149.37676427504596,0.9342954892312139,0.6742142069012631,0.7059443137175353,OAS1_0041_MR1_mpr-3_anon,bias,low
0.0779171884059906,0.14776048064231873,0.023382598534226418,0.4903303384780884,2.1791982650756836,0.13965259492397308,0.010636240243911743,0.13965259492397308,144.9888030407476,0.9343821527817412,0.6742146789115812,0.7063314227014611,OAS1_0041_MR1_mpr-3_anon,bias,medium
0.07559407502412796,0.14440245926380157,0.022256983444094658,0.48834115266799927,2.1705775260925293,0.13600638508796692,0.01012747548520565,0.13600638508796692,137.50338613472735,0.9345266555499903,0.6742160783350473,0.7070694063435855,OAS1_0041_MR1_mpr-3_anon,bias,high
0.46564650535583496,0.08441560715436935,0.007173027377575636,5.5473432540893555,2.7396397590637207,0.09585234522819519,0.003317086258903146,0.09585234522819519,46.125076832490805,0.9499073826529989,0.5500249416943155,0.6442555462414261,OAS1_0041_MR1_mpr-3_anon,motion,low
0.474570631980896,0.08352819085121155,0.007017560303211212,5.7216796875,2.7232019901275635,0.0984673872590065,0.003234848380088806,0.0984673872590065,47.64079015395221,0.9480394875507148,0.5484447888400356,0.63957845543688,OAS1_0041_MR1_mpr-3_anon,motion,medium
0.47768929600715637,0.08372437208890915,0.007055210415273905,5.713680744171143,2.7199463844299316,0.10669303685426712,0.003251873655244708,0.10669303685426712,52.89626895680147,0.9423933614641491,0.5480437028811336,0.6307179570574044,OAS1_0041_MR1_mpr-3_anon,motion,high
0.07805480062961578,0.14734679460525513,0.0232698917388916,0.49233192205429077,2.1746983528137207,0.1407063603401184,0.011054915376007557,0.1407063603401184,146.48802107268693,0.9346499429443458,0.6751393696037306,0.7067371384197936,OAS1_0041_MR1_mpr-4_anon,original,none
0.09768366813659668,0.1716671884059906,0.03133615106344223,0.5349158644676208,2.3227710723876953,0.11072368174791336,0.0006138344760984182,0.11072368174791336,41.9903071384804,0.9871122893416258,0.6551923315529753,0.739647012353306,OAS1_0041_MR1_mpr-4_anon,blur,low
0.11694972217082977,0.19290554523468018,0.038843750953674316,0.5787981748580933,2.4804999828338623,0.08737048506736755,0.00010811170795932412,0.08737048506736755,20.04010751761642,0.9958832314444201,0.634235397174146,0.7332300456142091,OAS1_0041_MR1_mpr-4_anon,blur,medium
0.14585477113723755,0.22498640418052673,0.05178803205490112,0.6282120943069458,2.695786237716675,0.07173324376344681,2.157938615710009e-05,0.07173324376344681,10.928271604051776,0.9984374987786777,0.600061509108322,0.7178669208535098,OAS1_0041_MR1_mpr-4_anon,blur,high
0.07980268448591232,0.14652009308338165,0.0230184867978096,0.5136981010437012,2.469749927520752,0.1444736123085022,0.01107076182961464,0.1444736123085022,146.65044424019607,0.9339938928035325,0.4992428049001488,0.617223278413441,OAS1_0041_MR1_mpr-4_anon,noise,low
0.08148694038391113,0.1456160992383957,0.022737376391887665,0.5353747606277466,2.8854236602783203,0.14819243550300598,0.011165107600390911,0.14819243550300598,147.02379665000763,0.9322958767706899,0.2571879255568956,0.4685246310480148,OAS1_0041_MR1_mpr-4_anon,noise,medium
0.08486972749233246,0.1438288390636444,0.022172927856445312,0.5789950489997864,3.272496223449707,0.15583622455596924,0.011640161275863647,0.15583622455596924,149.4182170793122,0.9270623421573443,0.14080380288739874,0.33424102299002456,OAS1_0041_MR1_mpr-4_anon,noise,high
0.07686544209718704,0.1456661820411682,0.022697381675243378,0.491168737411499,2.170114755630493,0.13895995914936066,0.01079604122787714,0.13895995914936066,142.6684201708027,0.9347449137655928,0.6751398839270597,0.7070709595453774,OAS1_0041_MR1_mpr-4_anon,bias,low
0.07533220946788788,0.14344064891338348,0.02195538766682148,0.48991328477859497,2.1641838550567627,0.1365610659122467,0.010447542183101177,0.1365610659122467,137.6734188304228,0.9348442166262223,0.6751406979881317,0.7075529964047838,OAS1_0041_MR1_mpr-4_anon,bias,medium
0.07299960404634476,0.1400669515132904,0.020862601697444916,0.4879084527492523,2.1550540924072266,0.13283532857894897,0.009922360070049763,0.13283532857894897,130.24995571959255,0.9349896348160687,0.675142425302052,0.7083793986279903,OAS1_0041_MR1_mpr-4_anon,bias,high
0.46867474913597107,0.08357633650302887,0.007030396722257137,5.643832206726074,2.7439565658569336,0.09594380855560303,0.0034126085229218006,0.09594380855560303,45.91754772709866,0.9493105935232885,0.5484627825285151,0.6429298150556126,OAS1_0041_MR1_mpr-4_anon,motion,low
0.4694349467754364,0.08189505338668823,0.006747618317604065,5.771388053894043,2.7166154384613037,0.09724532812833786,0.003245987929403782,0.09724532812833786,46.158720607383586,0.9474439492851886,0.5481151152457194,0.6396691196129622,OAS1_0041_MR1_mpr-4_anon,motion,medium
0.4727880358695984,0.08163948357105255,0.006713832728564739,5.800549507141113,2.711242198944092,0.10466165840625763,0.003225150518119335,0.10466165840625763,50.54768473307293,0.9417897307039254,0.5476875538076599,0.6310915576771325,OAS1_0041_MR1_mpr-4_anon,motion,high
0.08867593854665756,0.14473198354244232,0.021343853324651718,0.594470739364624,2.554668426513672,0.17444705963134766,0.0218944251537323,0.17444705963134766,220.9456971411612,0.9151622467321965,0.6031641231232592,0.6326989724452072,OAS1_0042_MR1_mpr-1_anon,original,none
0.11906273663043976,0.1763533055782318,0.03191867098212242,0.6528440117835999,2.7526819705963135,0.13250592350959778,0.0008163397433236241,0.13250592350959778,48.995259602864586,0.987172787503469,0.5788931222265056,0.6678532734073248,OAS1_0042_MR1_mpr-1_anon,blur,low
0.13895153999328613,0.19383713603019714,0.03844166547060013,0.6989712715148926,2.900197982788086,0.09674596786499023,0.00010620251123327762,0.09674596786499023,19.753830374923407,0.9959479001315168,0.555987301736305,0.6679143939765347,OAS1_0042_MR1_mpr-1_anon,blur,medium
0.17029514908790588,0.22260919213294983,0.050764456391334534,0.7483043670654297,3.1148509979248047,0.0773640125989914,1.8276045011589304e-05,0.0773640125989914,10.693139648437501,0.9984001718976915,0.5191107560327484,0.6562655713660532,OAS1_0042_MR1_mpr-1_anon,blur,high
0.09038928896188736,0.14381152391433716,0.021075494587421417,0.6108570098876953,2.8625688552856445,0.17804695665836334,0.021910089999437332,0.17804695665836334,221.23012348249847,0.9147775402411189,0.4048742018927989,0.532917655438746,OAS1_0042_MR1_mpr-1_anon,noise,low
0.09209804981946945,0.14286789298057556,0.020803537219762802,0.6274688243865967,3.2190372943878174,0.18167640268802643,0.02203887701034546,0.18167640268802643,221.8899662990196,0.9135194183928461,0.21532235868576055,0.4077377316230897,OAS1_0042_MR1_mpr-1_anon,noise,medium
0.09538134932518005,0.14078089594841003,0.020204555243253708,0.6614159345626831,3.561150074005127,0.1887933313846588,0.022524835541844368,0.1887933313846588,224.2662085439645,0.9102192665222819,0.11648511037490271,0.28705033784609507,OAS1_0042_MR1_mpr-1_anon,noise,high
0.08849924802780151,0.14456510543823242,0.02129899151623249,0.5938454866409302,2.5541296005249023,0.17463085055351257,0.02199995331466198,0.17463085055351257,221.5097948261336,0.9147524220922773,0.6031626250670694,0.6326656820016131,OAS1_0042_MR1_mpr-1_anon,bias,low
0.0879998505115509,0.14395585656166077,0.02112765982747078,0.5930496454238892,2.551945686340332,0.17412447929382324,0.021945565938949585,0.17412447929382324,220.50566980698534,0.9143797146644917,0.6031621881145972,0.6327835023642872,OAS1_0042_MR1_mpr-1_anon,bias,medium
0.086366206407547,0.14178626239299774,0.02049071528017521,0.5916078090667725,2.544769763946533,0.17161226272583008,0.021439027041196823,0.17161226272583008,214.75503528071388,0.9138898206445341,0.6031631144160572,0.6332571619589544,OAS1_0042_MR1_mpr-1_anon,bias,high
0.42616555094718933,0.08483172953128815,0.007220728322863579,5.042661666870117,3.037381649017334,0.11874400824308395,0.007443204987794161,0.11874400824308395,75.68263633578431,0.9187019377289891,0.4893571841855282,0.5694875246591283,OAS1_0042_MR1_mpr-1_anon,motion,low
0.4636644124984741,0.07954145967960358,0.006362231448292732,5.875568389892578,2.9673452377319336,0.11399521678686142,0.006624963134527206,0.11399521678686142,70.07422186159621,0.9165325442046497,0.4946922427684225,0.5762497504059225,OAS1_0042_MR1_mpr-1_anon,motion,medium
0.46973589062690735,0.08008982241153717,0.006447200663387775,5.9033637046813965,2.9753575325012207,0.12357620894908905,0.006596628576517105,0.12357620894908905,75.41390213311888,0.9101659780080549,0.49455205167709554,0.5691004263109489,OAS1_0042_MR1_mpr-1_anon,motion,high
0.08870992064476013,0.14528730511665344,0.021516181528568268,0.5923024415969849,2.5316717624664307,0.17396686971187592,0.022203641012310982,0.17396686971187592,221.8579929725797,0.9157192751087178,0.6082795808525474,0.637009803777707,OAS1_0042_MR1_mpr-2_anon,original,none
0.11886674165725708,0.17677778005599976,0.03210298717021942,0.649977445602417,2.7286629676818848,0.13204199075698853,0.0008097032550722361,0.13204199075698853,48.55385885799633,0.9873244895699009,0.5840408399363692,0.6697454128452194,OAS1_0042_MR1_mpr-2_anon,blur,low
0.13874101638793945,0.1946967989206314,0.03878438472747803,0.6954983472824097,2.8756649494171143,0.09671759605407715,0.00010639686661306769,0.09671759605407715,19.7714937097886,0.9959735679764843,0.5610134871394374,0.6696367015791012,OAS1_0042_MR1_mpr-2_anon,blur,medium
0.17085547745227814,0.22481770813465118,0.05177178978919983,0.7443037629127502,3.093128204345703,0.07784970104694366,1.8490143702365458e-05,0.07784970104694366,10.81186164407169,0.9984079026591675,0.5239360398527098,0.6571462349126008,OAS1_0042_MR1_mpr-2_anon,blur,high
0.09038764983415604,0.1442960947751999,0.02122420072555542,0.6086922287940979,2.8412556648254395,0.17751076817512512,0.022198284044861794,0.17751076817512512,221.96041116153492,0.9153269570296674,0.40946741797534253,0.5368745113361663,OAS1_0042_MR1_mpr-2_anon,noise,low
0.09218746423721313,0.14345990121364594,0.02098434418439865,0.6253541111946106,3.2039859294891357,0.1813081055879593,0.022351065650582314,0.1813081055879593,222.86700104358147,0.9140802805790027,0.21698695636939896,0.4097822728011091,OAS1_0042_MR1_mpr-2_anon,noise,medium
0.09539157152175903,0.1412312388420105,0.020337972790002823,0.6593429446220398,3.5506508350372314,0.1882978081703186,0.022806420922279358,0.1882978081703186,224.84383676566333,0.9107599994702839,0.11747299163015681,0.28870077274571365,OAS1_0042_MR1_mpr-2_anon,noise,high
0.08824723958969116,0.14469575881958008,0.02133767306804657,0.5916546583175659,2.5298879146575928,0.1735701858997345,0.022158317267894745,0.1735701858997345,220.89852151309748,0.9153259497196892,0.6082779050731757,0.6370793374042443,OAS1_0042_MR1_mpr-2_anon,bias,low
0.0875011533498764,0.14371788501739502,0.02104828506708145,0.5908377170562744,2.5266802310943604,0.1725972294807434,0.021979868412017822,0.1725972294807434,218.63207433363974,0.9149707558316407,0.6082775942692829,0.6372380487603148,OAS1_0042_MR1_mpr-2_anon,bias,medium
0.08564236760139465,0.1412377953529358,0.020312190055847168,0.58936607837677,2.518690824508667,0.16965869069099426,0.021354710683226585,0.16965869069099426,211.7554294960172,0.9145012512925692,0.6082778850678772,0.6377576710714532,OAS1_0042_MR1_mpr-2_anon,bias,high
0.42646604776382446,0.084543377161026,0.0071698823012411594,5.061864376068115,3.006598949432373,0.11771155893802643,0.007462585344910622,0.11771155893802643,75.09881783279718,0.91892354798468,0.49671949582330055,0.5740134837849575,OAS1_0042_MR1_mpr-2_anon,motion,low
0.4658775329589844,0.0799516811966896,0.00643242709338665,5.881954193115234,2.9517838954925537,0.11407226324081421,0.006743535399436951,0.11407226324081421,70.72492556104474,0.9167069890197725,0.49976810674014693,0.5794369865257909,OAS1_0042_MR1_mpr-2_anon,motion,medium
0.4681505262851715,0.07999381422996521,0.006433139555156231,5.891733169555664,2.954115390777588,0.1228274255990982,0.0066199107095599174,0.1228274255990982,74.978582165288,0.9104189307312069,0.5001873142553677,0.5728014524266021,OAS1_0042_MR1_mpr-2_anon,motion,high
0.08874279260635376,0.14275097846984863,0.02075488306581974,0.6039096117019653,2.5787882804870605,0.17045146226882935,0.020254652947187424,0.17045146226882935,207.97409500421264,0.9173220232697541,0.5975562780873558,0.627594233355788,OAS1_0042_MR1_mpr-3_anon,original,none
0.11949747800827026,0.17539280652999878,0.031482525169849396,0.6604025363922119,2.778324604034424,0.1299397051334381,0.0007553594768978655,0.1299397051334381,47.10782231349572,0.9874594594429751,0.573242327798237,0.6637421863873675,OAS1_0042_MR1_mpr-3_anon,blur,low
0.14065565168857574,0.19435295462608337,0.0386483296751976,0.7055407762527466,2.9287405014038086,0.09651660919189453,0.00010353042307542637,0.09651660919189453,19.5507843615962,0.9960300945436418,0.5503015951611507,0.6641804260996225,OAS1_0042_MR1_mpr-3_anon,blur,medium
0.1711149513721466,0.22132575511932373,0.05020630359649658,0.7547366619110107,3.1393332481384277,0.07709317654371262,1.7800979549065232e-05,0.07709317654371262,10.526935173483455,0.99840983962988,0.5136803992330863,0.6534143436686579,OAS1_0042_MR1_mpr-3_anon,blur,high
0.09041519463062286,0.14177310466766357,0.02047492191195488,0.6204676628112793,2.883523464202881,0.1739685982465744,0.02026405930519104,0.1739685982465744,208.20230305989585,0.9169134516569268,0.4016368440552315,0.5289414714155188,OAS1_0042_MR1_mpr-3_anon,noise,low
0.09204839169979095,0.14076146483421326,0.0201813206076622,0.637283205986023,3.237516403198242,0.17745742201805115,0.0203670896589756,0.17745742201805115,208.56955267214306,0.9156745271867464,0.21332337629049117,0.4045555323778759,OAS1_0042_MR1_mpr-3_anon,noise,medium
0.09543738514184952,0.13888099789619446,0.019649766385555267,0.6716521978378296,3.578511953353882,0.1847655177116394,0.02091332897543907,0.1847655177116394,211.47404162837012,0.912326544058089,0.11528511471806802,0.2849764606474293,OAS1_0042_MR1_mpr-3_anon,noise,high
0.08854939043521881,0.14256876707077026,0.02070588804781437,0.6032513380050659,2.5781850814819336,0.17054696381092072,0.020311804488301277,0.17054696381092072,208.15266113281254,0.916981342581169,0.5975548434660688,0.6275327497306787,OAS1_0042_MR1_mpr-3_anon,bias,low
0.08808732032775879,0.14202070236206055,0.020550517365336418,0.6024118661880493,2.5762510299682617,0.1700967252254486,0.020253585651516914,0.1700967252254486,207.16984193091304,0.9166813252233836,0.5975542852582704,0.6276393515620352,OAS1_0042_MR1_mpr-3_anon,bias,medium
0.08717940747737885,0.14095112681388855,0.020253755152225494,0.6008902788162231,2.5723700523376465,0.16896525025367737,0.020081907510757446,0.16896525025367737,204.87033308440564,0.9162955145626264,0.5975532800165546,0.6278673702677554,OAS1_0042_MR1_mpr-3_anon,bias,high
0.42935216426849365,0.0856378823518753,0.007360838353633881,5.0284199714660645,3.0597801208496094,0.11864220350980759,0.007247251458466053,0.11864220350980759,74.92764701095282,0.9213304089336004,0.48644675945606114,0.5648752703124982,OAS1_0042_MR1_mpr-3_anon,motion,low
0.4524347484111786,0.08038602769374847,0.0064938426949083805,5.667947292327881,2.996516466140747,0.11326591670513153,0.0063928416930139065,0.11326591670513153,68.96401295381435,0.9194018660329404,0.48927842796511556,0.5712778777415741,OAS1_0042_MR1_mpr-3_anon,motion,medium
0.4623103141784668,0.08013557642698288,0.006460005883127451,5.806800842285156,3.0009875297546387,0.12206202745437622,0.006239887792617083,0.12206202745437622,73.04867398131128,0.9129870542598104,0.488814410800243,0.5640895591455604,OAS1_0042_MR1_mpr-3_anon,motion,high
0.08894500136375427,0.14508987963199615,0.02146218530833721,0.5949116945266724,2.537055015563965,0.1735266149044037,0.021346114575862885,0.1735266149044037,215.99658442478557,0.9172327108231183,0.6070291889387465,0.6357021703215302,OAS1_0042_MR1_mpr-4_anon,original,none
0.11951196938753128,0.17759448289871216,0.03231237083673477,0.6517587900161743,2.734177827835083,0.13215133547782898,0.0008008226868696511,0.13215133547782898,48.49441683900123,0.9874894676094942,0.5829787829656988,0.6685626805613902,OAS1_0042_MR1_mpr-4_anon,blur,low
0.13978558778762817,0.1955542266368866,0.039137594401836395,0.6967843770980835,2.880268096923828,0.09676823765039444,0.00010630798351485282,0.09676823765039444,19.74058837890625,0.9960308374840626,0.5601797329345639,0.668641384459855,OAS1_0042_MR1_mpr-4_anon,blur,medium
0.17099298536777496,0.22410957515239716,0.05144669488072395,0.7453322410583496,3.0947728157043457,0.07736948877573013,1.819541648728773e-05,0.07736948877573013,10.678337785309438,0.9984141766692076,0.5234651685222074,0.6572508687881276,OAS1_0042_MR1_mpr-4_anon,blur,high
0.09058824181556702,0.14403356611728668,0.021152202039957047,0.611328125,2.8465123176574707,0.17699797451496124,0.021331338211894035,0.17699797451496124,215.95563462201287,0.9168427115125659,0.40814806239863505,0.5355314050404939,OAS1_0042_MR1_mpr-4_anon,noise,low
0.09229683876037598,0.14307232201099396,0.02087303251028061,0.6279865503311157,3.207026481628418,0.18064090609550476,0.021445196121931076,0.18064090609550476,216.50208895814183,0.9156235512882998,0.21684132190215766,0.4093426199709651,OAS1_0042_MR1_mpr-4_anon,noise,medium
0.09570162743330002,0.14115573465824127,0.020318325608968735,0.6619943976402283,3.5556609630584717,0.1880364865064621,0.02200474590063095,0.1880364865064621,219.5686887254902,0.9123159225501589,0.11705400380637032,0.2879307448802067,OAS1_0042_MR1_mpr-4_anon,noise,high
0.08842732757329941,0.14442962408065796,0.0212678425014019,0.5942327976226807,2.5348892211914062,0.1730048805475235,0.02127169445157051,0.1730048805475235,214.72179170496327,0.9168942717231372,0.6070285995543926,0.6357854186136973,OAS1_0042_MR1_mpr-4_anon,bias,low
0.08763110637664795,0.14338761568069458,0.02096077986061573,0.5933737754821777,2.5314483642578125,0.17192485928535461,0.02107543684542179,0.17192485928535461,212.26513624004292,0.9165869892502827,0.6070285211483096,0.6359937093820845,OAS1_0042_MR1_mpr-4_anon,bias,medium
0.08585377037525177,0.1410028338432312,0.020259540528059006,0.5918247699737549,2.5237927436828613,0.16913612186908722,0.020517107099294662,0.16913612186908722,205.96875119676778,0.9162012928185415,0.6070292903424152,0.6365067970320584,OAS1_0042_MR1_mpr-4_anon,bias,high
0.4257846474647522,0.08442127704620361,0.0071509722620248795,5.057044982910156,3.0202722549438477,0.11747078597545624,0.007218937389552593,0.11747078597545624,73.58669816559437,0.9203016365211023,0.4930488879420324,0.5724223360918592,OAS1_0042_MR1_mpr-4_anon,motion,low
0.4615626335144043,0.08031536638736725,0.006483345292508602,5.794888019561768,2.9658894538879395,0.11439432203769684,0.0066114263609051704,0.11439432203769684,70.25437681908701,0.9178534964585487,0.4963308002748653,0.577004949287582,OAS1_0042_MR1_mpr-4_anon,motion,medium
0.46728184819221497,0.0794219970703125,0.00634636590257287,5.927253723144531,2.962336540222168,0.12162934243679047,0.006316045764833689,0.12162934243679047,72.6959929821538,0.9119581725418686,0.49678248276082837,0.5709001369669062,OAS1_0042_MR1_mpr-4_anon,motion,high
